metric,channel,center,band_lo,band_hi,n,n_low,n_high,n_ratings,r,p_pearson,cohens_d,logit_beta,p_logit_cluster
nrs,ONE_THREE_LEFT,6.5,4.0,9.0,90,34,45,47,-0.4390800135519446,1.496222236357316e-05,-0.899001,-1.7185274761097658,0.03828733404102616
nrs,ONE_THREE_LEFT,7.5,5.0,10.0,90,34,45,47,-0.43482515944569416,1.8477389065173392e-05,-0.83598906,-1.584769675947291,0.04437873586089733
nrs,ONE_THREE_LEFT,8.5,6.0,11.0,90,34,45,47,-0.4147105402365115,4.826452926747473e-05,-0.79579616,-1.3740103426562913,0.040051272852486004
nrs,ONE_THREE_LEFT,9.5,7.0,12.0,90,34,45,47,-0.41115603322153804,5.683302088605912e-05,-0.7413806,-1.190494575839121,0.0473415369526195
nrs,ONE_THREE_LEFT,10.5,8.0,13.0,90,34,45,47,-0.3776534578289058,0.00024300291811621608,-0.6638965,-1.051211685566304,0.06264749128506274
nrs,ONE_THREE_LEFT,11.5,9.0,14.0,90,34,45,47,-0.33673185878156336,0.0011737319973418286,-0.5489449,-0.8380765048262508,0.1112739780054464
nrs,ONE_THREE_LEFT,12.5,10.0,15.0,90,34,45,47,-0.31671652362740427,0.002355284700301956,-0.5340998,-0.8336385519469389,0.118531909332384
nrs,ONE_THREE_LEFT,13.5,11.0,16.0,90,34,45,47,-0.2979022845109912,0.004348688282157452,-0.48152047,-0.7253948164664573,0.14082880612123128
nrs,ONE_THREE_LEFT,14.5,12.0,17.0,90,34,45,47,-0.2567389436101606,0.014578404249203012,-0.40687993,-0.6336353342059377,0.17856187696743764
nrs,ONE_THREE_LEFT,15.5,13.0,18.0,90,34,45,47,-0.21351779854428873,0.04331508288598511,-0.3137281,-0.5025101473279484,0.2715757016262508
nrs,ONE_THREE_LEFT,16.5,14.0,19.0,90,34,45,47,-0.21694964307534023,0.039982809002468526,-0.341485,-0.5710499220385573,0.23554634616712256
nrs,ONE_THREE_LEFT,17.5,15.0,20.0,90,34,45,47,-0.1936411284401767,0.06744272468725014,-0.30030003,-0.4999941002610428,0.2811953127065776
nrs,ONE_THREE_LEFT,18.5,16.0,21.0,90,34,45,47,-0.14415141804483675,0.17525329967644435,-0.15218563,-0.24794238287679926,0.5836160531243418
nrs,ONE_THREE_LEFT,19.5,17.0,22.0,90,34,45,47,-0.1029756354878186,0.3341304833624131,-0.095769964,-0.16573750461440884,0.7304276659208289
nrs,ONE_THREE_LEFT,20.5,18.0,23.0,90,34,45,47,-0.06988113495718618,0.5127997592365559,-0.049410067,-0.0826853334100937,0.8643716821299472
nrs,ONE_THREE_LEFT,21.5,19.0,24.0,90,34,45,47,0.035430970963113095,0.7402417102082769,0.122427195,0.20036116506265272,0.6628012819889573
nrs,ONE_THREE_LEFT,22.5,20.0,25.0,90,34,45,47,0.09165451665087093,0.39024837135824386,0.23215446,0.3782844990618543,0.4125123608197796
nrs,ONE_THREE_LEFT,23.5,21.0,26.0,90,34,45,47,0.1097398956891448,0.30317668676622106,0.21039328,0.3332497786122445,0.4745142864399773
nrs,ONE_THREE_LEFT,24.5,22.0,27.0,90,34,45,47,0.11694413229458812,0.2723386636834413,0.19547205,0.29754579741964743,0.5111026226531439
nrs,ONE_THREE_LEFT,25.5,23.0,28.0,90,34,45,47,0.08902501467129477,0.40404533210785226,0.13635527,0.20068585249135915,0.6437520784462529
nrs,ONE_THREE_LEFT,26.5,24.0,29.0,90,34,45,47,0.0678697305435421,0.52503586181466,0.08323105,0.12135434839211658,0.7798414115388448
nrs,ONE_THREE_LEFT,27.5,25.0,30.0,90,34,45,47,0.0015358894314757249,0.9885371423048444,-0.055478267,-0.08322636845345448,0.8526424956235078
nrs,ONE_THREE_LEFT,28.5,26.0,31.0,90,34,45,47,-0.01538548138769177,0.8855575611497284,-0.076579124,-0.11624886718678007,0.7981023375669061
nrs,ONE_THREE_LEFT,29.5,27.0,32.0,90,34,45,47,-0.04866589012359002,0.6487484336710541,-0.12792714,-0.19962409961828403,0.6790941520213578
nrs,ONE_THREE_LEFT,30.5,28.0,33.0,90,34,45,47,-0.06657725142132599,0.5329752591640332,-0.14483444,-0.2176222469720007,0.6371302660917114
nrs,ONE_THREE_LEFT,31.5,29.0,34.0,90,34,45,47,-0.10748847732698205,0.3132642971052704,-0.22021228,-0.33951814478933645,0.47934931364603406
nrs,ONE_THREE_LEFT,32.5,30.0,35.0,90,34,45,47,-0.1269198580038506,0.2332360612941723,-0.24572587,-0.40225350300042456,0.45658089082093034
nrs,ONE_THREE_LEFT,33.5,31.0,36.0,90,34,45,47,-0.1661992494037178,0.11744832446696017,-0.33950257,-0.5437893655785412,0.3148600036077759
nrs,ONE_THREE_LEFT,34.5,32.0,37.0,90,34,45,47,-0.21880346524922942,0.038273532549371915,-0.46422058,-0.7063473286609842,0.17583504758756874
nrs,ONE_THREE_LEFT,35.5,33.0,38.0,90,34,45,47,-0.25912854245308004,0.013654473361103368,-0.5623458,-0.9056592586581632,0.1147417664766996
nrs,ONE_THREE_LEFT,36.5,34.0,39.0,90,34,45,47,-0.31734452143365083,0.00230599135536422,-0.68619484,-1.1497331376569333,0.048463318659391484
nrs,ONE_THREE_LEFT,37.5,35.0,40.0,90,34,45,47,-0.2750253486276628,0.008704536829665394,-0.6138718,-1.0338304443287054,0.06352101332449313
nrs,ONE_THREE_LEFT,38.5,36.0,41.0,90,34,45,47,-0.29745042440993646,0.004411092282855719,-0.58072364,-0.9705459136337289,0.07951023283268338
nrs,ONE_THREE_LEFT,39.5,37.0,42.0,90,34,45,47,-0.25727335044908417,0.014367203844510417,-0.43753532,-0.7582298554903314,0.18293220585333236
nrs,ONE_THREE_LEFT,40.5,38.0,43.0,90,34,45,47,-0.23485066640018779,0.025873412187551716,-0.439065,-0.7169714492174482,0.19485902370845032
nrs,ONE_THREE_LEFT,41.5,39.0,44.0,90,34,45,47,-0.2166269678879854,0.04028673225835731,-0.3763839,-0.5738210670457776,0.22606885646996921
nrs,ONE_THREE_LEFT,42.5,40.0,45.0,90,34,45,47,-0.22210415661299765,0.03538132925454707,-0.3450645,-0.5312040256433618,0.2740631914203332
nrs,ONE_THREE_LEFT,43.5,41.0,46.0,90,34,45,47,-0.24617464290096863,0.01934118811043182,-0.47189382,-0.7535283896334815,0.12887464526008724
nrs,ONE_THREE_LEFT,44.5,42.0,47.0,90,34,45,47,-0.3139512151322963,0.0025838124839489725,-0.61236924,-0.9837498331157991,0.04903026926147355
nrs,ONE_THREE_LEFT,45.5,43.0,48.0,90,34,45,47,-0.3033138889760454,0.0036601549486236546,-0.59830815,-0.9311790149324985,0.05351393730371419
nrs,ONE_THREE_LEFT,46.5,44.0,49.0,90,34,45,47,-0.3016779780022215,0.003857231819507739,-0.6023471,-0.9057672962652389,0.06918717620678026
nrs,ONE_THREE_LEFT,47.5,45.0,50.0,90,34,45,47,-0.35224966996999535,0.0006620236381653156,-0.72332865,-1.0417943482726062,0.037124833930317805
nrs,ONE_THREE_LEFT,48.5,46.0,51.0,90,34,45,47,-0.3125204097400867,0.002709711498188626,-0.63626677,-0.8800252524308728,0.07029259776549042
nrs,ONE_THREE_LEFT,49.5,47.0,52.0,90,34,45,47,-0.2942828715566754,0.004871398757909206,-0.58881456,-0.7867848375865191,0.08931132587592405
nrs,ONE_THREE_LEFT,50.5,48.0,53.0,90,34,45,47,-0.32775699474346154,0.0016132366219942333,-0.63101494,-0.8613521065377449,0.0928009850003959
nrs,ONE_THREE_LEFT,51.5,49.0,54.0,90,34,45,47,-0.333877623945557,0.0013000027640417088,-0.6581577,-0.913672400477879,0.06444810310594733
nrs,ONE_THREE_LEFT,52.5,50.0,55.0,90,34,45,47,-0.3270495396026559,0.0016535299182940935,-0.6491868,-0.9045644701139036,0.06238244364033467
nrs,ONE_THREE_LEFT,53.5,51.0,56.0,90,34,45,47,-0.39706122121638415,0.0001067316257937568,-0.75135887,-1.0735911227758763,0.025112948322494413
nrs,ONE_THREE_LEFT,54.5,52.0,57.0,90,34,45,47,-0.4144853506113432,4.8769481138355286e-05,-0.79795617,-1.1726561713870196,0.01269407460647493
nrs,ONE_THREE_LEFT,55.5,53.0,58.0,90,34,45,47,-0.393683332335324,0.00012361890749555156,-0.7528065,-1.2166507779504487,0.014905492015190949
nrs,ONE_THREE_LEFT,56.5,54.0,59.0,90,34,45,47,-0.4175272665752678,4.234649054535806e-05,-0.7649765,-1.2682136121234817,0.01702304871536572
nrs,ONE_THREE_LEFT,57.5,55.0,60.0,90,34,45,47,-0.43962418407544057,1.4560842915239978e-05,-0.8143646,-1.4726278903759964,0.01593828543009169
nrs,ONE_THREE_LEFT,58.5,56.0,61.0,90,34,45,47,-0.4169780362855161,4.344447890799934e-05,-0.76924235,-1.3434064969828845,0.024895959591372373
nrs,ONE_THREE_LEFT,59.5,57.0,62.0,90,34,45,47,-0.4105966323228009,5.83039210670785e-05,-0.7432593,-1.2697814140032249,0.02451001329689253
nrs,ONE_THREE_LEFT,60.5,58.0,63.0,90,34,45,47,-0.3962809982862229,0.00011043040609701871,-0.7233314,-1.1043203850177286,0.025747535626824164
nrs,ONE_THREE_LEFT,61.5,59.0,64.0,90,34,45,47,-0.3777447480064815,0.00024209294534838956,-0.7326471,-1.1971561440653344,0.032111670946582856
nrs,ONE_THREE_LEFT,62.5,60.0,65.0,90,34,45,47,-0.34231402881773854,0.0009584365162249118,-0.68712056,-1.1549407880579836,0.05223634158059807
nrs,ONE_THREE_LEFT,63.5,61.0,66.0,90,34,45,47,-0.3230546189937753,0.001898628985605394,-0.6661985,-1.1481300139412023,0.08341688898045137
nrs,ONE_THREE_LEFT,64.5,62.0,67.0,90,34,45,47,-0.31126622767193096,0.002824570420844184,-0.6235162,-1.036854281170901,0.07546654575323122
nrs,ONE_THREE_LEFT,65.5,63.0,68.0,90,34,45,47,-0.31396794850100945,0.002582371714417022,-0.63227445,-1.147146391887584,0.07032134632037143
nrs,ONE_THREE_LEFT,66.5,64.0,69.0,90,34,45,47,-0.3059927298250831,0.0033568091040923143,-0.58984756,-1.1127310296693054,0.10994675618628287
nrs,ONE_THREE_LEFT,67.5,65.0,70.0,90,34,45,47,-0.2884639745601089,0.0058293830400859056,-0.55485946,-1.0143985238298114,0.09477303377706488
nrs,ONE_THREE_LEFT,68.5,66.0,71.0,90,34,45,47,-0.2893720501234662,0.0056696801889701606,-0.5165184,-0.949747104968521,0.0806081559897606
nrs,ONE_THREE_LEFT,69.5,67.0,72.0,90,34,45,47,-0.24205129397151134,0.021533679637137464,-0.44905517,-0.8742244910916911,0.1455344040780195
nrs,ONE_THREE_LEFT,70.5,68.0,73.0,90,34,45,47,-0.26569726845217917,0.011371829860558827,-0.44481352,-0.8439398803189623,0.14527808800819048
nrs,ONE_THREE_LEFT,71.5,69.0,74.0,90,34,45,47,-0.3055661607445305,0.0034035538858965507,-0.5050578,-0.9717108255851031,0.08276631031112033
nrs,ONE_THREE_LEFT,72.5,70.0,75.0,90,34,45,47,-0.25271464162738905,0.016257013336627647,-0.34858218,-0.666906857784814,0.23540483050815997
nrs,ONE_THREE_LEFT,73.5,71.0,76.0,90,34,45,47,-0.2855202108172574,0.006374847365154951,-0.45106962,-0.8751578588971533,0.12276110640954747
nrs,ONE_THREE_LEFT,74.5,72.0,77.0,90,34,45,47,-0.25336057223311576,0.015976832115917453,-0.40590888,-0.7764364983515757,0.14734765699858385
nrs,ONE_THREE_LEFT,75.5,73.0,78.0,90,34,45,47,-0.23658280236769816,0.024766788197856524,-0.3888219,-0.736204571614909,0.1574386635570053
nrs,ONE_THREE_LEFT,76.5,74.0,79.0,90,34,45,47,-0.20319598055866347,0.05475311191247847,-0.3843754,-0.7771991279718622,0.17139871215484448
nrs,ONE_THREE_LEFT,77.5,75.0,80.0,90,34,45,47,-0.19658447883013375,0.0633026263844942,-0.39537674,-0.7889419941031293,0.16667247745472624
nrs,ONE_THREE_LEFT,78.5,76.0,81.0,90,34,45,47,-0.08953214044243935,0.4013623527728983,-0.22083315,-0.43011885166247094,0.4383844542471186
nrs,ONE_THREE_LEFT,79.5,77.0,82.0,90,34,45,47,-0.16275167705405094,0.12536124983146768,-0.3764609,-0.7167165642803481,0.15899132154052464
nrs,ONE_THREE_LEFT,80.5,78.0,83.0,90,34,45,47,-0.1691771156153931,0.11092859162814053,-0.38801253,-0.7240193862221084,0.13687418195822365
nrs,ONE_THREE_LEFT,81.5,79.0,84.0,90,34,45,47,-0.1683415301219875,0.11272899911843282,-0.39030382,-0.7067353433638781,0.15947206671841785
nrs,ONE_THREE_LEFT,82.5,80.0,85.0,90,34,45,47,-0.18229585396232378,0.0854911359865762,-0.44371337,-0.8979441032631545,0.08938292090619482
nrs,ONE_THREE_LEFT,83.5,81.0,86.0,90,34,45,47,-0.2156899672577987,0.041180212321099245,-0.4994735,-1.0793319526631457,0.06108551198944319
nrs,ONE_THREE_LEFT,84.5,82.0,87.0,90,34,45,47,-0.19254758091164315,0.06903560840775369,-0.4144443,-0.8863228284997393,0.1368223107582942
nrs,ONE_THREE_LEFT,85.5,83.0,88.0,90,34,45,47,-0.18462713582369256,0.08149919839277864,-0.420846,-0.9404740499673953,0.09984316773248131
nrs,ONE_THREE_LEFT,86.5,84.0,89.0,90,34,45,47,-0.18320874492571781,0.0839098444267316,-0.3926351,-0.793350337523733,0.08575984935021781
nrs,ONE_THREE_LEFT,87.5,85.0,90.0,90,34,45,47,-0.1775996164548889,0.09400343675529944,-0.34737697,-0.6589934368125876,0.12796876910611166
nrs,ONE_THREE_LEFT,88.5,86.0,91.0,90,34,45,47,-0.14656569591808413,0.1680598832751993,-0.30948237,-0.6540683277551667,0.2015339221148339
nrs,ONE_THREE_LEFT,89.5,87.0,92.0,90,34,45,47,-0.1254226461462492,0.2388407960960211,-0.26457617,-0.5886341138952512,0.2639403659429902
nrs,ONE_THREE_LEFT,90.5,88.0,93.0,90,34,45,47,-0.07992495978416453,0.45395671646587576,-0.16984092,-0.3946842619623644,0.5026157160954765
nrs,ONE_THREE_LEFT,91.5,89.0,94.0,90,34,45,47,-0.11961574018693948,0.2614589732819434,-0.20097598,-0.4665590735684295,0.42850767093157127
nrs,ONE_THREE_LEFT,92.5,90.0,95.0,90,34,45,47,-0.11026757159155784,0.3008434556843249,-0.15358931,-0.36538915479122,0.5624409759794222
nrs,ONE_THREE_LEFT,93.5,91.0,96.0,90,34,45,47,-0.14563595563282072,0.1708038285358231,-0.19363002,-0.43997055219315256,0.4498294737627516
nrs,ONE_THREE_LEFT,94.5,92.0,97.0,90,34,45,47,-0.14419955061755474,0.17510771581344692,-0.21324623,-0.4778199564757462,0.42865141315936195
nrs,ONE_THREE_LEFT,95.5,93.0,98.0,90,34,45,47,-0.16526985344920192,0.11954252920467473,-0.284283,-0.644073404803302,0.30107407112997864
nrs,ONE_THREE_LEFT,96.5,94.0,99.0,90,34,45,47,-0.055380504028001626,0.6041515515695309,0.0014892501,0.0033689073244259704,0.9959966005041281
nrs,ONE_THREE_LEFT,97.5,95.0,100.0,90,34,45,47,-0.11463650639612478,0.2819778854335362,-0.12649158,-0.32141943763385844,0.6659090671900901
nrs,ONE_THREE_LEFT,98.5,96.0,101.0,90,34,45,47,-0.1070329967397647,0.3153312117466629,-0.117120124,-0.29056833408839183,0.6716741398941791
nrs,ONE_THREE_RIGHT,6.5,4.0,9.0,73,29,34,39,-0.17505024380985085,0.13853213371558365,-0.24618718,-0.35692641005640646,0.4370493533021218
nrs,ONE_THREE_RIGHT,7.5,5.0,10.0,73,29,34,39,-0.1745234070740089,0.13974227654514304,-0.16534509,-0.25532163485144305,0.6188131465823787
nrs,ONE_THREE_RIGHT,8.5,6.0,11.0,73,29,34,39,-0.172965938022345,0.14336633905629534,-0.11789569,-0.1916411099169067,0.7182670877455746
nrs,ONE_THREE_RIGHT,9.5,7.0,12.0,73,29,34,39,-0.10912958207502887,0.3580645460911313,0.035353478,0.05840164550788268,0.9089203940786543
nrs,ONE_THREE_RIGHT,10.5,8.0,13.0,73,29,34,39,-0.14696666171003273,0.21469404983388896,-0.06714242,-0.11406799810439128,0.8300441443741193
nrs,ONE_THREE_RIGHT,11.5,9.0,14.0,73,29,34,39,-0.14431414959906738,0.22317555272286696,-0.040545,-0.0675123119728776,0.8945597384590382
nrs,ONE_THREE_RIGHT,12.5,10.0,15.0,73,29,34,39,-0.15917793607836517,0.17858084452161543,-0.08290754,-0.12508929263983634,0.7881164869779445
nrs,ONE_THREE_RIGHT,13.5,11.0,16.0,73,29,34,39,-0.1487968556728312,0.20897615178288098,-0.047399882,-0.0692826124728362,0.8780275457245531
nrs,ONE_THREE_RIGHT,14.5,12.0,17.0,73,29,34,39,-0.1826192346339887,0.12200687565277613,-0.20348513,-0.30511839391787204,0.500448614860292
nrs,ONE_THREE_RIGHT,15.5,13.0,18.0,73,29,34,39,-0.17286492930142386,0.1436037891136465,-0.17189613,-0.25349169439864094,0.5713036476261315
nrs,ONE_THREE_RIGHT,16.5,14.0,19.0,73,29,34,39,-0.14937008873826338,0.20720766804561627,-0.187659,-0.27789203739402624,0.5353061328903388
nrs,ONE_THREE_RIGHT,17.5,15.0,20.0,73,29,34,39,-0.08910406923928957,0.4534604082536852,-0.08233916,-0.13197090671005773,0.7812884148512068
nrs,ONE_THREE_RIGHT,18.5,16.0,21.0,73,29,34,39,-0.04974931278016199,0.6759610941580445,-0.124467574,-0.20108645917175627,0.6572309969558874
nrs,ONE_THREE_RIGHT,19.5,17.0,22.0,73,29,34,39,-0.07819785298512812,0.5107957339301101,-0.12947184,-0.20464640973327689,0.6503245020339559
nrs,ONE_THREE_RIGHT,20.5,18.0,23.0,73,29,34,39,-0.0610328300335535,0.6079912220842393,-0.16229555,-0.2783020651406541,0.5460759133167394
nrs,ONE_THREE_RIGHT,21.5,19.0,24.0,73,29,34,39,-0.025735875806734646,0.8288879926498975,-0.1187928,-0.210013253961427,0.6659804485143881
nrs,ONE_THREE_RIGHT,22.5,20.0,25.0,73,29,34,39,-0.0732744837356419,0.5378411379553375,-0.23863542,-0.4173493193997411,0.42721987505874204
nrs,ONE_THREE_RIGHT,23.5,21.0,26.0,73,29,34,39,-0.11105262705820315,0.3496054769571145,-0.29881844,-0.5124376026767653,0.3510034218676502
nrs,ONE_THREE_RIGHT,24.5,22.0,27.0,73,29,34,39,-0.09888818989274942,0.40520514000644714,-0.34998724,-0.6206310173389458,0.30017733966973204
nrs,ONE_THREE_RIGHT,25.5,23.0,28.0,73,29,34,39,-0.12682805534297795,0.2849609835887311,-0.37661636,-0.6328724170030889,0.2330488494536973
nrs,ONE_THREE_RIGHT,26.5,24.0,29.0,73,29,34,39,-0.11969919820643947,0.31312288752051026,-0.3284481,-0.5399215741214831,0.27703580340542855
nrs,ONE_THREE_RIGHT,27.5,25.0,30.0,73,29,34,39,-0.15225167823155297,0.19847861297386063,-0.42375058,-0.6923865818486482,0.17036978571316597
nrs,ONE_THREE_RIGHT,28.5,26.0,31.0,73,29,34,39,-0.1583311200785239,0.1809324753851566,-0.43440196,-0.655081598335041,0.1473163625395803
nrs,ONE_THREE_RIGHT,29.5,27.0,32.0,73,29,34,39,-0.1601935254110144,0.17578997205058533,-0.41379875,-0.5861255607110228,0.1364831051330352
nrs,ONE_THREE_RIGHT,30.5,28.0,33.0,73,29,34,39,-0.13757417116021603,0.24577401308830357,-0.34965193,-0.4714149726277174,0.20566607634070877
nrs,ONE_THREE_RIGHT,31.5,29.0,34.0,73,29,34,39,-0.22272883829422763,0.05822273823746175,-0.52097166,-0.7674866741876434,0.07397120829330417
nrs,ONE_THREE_RIGHT,32.5,30.0,35.0,73,29,34,39,-0.2068285597951728,0.07914284333757723,-0.4624955,-0.6746772749309199,0.09811940441586213
nrs,ONE_THREE_RIGHT,33.5,31.0,36.0,73,29,34,39,-0.18669695022895633,0.11375281550617417,-0.40453467,-0.5597263823155127,0.13624030567806478
nrs,ONE_THREE_RIGHT,34.5,32.0,37.0,73,29,34,39,-0.18354313721162016,0.1200977187894961,-0.4273173,-0.5868600729745713,0.11072620009159533
nrs,ONE_THREE_RIGHT,35.5,33.0,38.0,73,29,34,39,-0.1631483587315011,0.16785124652635075,-0.38026685,-0.5291232874135249,0.12327024331921899
nrs,ONE_THREE_RIGHT,36.5,34.0,39.0,73,29,34,39,-0.10180942967387063,0.39140255656894973,-0.27697164,-0.37397619843273255,0.28025412982597897
nrs,ONE_THREE_RIGHT,37.5,35.0,40.0,73,29,34,39,-0.13510457012009477,0.25443434524704334,-0.3754477,-0.5254485209371894,0.15157404971711655
nrs,ONE_THREE_RIGHT,38.5,36.0,41.0,73,29,34,39,-0.19083148546905054,0.1058300498179814,-0.48116896,-0.6919360732146461,0.04757242190383201
nrs,ONE_THREE_RIGHT,39.5,37.0,42.0,73,29,34,39,-0.1726825470319652,0.14403327863192883,-0.38022465,-0.5567609880856588,0.09139187124426526
nrs,ONE_THREE_RIGHT,40.5,38.0,43.0,73,29,34,39,-0.2342292760119444,0.04609145489990392,-0.52564573,-0.8278229382132193,0.023858483156692062
nrs,ONE_THREE_RIGHT,41.5,39.0,44.0,73,29,34,39,-0.2719957224303112,0.019917616278918557,-0.60212195,-1.035565622890963,0.026965206637341373
nrs,ONE_THREE_RIGHT,42.5,40.0,45.0,73,29,34,39,-0.26012143418258055,0.02624754510645929,-0.6003843,-1.0193259094377105,0.02381701516331203
nrs,ONE_THREE_RIGHT,43.5,41.0,46.0,73,29,34,39,-0.22634638484544317,0.054154727066787055,-0.49272794,-0.808211917529812,0.03593694449783054
nrs,ONE_THREE_RIGHT,44.5,42.0,47.0,73,29,34,39,-0.28894750926271784,0.013164455935107193,-0.622923,-1.1307831716333063,0.01471332426025931
nrs,ONE_THREE_RIGHT,45.5,43.0,48.0,73,29,34,39,-0.24504049980270642,0.03666620668835029,-0.513256,-0.8618093829173289,0.025862973842243092
nrs,ONE_THREE_RIGHT,46.5,44.0,49.0,73,29,34,39,-0.19502981892763205,0.09823025051285063,-0.41111463,-0.6067188374814364,0.05525787723758505
nrs,ONE_THREE_RIGHT,47.5,45.0,50.0,73,29,34,39,-0.17777310343671973,0.1324033491741297,-0.35241404,-0.4834544975051361,0.10943063835329496
nrs,ONE_THREE_RIGHT,48.5,46.0,51.0,73,29,34,39,-0.18903694399819942,0.1092145278361247,-0.36267474,-0.48915286637501143,0.11644714553108114
nrs,ONE_THREE_RIGHT,49.5,47.0,52.0,73,29,34,39,-0.17774554984288446,0.13246432158435065,-0.3384016,-0.4252426582614847,0.10207923710926717
nrs,ONE_THREE_RIGHT,50.5,48.0,53.0,73,29,34,39,-0.17790011440771367,0.13212256593948554,-0.3600761,-0.44143226759271753,0.11975826598456359
nrs,ONE_THREE_RIGHT,51.5,49.0,54.0,73,29,34,39,-0.2313940029017663,0.04886938519877323,-0.4665423,-0.6132100818112791,0.04555356234529645
nrs,ONE_THREE_RIGHT,52.5,50.0,55.0,73,29,34,39,-0.24899479560145374,0.03364723409966492,-0.47456357,-0.6406087693419458,0.018150701642964572
nrs,ONE_THREE_RIGHT,53.5,51.0,56.0,73,29,34,39,-0.32435389200734366,0.005117129311777243,-0.6480813,-0.9068331968860744,0.0007217943648129901
nrs,ONE_THREE_RIGHT,54.5,52.0,57.0,73,29,34,39,-0.29980793809260087,0.009968510722771834,-0.60185134,-0.7904343108558102,0.004223917136036556
nrs,ONE_THREE_RIGHT,55.5,53.0,58.0,73,29,34,39,-0.2740636636430058,0.018960734587132436,-0.53275526,-0.7235641083276567,0.027597823540088804
nrs,ONE_THREE_RIGHT,56.5,54.0,59.0,73,29,34,39,-0.2941700237452394,0.01153127155733778,-0.56849974,-0.7391571613332442,0.019590868904140205
nrs,ONE_THREE_RIGHT,57.5,55.0,60.0,73,29,34,39,-0.2980574849677926,0.01043266602948643,-0.5582553,-0.6962967285636864,0.028915063754999533
nrs,ONE_THREE_RIGHT,58.5,56.0,61.0,73,29,34,39,-0.22870332517870826,0.05163142628748131,-0.43290946,-0.5596531837647138,0.08004249355076598
nrs,ONE_THREE_RIGHT,59.5,57.0,62.0,73,29,34,39,-0.20224033404471292,0.08618066790287658,-0.41785356,-0.5797122898166464,0.09687848847357006
nrs,ONE_THREE_RIGHT,60.5,58.0,63.0,73,29,34,39,-0.23198888066859308,0.048275412968490576,-0.5092861,-0.7644993188603708,0.057009915978446755
nrs,ONE_THREE_RIGHT,61.5,59.0,64.0,73,29,34,39,-0.17770747115987937,0.13254861963306247,-0.417758,-0.5765442623893181,0.11923195991296415
nrs,ONE_THREE_RIGHT,62.5,60.0,65.0,73,29,34,39,-0.10940127717282795,0.3568618317273307,-0.3445672,-0.5151244725111587,0.2310036686677649
nrs,ONE_THREE_RIGHT,63.5,61.0,66.0,73,29,34,39,-0.08784778634452874,0.45987807402505837,-0.28524145,-0.4175728261441784,0.33008917802743143
nrs,ONE_THREE_RIGHT,64.5,62.0,67.0,73,29,34,39,-0.13463252740294832,0.256113055560576,-0.40445888,-0.6343090953972573,0.15325049932849572
nrs,ONE_THREE_RIGHT,65.5,63.0,68.0,73,29,34,39,-0.12757530678600215,0.2821093569575127,-0.33900827,-0.5472032475268257,0.22834932041645284
nrs,ONE_THREE_RIGHT,66.5,64.0,69.0,73,29,34,39,-0.08711103018672446,0.46366478112972676,-0.2113863,-0.35830048548194043,0.47129395014527553
nrs,ONE_THREE_RIGHT,67.5,65.0,70.0,73,29,34,39,-0.14607728979190712,0.21751212150654953,-0.288623,-0.47621963879056456,0.31017114463046114
nrs,ONE_THREE_RIGHT,68.5,66.0,71.0,73,29,34,39,-0.14360660671206196,0.22547704971286306,-0.3371564,-0.5613684319150206,0.20326959462610905
nrs,ONE_THREE_RIGHT,69.5,67.0,72.0,73,29,34,39,-0.0883425833174827,0.45734450537519766,-0.17863898,-0.28422331144650564,0.4918145404798939
nrs,ONE_THREE_RIGHT,70.5,68.0,73.0,73,29,34,39,-0.09238006771076404,0.4369600316853766,-0.1599306,-0.28040583744378555,0.5222943713356619
nrs,ONE_THREE_RIGHT,71.5,69.0,74.0,73,29,34,39,-0.22511771411842102,0.055509530221343424,-0.47660905,-0.8846182481703818,0.07838139442253166
nrs,ONE_THREE_RIGHT,72.5,70.0,75.0,73,29,34,39,-0.21922376140418215,0.06239791312938546,-0.40059993,-0.7297668536683165,0.14480955808175586
nrs,ONE_THREE_RIGHT,73.5,71.0,76.0,73,29,34,39,-0.2029493145969554,0.08506195214346084,-0.32383522,-0.5539214722591659,0.26433044272108275
nrs,ONE_THREE_RIGHT,74.5,72.0,77.0,73,29,34,39,-0.2676113691633325,0.022083507712418418,-0.4507852,-0.9552458756920787,0.15082756807596534
nrs,ONE_THREE_RIGHT,75.5,73.0,78.0,73,29,34,39,-0.23423923989431222,0.04608192703777524,-0.42927364,-0.8667993312951595,0.1267054522519804
nrs,ONE_THREE_RIGHT,76.5,74.0,79.0,73,29,34,39,-0.11679634946183133,0.3250870664448042,-0.20426613,-0.3308617780972841,0.35043061794126995
nrs,ONE_THREE_RIGHT,77.5,75.0,80.0,73,29,34,39,-0.12014091418962711,0.3113275391365416,-0.25187495,-0.4291131473165904,0.2214406777307968
nrs,ONE_THREE_RIGHT,78.5,76.0,81.0,73,29,34,39,-0.09552368996586715,0.4214496471531478,-0.21387893,-0.40192064998506355,0.3567002966441878
nrs,ONE_THREE_RIGHT,79.5,77.0,82.0,73,29,34,39,-0.030847117509998346,0.795580790577145,-0.15027328,-0.2594780264405611,0.5544509561352476
nrs,ONE_THREE_RIGHT,80.5,78.0,83.0,73,29,34,39,-0.023956973470255244,0.8405543631270309,-0.14785032,-0.2441017155458684,0.6303608354260475
nrs,ONE_THREE_RIGHT,81.5,79.0,84.0,73,29,34,39,-0.009873752112512117,0.9339252396460824,-0.14241436,-0.25277609067820817,0.6214955555590849
nrs,ONE_THREE_RIGHT,82.5,80.0,85.0,73,29,34,39,0.05530707980055348,0.6421148823128208,-0.050153933,-0.09765710995404937,0.8693283025551639
nrs,ONE_THREE_RIGHT,83.5,81.0,86.0,73,29,34,39,0.06111357903010145,0.6075156826996682,-0.013506281,-0.024246174869057734,0.9640393985646384
nrs,ONE_THREE_RIGHT,84.5,82.0,87.0,73,29,34,39,0.04387353275052989,0.7124532904257909,0.021362148,0.041395851478945186,0.9445503904180452
nrs,ONE_THREE_RIGHT,85.5,83.0,88.0,73,29,34,39,-0.09841557345345353,0.4074646568779378,-0.20880158,-0.41918028884265857,0.419046882920433
nrs,ONE_THREE_RIGHT,86.5,84.0,89.0,73,29,34,39,-0.09584245638684444,0.41989473368406594,-0.18121193,-0.3791649112357395,0.5447578630016827
nrs,ONE_THREE_RIGHT,87.5,85.0,90.0,73,29,34,39,-0.12076629180856145,0.30879708662757976,-0.17273183,-0.33520594580211416,0.5881827125807993
nrs,ONE_THREE_RIGHT,88.5,86.0,91.0,73,29,34,39,-0.21898200294957337,0.06269460187498116,-0.34726468,-0.6590647500679679,0.36095356428880776
nrs,ONE_THREE_RIGHT,89.5,87.0,92.0,73,29,34,39,-0.14130215011713607,0.23308778642158962,-0.21389347,-0.37328356331704465,0.5384245272504774
nrs,ONE_THREE_RIGHT,90.5,88.0,93.0,73,29,34,39,-0.06544824126054843,0.5822309707369294,-0.051874373,-0.094476770094843,0.8703722555313366
nrs,ONE_THREE_RIGHT,91.5,89.0,94.0,73,29,34,39,-0.10406907637950143,0.38092010852833996,-0.085025206,-0.1583717449084933,0.7784526847363091
nrs,ONE_THREE_RIGHT,92.5,90.0,95.0,73,29,34,39,-0.16325916679132027,0.16755875264700731,-0.24880749,-0.4415799602406261,0.363559000591286
nrs,ONE_THREE_RIGHT,93.5,91.0,96.0,73,29,34,39,-0.016576570016664103,0.8892958242233958,0.052890483,0.0974269969757644,0.8353710656743091
nrs,ONE_THREE_RIGHT,94.5,92.0,97.0,73,29,34,39,-0.15118614368555588,0.2016751903709778,-0.23783088,-0.48452035158980183,0.3438611250172102
nrs,ONE_THREE_RIGHT,95.5,93.0,98.0,73,29,34,39,-0.12336232040974815,0.2984355225496969,-0.25304425,-0.526766281664969,0.28795268170187394
nrs,ONE_THREE_RIGHT,96.5,94.0,99.0,73,29,34,39,-0.1572252788019901,0.18403719719173586,-0.28480572,-0.5818263040891903,0.26289312746730376
nrs,ONE_THREE_RIGHT,97.5,95.0,100.0,73,29,34,39,-0.12172298954809407,0.3049518463181642,-0.120193206,-0.25295506596635425,0.6628137298522401
nrs,ONE_THREE_RIGHT,98.5,96.0,101.0,73,29,34,39,-0.13548330986391902,0.2530928739792526,-0.17274295,-0.3237387075623059,0.5143783289510281
nrs,ZERO_THREE_LEFT,6.5,4.0,9.0,86,29,40,41,-0.28438920325161354,0.007960042549686993,-0.36017716,-0.5872197947734171,0.235891645256893
nrs,ZERO_THREE_LEFT,7.5,5.0,10.0,86,29,40,41,-0.18614195875916542,0.08616539489329152,-0.09046473,-0.13171549991742693,0.7771344217666011
nrs,ZERO_THREE_LEFT,8.5,6.0,11.0,86,29,40,41,-0.1240725423774555,0.25504998334346685,0.031819493,0.047624449688797796,0.928775979506486
nrs,ZERO_THREE_LEFT,9.5,7.0,12.0,86,29,40,41,-0.09839089361841655,0.36744090327496814,0.1079341,0.15848159525696315,0.769035651336216
nrs,ZERO_THREE_LEFT,10.5,8.0,13.0,86,29,40,41,-0.10579571816429643,0.3323073927178577,0.09373813,0.13878157782137437,0.8016955480785019
nrs,ZERO_THREE_LEFT,11.5,9.0,14.0,86,29,40,41,-0.05885403124003983,0.590390516483528,0.15234807,0.22566053154857027,0.6733335912490356
nrs,ZERO_THREE_LEFT,12.5,10.0,15.0,86,29,40,41,-0.037612631720683534,0.7309795384754085,0.13427837,0.21488019295853084,0.6963441382402579
nrs,ZERO_THREE_LEFT,13.5,11.0,16.0,86,29,40,41,-0.04573032538524013,0.6758748951197423,0.07019932,0.10950736542573065,0.8368251014411168
nrs,ZERO_THREE_LEFT,14.5,12.0,17.0,86,29,40,41,-0.026438458290397218,0.8090632554531002,0.038975585,0.06424615399709298,0.9079890002709378
nrs,ZERO_THREE_LEFT,15.5,13.0,18.0,86,29,40,41,0.01948369201760216,0.8586780187099593,0.09060456,0.1503734315368523,0.778502921916243
nrs,ZERO_THREE_LEFT,16.5,14.0,19.0,86,29,40,41,-0.01065162999662775,0.9224592049908147,0.07026513,0.11887922116634776,0.8239347657346442
nrs,ZERO_THREE_LEFT,17.5,15.0,20.0,86,29,40,41,-0.02748777180430499,0.8016374934788737,0.06759383,0.1104165914181466,0.828642916393617
nrs,ZERO_THREE_LEFT,18.5,16.0,21.0,86,29,40,41,0.03140193067606097,0.7740977482045003,0.181262,0.2962867774480656,0.5341682378643355
nrs,ZERO_THREE_LEFT,19.5,17.0,22.0,86,29,40,41,0.09367532567992859,0.39095546000300363,0.33089203,0.5669865816743569,0.2536458300853589
nrs,ZERO_THREE_LEFT,20.5,18.0,23.0,86,29,40,41,0.10898303914510572,0.3178639560393842,0.36283627,0.6222274919155925,0.21311900935535188
nrs,ZERO_THREE_LEFT,21.5,19.0,24.0,86,29,40,41,0.22203025871441764,0.039916192569188054,0.56884295,0.9312290295000825,0.0363536462803112
nrs,ZERO_THREE_LEFT,22.5,20.0,25.0,86,29,40,41,0.27653783804207166,0.009953155634222863,0.6448743,1.0255696877471976,0.011054760417061606
nrs,ZERO_THREE_LEFT,23.5,21.0,26.0,86,29,40,41,0.273441318910534,0.010851892472534501,0.6494626,1.0690594939326028,0.016057246026505448
nrs,ZERO_THREE_LEFT,24.5,22.0,27.0,86,29,40,41,0.28926600957367454,0.006906940214121856,0.64094806,1.0312134264808466,0.022397957921958384
nrs,ZERO_THREE_LEFT,25.5,23.0,28.0,86,29,40,41,0.25655698022585405,0.01710449105749876,0.5670674,0.8641995190605938,0.05209581230492864
nrs,ZERO_THREE_LEFT,26.5,24.0,29.0,86,29,40,41,0.2044066701128497,0.05904796951464109,0.4036545,0.646016504142261,0.19708188377135505
nrs,ZERO_THREE_LEFT,27.5,25.0,30.0,86,29,40,41,0.13738435520983233,0.20716558644643054,0.28553304,0.5302178767639231,0.40119458622756055
nrs,ZERO_THREE_LEFT,28.5,26.0,31.0,86,29,40,41,0.13231193378636932,0.22459389177372235,0.25704038,0.48049802989256224,0.4280981763611871
nrs,ZERO_THREE_LEFT,29.5,27.0,32.0,86,29,40,41,0.06421711005058654,0.5569233743789633,0.14085619,0.26947165108539956,0.6131389953370218
nrs,ZERO_THREE_LEFT,30.5,28.0,33.0,86,29,40,41,-0.021935233222856333,0.8411157978739588,-0.058302492,-0.1276182380418625,0.8441654962203157
nrs,ZERO_THREE_LEFT,31.5,29.0,34.0,86,29,40,41,-0.07495254665216478,0.4927913908436857,-0.18550658,-0.433270234835478,0.5306200827848229
nrs,ZERO_THREE_LEFT,32.5,30.0,35.0,86,29,40,41,-0.10547108201255913,0.3338014926938703,-0.2684108,-0.6076394448588135,0.37480785959367713
nrs,ZERO_THREE_LEFT,33.5,31.0,36.0,86,29,40,41,-0.20714043272279123,0.05566583074942424,-0.52014124,-1.1549251820247013,0.10060182316591391
nrs,ZERO_THREE_LEFT,34.5,32.0,37.0,86,29,40,41,-0.23281874986102874,0.030988804992070573,-0.5488048,-1.1600830432846745,0.06762497229398891
nrs,ZERO_THREE_LEFT,35.5,33.0,38.0,86,29,40,41,-0.21027779021915996,0.05198142066709132,-0.45349294,-0.9810161901841005,0.12813380116328318
nrs,ZERO_THREE_LEFT,36.5,34.0,39.0,86,29,40,41,-0.24693278430650042,0.02190166050028315,-0.5317195,-1.1967855257637183,0.0757186134807997
nrs,ZERO_THREE_LEFT,37.5,35.0,40.0,86,29,40,41,-0.15401504581058137,0.15682239234181972,-0.28814676,-0.5627615378923178,0.34857911076300707
nrs,ZERO_THREE_LEFT,38.5,36.0,41.0,86,29,40,41,-0.11274281607451303,0.3013539952195908,-0.2073215,-0.39638574598095455,0.4748787879957437
nrs,ZERO_THREE_LEFT,39.5,37.0,42.0,86,29,40,41,-0.13890682453984277,0.2021278139553997,-0.2805811,-0.5874237421349285,0.41184835679413967
nrs,ZERO_THREE_LEFT,40.5,38.0,43.0,86,29,40,41,-0.19406513281723617,0.07338737190205712,-0.46911195,-1.0461391755066918,0.18525561500139487
nrs,ZERO_THREE_LEFT,41.5,39.0,44.0,86,29,40,41,-0.20758928820062794,0.055125971517775624,-0.46680206,-1.0121294429138836,0.20958877060687664
nrs,ZERO_THREE_LEFT,42.5,40.0,45.0,86,29,40,41,-0.3093998988930616,0.00374644751395031,-0.6733937,-1.4434366840714765,0.06034133607229046
nrs,ZERO_THREE_LEFT,43.5,41.0,46.0,86,29,40,41,-0.3507089875754428,0.0009310782382231633,-0.7011141,-1.40486322701712,0.08034559432453572
nrs,ZERO_THREE_LEFT,44.5,42.0,47.0,86,29,40,41,-0.3908198118881144,0.00019891187306358068,-0.7810928,-1.5673281738624396,0.05525112933621657
nrs,ZERO_THREE_LEFT,45.5,43.0,48.0,86,29,40,41,-0.37270046997768047,0.00040942547912271,-0.72656935,-1.3817749033207631,0.12044102447931981
nrs,ZERO_THREE_LEFT,46.5,44.0,49.0,86,29,40,41,-0.3652281685439328,0.0005448326508925334,-0.7109237,-1.3574360136169283,0.07675353852994875
nrs,ZERO_THREE_LEFT,47.5,45.0,50.0,86,29,40,41,-0.3923351192596714,0.0001869013474790384,-0.77361333,-1.6013139805812842,0.06870494206423666
nrs,ZERO_THREE_LEFT,48.5,46.0,51.0,86,29,40,41,-0.40451126305851787,0.00011206871570596801,-0.85409176,-1.7828849663393933,0.02703863842350713
nrs,ZERO_THREE_LEFT,49.5,47.0,52.0,86,29,40,41,-0.39962138437525446,0.0001379496537297987,-0.8586348,-1.8508155415555911,0.016743381884736952
nrs,ZERO_THREE_LEFT,50.5,48.0,53.0,86,29,40,41,-0.4394138566498512,2.3086900316629715e-05,-0.91959345,-2.0890601792152887,0.007989239011116893
nrs,ZERO_THREE_LEFT,51.5,49.0,54.0,86,29,40,41,-0.4547049374114973,1.0920286291644234e-05,-0.98371327,-2.2433671814764127,0.00829187187685464
nrs,ZERO_THREE_LEFT,52.5,50.0,55.0,86,29,40,41,-0.46673647796067097,5.904820318367059e-06,-1.0158516,-2.449964072609019,0.008433237690051939
nrs,ZERO_THREE_LEFT,53.5,51.0,56.0,86,29,40,41,-0.499563915499244,9.750361994006653e-07,-1.1576667,-2.789785520773182,0.003476851946841481
nrs,ZERO_THREE_LEFT,54.5,52.0,57.0,86,29,40,41,-0.5007648002366488,9.095770335345898e-07,-1.2274072,-2.870992942194787,0.010039752334353114
nrs,ZERO_THREE_LEFT,55.5,53.0,58.0,86,29,40,41,-0.4829732046419407,2.480005704559837e-06,-1.1258626,-2.4352201253586125,0.012787201833780506
nrs,ZERO_THREE_LEFT,56.5,54.0,59.0,86,29,40,41,-0.48696115617198665,1.9903541685276154e-06,-1.1531092,-2.4964119900456576,0.018394060817862327
nrs,ZERO_THREE_LEFT,57.5,55.0,60.0,86,29,40,41,-0.47386643157301245,4.056332628998863e-06,-1.1881511,-2.667193171076997,0.020754618329703847
nrs,ZERO_THREE_LEFT,58.5,56.0,61.0,86,29,40,41,-0.4376125642960122,2.5156413740835826e-05,-1.0169592,-2.5643977483455433,0.04049222491985989
nrs,ZERO_THREE_LEFT,59.5,57.0,62.0,86,29,40,41,-0.4038555841206185,0.00011525645605763428,-0.9533031,-2.702736449725029,0.017111198665257597
nrs,ZERO_THREE_LEFT,60.5,58.0,63.0,86,29,40,41,-0.37350417036322325,0.0003968716340880294,-1.0313189,-3.2710774105794633,0.009973880942437001
nrs,ZERO_THREE_LEFT,61.5,59.0,64.0,86,29,40,41,-0.35971791627844646,0.0006696915598730248,-0.9321638,-3.3386281418646226,0.016659494951257965
nrs,ZERO_THREE_LEFT,62.5,60.0,65.0,86,29,40,41,-0.3843684647375586,0.00025844596271350803,-0.97329885,-3.028099746869452,0.005077503865704736
nrs,ZERO_THREE_LEFT,63.5,61.0,66.0,86,29,40,41,-0.385006474620283,0.0002519000212468535,-0.9442422,-2.476480402056005,0.009387524669736054
nrs,ZERO_THREE_LEFT,64.5,62.0,67.0,86,29,40,41,-0.4003236507151334,0.00013392045948731603,-1.0162134,-2.7482497441322806,0.0059389329380227255
nrs,ZERO_THREE_LEFT,65.5,63.0,68.0,86,29,40,41,-0.3964650389658097,0.0001574813985922341,-0.94301325,-2.409641245675693,0.015419675347696926
nrs,ZERO_THREE_LEFT,66.5,64.0,69.0,86,29,40,41,-0.4389191281785534,2.363885944731556e-05,-1.0613359,-2.7059203039766233,0.011586408649069173
nrs,ZERO_THREE_LEFT,67.5,65.0,70.0,86,29,40,41,-0.4333775742374148,3.072402182161645e-05,-1.0362443,-2.614570723698608,0.018566282995786366
nrs,ZERO_THREE_LEFT,68.5,66.0,71.0,86,29,40,41,-0.4666188576435645,5.941092401726854e-06,-1.0608906,-2.8117515451495763,0.008940700647958674
nrs,ZERO_THREE_LEFT,69.5,67.0,72.0,86,29,40,41,-0.4367112211455823,2.6255826314293796e-05,-0.90832,-2.093146022364,0.007150978220396835
nrs,ZERO_THREE_LEFT,70.5,68.0,73.0,86,29,40,41,-0.4630695820312615,7.1393960135079695e-06,-0.9459368,-1.9614744928296903,0.0029153661638972187
nrs,ZERO_THREE_LEFT,71.5,69.0,74.0,86,29,40,41,-0.4930364921772387,1.4160440602012987e-06,-1.0209033,-2.442950014136082,0.0006614840584099408
nrs,ZERO_THREE_LEFT,72.5,70.0,75.0,86,29,40,41,-0.452582450439126,1.2142337318154037e-05,-0.91912013,-2.3292384008259055,0.0006858040389682838
nrs,ZERO_THREE_LEFT,73.5,71.0,76.0,86,29,40,41,-0.4387085044628271,2.3877569272658396e-05,-1.0206034,-3.017328236598191,0.0025778414979884005
nrs,ZERO_THREE_LEFT,74.5,72.0,77.0,86,29,40,41,-0.4126440966194555,7.875548708911791e-05,-0.9462361,-2.893589843980584,0.005544136941198677
nrs,ZERO_THREE_LEFT,75.5,73.0,78.0,86,29,40,41,-0.3254610959831441,0.0022300838767391243,-0.6815598,-1.6698079955256588,0.02650493849866421
nrs,ZERO_THREE_LEFT,76.5,74.0,79.0,86,29,40,41,-0.2845265556061964,0.007928551916477018,-0.6249747,-1.6294630915909287,0.09735108631761147
nrs,ZERO_THREE_LEFT,77.5,75.0,80.0,86,29,40,41,-0.2989372173897021,0.0051755333596299425,-0.6169359,-1.3410992159095807,0.10952537721375405
nrs,ZERO_THREE_LEFT,78.5,76.0,81.0,86,29,40,41,-0.34495755447834764,0.0011433583547707303,-0.64817727,-1.7255947398532692,0.06099448714798563
nrs,ZERO_THREE_LEFT,79.5,77.0,82.0,86,29,40,41,-0.3574949166464318,0.0007270723697240791,-0.5885768,-1.3605137302334784,0.09700640314389652
nrs,ZERO_THREE_LEFT,80.5,78.0,83.0,86,29,40,41,-0.3703841936790121,0.0004476711013650211,-0.6472937,-1.4391291209258372,0.06675296043015111
nrs,ZERO_THREE_LEFT,81.5,79.0,84.0,86,29,40,41,-0.4239606731464853,4.747444112781457e-05,-0.7680136,-1.6937400301260324,0.01655565638035204
nrs,ZERO_THREE_LEFT,82.5,80.0,85.0,86,29,40,41,-0.4476928392334149,1.5462144008325733e-05,-0.8339485,-2.0109139353536167,0.025160747605919014
nrs,ZERO_THREE_LEFT,83.5,81.0,86.0,86,29,40,41,-0.4661447010643506,6.089448011367703e-06,-0.8984729,-2.198455004072366,0.015286640941600321
nrs,ZERO_THREE_LEFT,84.5,82.0,87.0,86,29,40,41,-0.5007662603941588,9.095000317656053e-07,-1.0352757,-2.430259041853696,0.004269697171063606
nrs,ZERO_THREE_LEFT,85.5,83.0,88.0,86,29,40,41,-0.42593726933419274,4.337658823785197e-05,-0.7559973,-1.7613778049620492,0.049221124056705715
nrs,ZERO_THREE_LEFT,86.5,84.0,89.0,86,29,40,41,-0.3342078475064213,0.0016613409324384735,-0.5701935,-1.2789868331094734,0.08475013174198925
nrs,ZERO_THREE_LEFT,87.5,85.0,90.0,86,29,40,41,-0.26006055020737096,0.01559852496796375,-0.4178817,-0.9331338520260636,0.18092939149669696
nrs,ZERO_THREE_LEFT,88.5,86.0,91.0,86,29,40,41,-0.2738043304853114,0.010742991252373553,-0.47214046,-1.0982973225547803,0.12776321348908332
nrs,ZERO_THREE_LEFT,89.5,87.0,92.0,86,29,40,41,-0.2117608381104948,0.050310842553327954,-0.28236935,-0.698172799781256,0.3878423439213462
nrs,ZERO_THREE_LEFT,90.5,88.0,93.0,86,29,40,41,-0.2775551247156525,0.009672457031903189,-0.48941952,-1.217531826123983,0.16488530676976132
nrs,ZERO_THREE_LEFT,91.5,89.0,94.0,86,29,40,41,-0.29211236882136726,0.0063508451501528606,-0.47739652,-1.0971765248997856,0.15913799431389997
nrs,ZERO_THREE_LEFT,92.5,90.0,95.0,86,29,40,41,-0.4035198705083216,0.00011692091590835143,-0.7819662,-2.0692141934443393,0.020905229040161257
nrs,ZERO_THREE_LEFT,93.5,91.0,96.0,86,29,40,41,-0.3553110243268361,0.0007877764601892036,-0.7127835,-1.9311563512962324,0.10081202893696349
nrs,ZERO_THREE_LEFT,94.5,92.0,97.0,86,29,40,41,-0.3734496864419412,0.0003977113870164343,-0.78127575,-2.11868903154476,0.07922588553870057
nrs,ZERO_THREE_LEFT,95.5,93.0,98.0,86,29,40,41,-0.2917772779584876,0.006414189044153626,-0.5388608,-1.3913109737371636,0.13599220390620304
nrs,ZERO_THREE_LEFT,96.5,94.0,99.0,86,29,40,41,-0.2550345059989875,0.01779697783881187,-0.47385865,-1.1146554030036941,0.2021231745001757
nrs,ZERO_THREE_LEFT,97.5,95.0,100.0,86,29,40,41,-0.19336281172346514,0.07445468139751339,-0.27214247,-0.6376464634237985,0.39989290577251
nrs,ZERO_THREE_LEFT,98.5,96.0,101.0,86,29,40,41,-0.10486933282826494,0.33658220725476495,-0.1430427,-0.35720155414213817,0.6425299280468507
nrs,ZERO_THREE_RIGHT,6.5,4.0,9.0,116,49,47,52,-0.036719974510239936,0.6955494296239854,-0.21291803,-0.2520540892302756,0.4460955802059847
nrs,ZERO_THREE_RIGHT,7.5,5.0,10.0,116,49,47,52,-0.03070452435900121,0.7435214117184853,-0.17341001,-0.2110155349146413,0.5265539911162459
nrs,ZERO_THREE_RIGHT,8.5,6.0,11.0,116,49,47,52,-0.004076826107943276,0.9653560372379547,-0.103065945,-0.1271865987414546,0.7068842224542853
nrs,ZERO_THREE_RIGHT,9.5,7.0,12.0,116,49,47,52,0.014873688850117235,0.8740876915719562,-0.07315834,-0.09221569046112861,0.7899874041178281
nrs,ZERO_THREE_RIGHT,10.5,8.0,13.0,116,49,47,52,0.0005448530839279721,0.9953685486554785,-0.12194921,-0.1620498819523412,0.6502299573315409
nrs,ZERO_THREE_RIGHT,11.5,9.0,14.0,116,49,47,52,0.006424547700355963,0.94543072947648,-0.13633223,-0.18672796291906488,0.6017503885297082
nrs,ZERO_THREE_RIGHT,12.5,10.0,15.0,116,49,47,52,0.0030007905946604473,0.9744963233274102,-0.16163754,-0.22163172995067215,0.5352102526437393
nrs,ZERO_THREE_RIGHT,13.5,11.0,16.0,116,49,47,52,-0.020094401890245594,0.8304681784068583,-0.22931811,-0.32732943010248533,0.37396325096649063
nrs,ZERO_THREE_RIGHT,14.5,12.0,17.0,116,49,47,52,-0.03448993950119132,0.7132054221662448,-0.26902017,-0.4047409157261961,0.28337622421622277
nrs,ZERO_THREE_RIGHT,15.5,13.0,18.0,116,49,47,52,-0.03391424736503838,0.7177885656708066,-0.26358703,-0.404849320916285,0.29560603611851677
nrs,ZERO_THREE_RIGHT,16.5,14.0,19.0,116,49,47,52,-0.028788064720705005,0.7590239828473498,-0.25901034,-0.40270114011810854,0.2852015534343343
nrs,ZERO_THREE_RIGHT,17.5,15.0,20.0,116,49,47,52,-0.0476666273748819,0.6113730633571204,-0.30846995,-0.5028643002255937,0.19817436811693023
nrs,ZERO_THREE_RIGHT,18.5,16.0,21.0,116,49,47,52,-0.04628857389413756,0.6217237979155674,-0.33490092,-0.5547215750812845,0.15158415104646714
nrs,ZERO_THREE_RIGHT,19.5,17.0,22.0,116,49,47,52,-0.0787421899926914,0.4007959506204328,-0.42001036,-0.7032979706810274,0.08187915055973953
nrs,ZERO_THREE_RIGHT,20.5,18.0,23.0,116,49,47,52,-0.12027946283983912,0.1984099795198737,-0.51148695,-0.8487475293253746,0.03292836653138483
nrs,ZERO_THREE_RIGHT,21.5,19.0,24.0,116,49,47,52,-0.12725190851133497,0.17343680952748808,-0.5310681,-0.8667024131949684,0.034453851122951996
nrs,ZERO_THREE_RIGHT,22.5,20.0,25.0,116,49,47,52,-0.09567609105828126,0.3069468731314602,-0.5048414,-0.8233239577616471,0.03537225637927877
nrs,ZERO_THREE_RIGHT,23.5,21.0,26.0,116,49,47,52,-0.1061367098032547,0.25681385946429214,-0.5183828,-0.8368963177906963,0.03660020703109259
nrs,ZERO_THREE_RIGHT,24.5,22.0,27.0,116,49,47,52,-0.07213877533474612,0.44156832233922927,-0.4460717,-0.75509242540625,0.06888101014480143
nrs,ZERO_THREE_RIGHT,25.5,23.0,28.0,116,49,47,52,-0.02960589671442779,0.7523962989191844,-0.33932072,-0.5772331661882855,0.17849599202319144
nrs,ZERO_THREE_RIGHT,26.5,24.0,29.0,116,49,47,52,0.0010896484455874104,0.9907377419291271,-0.29507408,-0.5044169607060804,0.24553456988184474
nrs,ZERO_THREE_RIGHT,27.5,25.0,30.0,116,49,47,52,-0.03657118407220225,0.696722524623813,-0.35859135,-0.6317188539236325,0.15261733886730097
nrs,ZERO_THREE_RIGHT,28.5,26.0,31.0,116,49,47,52,-0.038715669793688935,0.6798853919450375,-0.3761366,-0.6605037923747845,0.12607566148737523
nrs,ZERO_THREE_RIGHT,29.5,27.0,32.0,116,49,47,52,-0.09342993900007639,0.31849388389472477,-0.51946825,-0.9296158984453016,0.046610169878826
nrs,ZERO_THREE_RIGHT,30.5,28.0,33.0,116,49,47,52,-0.09185011960910353,0.32678138844717136,-0.5366667,-0.9240200106766129,0.03153407768600729
nrs,ZERO_THREE_RIGHT,31.5,29.0,34.0,116,49,47,52,-0.13584365832491152,0.14595036618114018,-0.6445444,-1.134810034752313,0.015397867643341973
nrs,ZERO_THREE_RIGHT,32.5,30.0,35.0,116,49,47,52,-0.16117937516142775,0.0839030073634936,-0.72834104,-1.3192112889414296,0.005844603173308371
nrs,ZERO_THREE_RIGHT,33.5,31.0,36.0,116,49,47,52,-0.14087896686030726,0.13144849382715124,-0.68320215,-1.2413831452959976,0.008721364198433253
nrs,ZERO_THREE_RIGHT,34.5,32.0,37.0,116,49,47,52,-0.11390945207234712,0.2234051567724306,-0.64320695,-1.1963524854926546,0.01062408072365067
nrs,ZERO_THREE_RIGHT,35.5,33.0,38.0,116,49,47,52,-0.09008522707403582,0.3362017070886893,-0.5827486,-1.0637161353086357,0.01492792980807785
nrs,ZERO_THREE_RIGHT,36.5,34.0,39.0,116,49,47,52,-0.1130755033818274,0.22683507648507945,-0.6050206,-1.1334658859398714,0.01202491993669092
nrs,ZERO_THREE_RIGHT,37.5,35.0,40.0,116,49,47,52,-0.07817598753223147,0.40420188413425107,-0.49385658,-0.8853603602157039,0.04520114814200014
nrs,ZERO_THREE_RIGHT,38.5,36.0,41.0,116,49,47,52,-0.08559365472470637,0.3609447781858373,-0.49186873,-0.8647636721985824,0.048862846447199314
nrs,ZERO_THREE_RIGHT,39.5,37.0,42.0,116,49,47,52,-0.07549273285864637,0.4205736281940953,-0.43033174,-0.7699636973155126,0.08497732309455151
nrs,ZERO_THREE_RIGHT,40.5,38.0,43.0,116,49,47,52,-0.10580197380212006,0.25832564639801175,-0.49096024,-0.9012141968806244,0.05401982323844983
nrs,ZERO_THREE_RIGHT,41.5,39.0,44.0,116,49,47,52,-0.07794901294894835,0.4055720110723701,-0.45418578,-0.8487896171882277,0.06272134989122775
nrs,ZERO_THREE_RIGHT,42.5,40.0,45.0,116,49,47,52,-0.10129462221319291,0.27927598520633284,-0.55041414,-1.0796420261589603,0.014748380715143528
nrs,ZERO_THREE_RIGHT,43.5,41.0,46.0,116,49,47,52,-0.11795694856656229,0.20727840018311436,-0.569531,-1.0556084278481355,0.012598616654094548
nrs,ZERO_THREE_RIGHT,44.5,42.0,47.0,116,49,47,52,-0.12223789359997031,0.19114728289591645,-0.55943537,-1.0090160489478528,0.017409736844362273
nrs,ZERO_THREE_RIGHT,45.5,43.0,48.0,116,49,47,52,-0.10897345052375443,0.24424537904845012,-0.5485245,-1.0091708321080692,0.021673587533736067
nrs,ZERO_THREE_RIGHT,46.5,44.0,49.0,116,49,47,52,-0.13028718482155718,0.16332098885397187,-0.5762502,-1.0118139996740938,0.02340933291137657
nrs,ZERO_THREE_RIGHT,47.5,45.0,50.0,116,49,47,52,-0.14858037460882584,0.11143459728911091,-0.60374385,-1.0411785655631487,0.021624083363981313
nrs,ZERO_THREE_RIGHT,48.5,46.0,51.0,116,49,47,52,-0.15410719865311195,0.09859718559366153,-0.559356,-0.949560364823264,0.036140319934291544
nrs,ZERO_THREE_RIGHT,49.5,47.0,52.0,116,49,47,52,-0.1299739167079847,0.16434425194949234,-0.52965194,-0.8765648732465245,0.04469012348546927
nrs,ZERO_THREE_RIGHT,50.5,48.0,53.0,116,49,47,52,-0.18509772705593036,0.046679368396410785,-0.5837351,-0.9552653204377539,0.02440825696781205
nrs,ZERO_THREE_RIGHT,51.5,49.0,54.0,116,49,47,52,-0.20916286055650826,0.024237595352885014,-0.62531525,-1.043156342021208,0.016214777233215065
nrs,ZERO_THREE_RIGHT,52.5,50.0,55.0,116,49,47,52,-0.20720724217784445,0.025628050983833715,-0.567288,-0.9459811081398775,0.02887923497748988
nrs,ZERO_THREE_RIGHT,53.5,51.0,56.0,116,49,47,52,-0.23556640519720642,0.010909592374127775,-0.594177,-0.9797699886136861,0.025925091811165608
nrs,ZERO_THREE_RIGHT,54.5,52.0,57.0,116,49,47,52,-0.25157398876304815,0.0064467290993602475,-0.5684955,-0.9140523787878845,0.03163102698393706
nrs,ZERO_THREE_RIGHT,55.5,53.0,58.0,116,49,47,52,-0.24288601059766013,0.008611726611954524,-0.58942366,-0.9384468802275147,0.024556468332241396
nrs,ZERO_THREE_RIGHT,56.5,54.0,59.0,116,49,47,52,-0.22044304555637495,0.017413349186090048,-0.53769505,-0.8223331705026747,0.04432471745598525
nrs,ZERO_THREE_RIGHT,57.5,55.0,60.0,116,49,47,52,-0.23895714376145183,0.009785635275948482,-0.6201734,-0.9972494455747741,0.02006482153864143
nrs,ZERO_THREE_RIGHT,58.5,56.0,61.0,116,49,47,52,-0.23553331639509734,0.010921096398880788,-0.66428965,-1.1065553085145154,0.01411067826123738
nrs,ZERO_THREE_RIGHT,59.5,57.0,62.0,116,49,47,52,-0.2798877110592931,0.002343131244135241,-0.8292901,-1.3667888863653306,0.002980318150004182
nrs,ZERO_THREE_RIGHT,60.5,58.0,63.0,116,49,47,52,-0.2739100187518687,0.0029272777574389282,-0.8380587,-1.4084694590955427,0.0025703174534459235
nrs,ZERO_THREE_RIGHT,61.5,59.0,64.0,116,49,47,52,-0.2850585739383123,0.0019251600311240445,-0.8539562,-1.4598818738906338,0.003084524134221142
nrs,ZERO_THREE_RIGHT,62.5,60.0,65.0,116,49,47,52,-0.2698655425777402,0.0033937429703151467,-0.7870609,-1.236589983602069,0.003657519839202929
nrs,ZERO_THREE_RIGHT,63.5,61.0,66.0,116,49,47,52,-0.26275990811679295,0.004377225624412328,-0.793446,-1.2544125279022569,0.0036305053951657816
nrs,ZERO_THREE_RIGHT,64.5,62.0,67.0,116,49,47,52,-0.261568970813014,0.0045649757503592285,-0.8135651,-1.3375289932091063,0.0016042199663675464
nrs,ZERO_THREE_RIGHT,65.5,63.0,68.0,116,49,47,52,-0.25609700077635217,0.00552337697023701,-0.784138,-1.2287673420200664,0.0029231381211056355
nrs,ZERO_THREE_RIGHT,66.5,64.0,69.0,116,49,47,52,-0.25845638792687425,0.005090100828444714,-0.7985244,-1.2260067614717882,0.0019251161300918528
nrs,ZERO_THREE_RIGHT,67.5,65.0,70.0,116,49,47,52,-0.2708095886025549,0.003279257221291657,-0.84317464,-1.4022745716569558,0.0012302952039337746
nrs,ZERO_THREE_RIGHT,68.5,66.0,71.0,116,49,47,52,-0.22873507875188723,0.013522359724500369,-0.75748175,-1.239072399117661,0.0021877655510160812
nrs,ZERO_THREE_RIGHT,69.5,67.0,72.0,116,49,47,52,-0.17804685015481933,0.05585518063383785,-0.60072875,-0.9386872255614273,0.015146450210243856
nrs,ZERO_THREE_RIGHT,70.5,68.0,73.0,116,49,47,52,-0.1645035685015068,0.07762889198735082,-0.5886453,-0.9202295195516741,0.018110384030617946
nrs,ZERO_THREE_RIGHT,71.5,69.0,74.0,116,49,47,52,-0.15570817381370133,0.09510487003580424,-0.5725062,-0.9176097210872116,0.019169956915945637
nrs,ZERO_THREE_RIGHT,72.5,70.0,75.0,116,49,47,52,-0.14495311697372143,0.12054332316167707,-0.53834414,-0.8113513776159398,0.030258562083619395
nrs,ZERO_THREE_RIGHT,73.5,71.0,76.0,116,49,47,52,-0.15889321570672033,0.08844832948126573,-0.5900333,-0.9098533240884298,0.016302255165217674
nrs,ZERO_THREE_RIGHT,74.5,72.0,77.0,116,49,47,52,-0.18290282332592972,0.0493909713508073,-0.67984253,-1.1639508570789716,0.006019345768803578
nrs,ZERO_THREE_RIGHT,75.5,73.0,78.0,116,49,47,52,-0.19121452771199046,0.0397677342687592,-0.6575596,-1.1128524902172914,0.006688199478878595
nrs,ZERO_THREE_RIGHT,76.5,74.0,79.0,116,49,47,52,-0.22101562526249643,0.01711651700291584,-0.72233295,-1.326499877335587,0.002579873341863937
nrs,ZERO_THREE_RIGHT,77.5,75.0,80.0,116,49,47,52,-0.19870107885454177,0.03249488156360581,-0.6772064,-1.211549297706646,0.003845306701283102
nrs,ZERO_THREE_RIGHT,78.5,76.0,81.0,116,49,47,52,-0.22606076974309253,0.014684981266578773,-0.71043146,-1.3944966008675315,0.003268944324135212
nrs,ZERO_THREE_RIGHT,79.5,77.0,82.0,116,49,47,52,-0.25347661739152666,0.00604281109072671,-0.76334673,-1.7027660406998124,0.0012613624135690274
nrs,ZERO_THREE_RIGHT,80.5,78.0,83.0,116,49,47,52,-0.27623225972986415,0.0026863365104401907,-0.8232193,-1.8942340119099788,0.0006611270287419714
nrs,ZERO_THREE_RIGHT,81.5,79.0,84.0,116,49,47,52,-0.26219844253374325,0.00446486206660924,-0.8023893,-1.9377599471153806,0.0009047057554656516
nrs,ZERO_THREE_RIGHT,82.5,80.0,85.0,116,49,47,52,-0.28228044994711027,0.0021404736655184675,-0.84540814,-2.1720043687375092,0.0017511030854438982
nrs,ZERO_THREE_RIGHT,83.5,81.0,86.0,116,49,47,52,-0.25524059979534847,0.005688589204910566,-0.8230976,-2.302636731331443,0.004968331368615725
nrs,ZERO_THREE_RIGHT,84.5,82.0,87.0,116,49,47,52,-0.22786486029978167,0.013891543184696865,-0.76709545,-1.8449032044977869,0.0014773731555696782
nrs,ZERO_THREE_RIGHT,85.5,83.0,88.0,116,49,47,52,-0.21667535039270222,0.019479892105934916,-0.7315086,-1.6344400021689605,0.0023992484752529135
nrs,ZERO_THREE_RIGHT,86.5,84.0,89.0,116,49,47,52,-0.20343995525508748,0.02849914089806604,-0.72509336,-1.5431145782098783,0.0034864568829623376
nrs,ZERO_THREE_RIGHT,87.5,85.0,90.0,116,49,47,52,-0.20173520702233463,0.02988559936913817,-0.7180369,-1.4568290988165435,0.0034170558437672757
nrs,ZERO_THREE_RIGHT,88.5,86.0,91.0,116,49,47,52,-0.20413183658994438,0.027952243221137683,-0.7000504,-1.3579860691144052,0.0037721102908240926
nrs,ZERO_THREE_RIGHT,89.5,87.0,92.0,116,49,47,52,-0.2056969154686011,0.0267479811560368,-0.724514,-1.448707770198705,0.0038091860520143737
nrs,ZERO_THREE_RIGHT,90.5,88.0,93.0,116,49,47,52,-0.20049803497135088,0.030927248486908736,-0.7121179,-1.3047371410210111,0.0029927364595180033
nrs,ZERO_THREE_RIGHT,91.5,89.0,94.0,116,49,47,52,-0.1655888514509207,0.07566416900470244,-0.656619,-1.1545528645486605,0.00692078481764553
nrs,ZERO_THREE_RIGHT,92.5,90.0,95.0,116,49,47,52,-0.13959456104091647,0.13503841939513356,-0.63563526,-1.0617927574076775,0.007596828070691569
nrs,ZERO_THREE_RIGHT,93.5,91.0,96.0,116,49,47,52,-0.13934988756806038,0.13573068181493003,-0.6363778,-0.9961726511079013,0.006418646760059061
nrs,ZERO_THREE_RIGHT,94.5,92.0,97.0,116,49,47,52,-0.14713992608848953,0.11498547688902123,-0.6550293,-1.0534573058544652,0.004669087494940707
nrs,ZERO_THREE_RIGHT,95.5,93.0,98.0,116,49,47,52,-0.13490946986313912,0.14876890807470045,-0.6457815,-1.0526179280462944,0.005490668578242833
nrs,ZERO_THREE_RIGHT,96.5,94.0,99.0,116,49,47,52,-0.1638534106994932,0.07882539855529117,-0.7008208,-1.1910484688179246,0.0032895856762857885
nrs,ZERO_THREE_RIGHT,97.5,95.0,100.0,116,49,47,52,-0.18569082364340656,0.045968247331895334,-0.7287605,-1.3100163651806505,0.003915706729351789
nrs,ZERO_THREE_RIGHT,98.5,96.0,101.0,116,49,47,52,-0.16113266302909288,0.08399397542543784,-0.668959,-1.1657541108722205,0.005988768278732599
nrs,ZERO_TWO_LEFT,6.5,4.0,9.0,79,29,40,43,-0.34047362640032885,0.0021388111147851324,-0.3257306,-0.44994253926752126,0.3613224095106582
nrs,ZERO_TWO_LEFT,7.5,5.0,10.0,79,29,40,43,-0.2566620489712657,0.022413050415498157,-0.0920894,-0.122536265517126,0.8004707529961105
nrs,ZERO_TWO_LEFT,8.5,6.0,11.0,79,29,40,43,-0.268860272016805,0.01658018849941657,-0.14947385,-0.19620701134726257,0.6709121165863523
nrs,ZERO_TWO_LEFT,9.5,7.0,12.0,79,29,40,43,-0.24911835484809236,0.02683223913029919,-0.11621883,-0.1452871449866161,0.7454185083611607
nrs,ZERO_TWO_LEFT,10.5,8.0,13.0,79,29,40,43,-0.23005461947279154,0.041387883866898754,-0.0961223,-0.11999366748642895,0.7871316613861774
nrs,ZERO_TWO_LEFT,11.5,9.0,14.0,79,29,40,43,-0.20608016717546912,0.06844030350171439,-0.07337783,-0.09485958900205989,0.8364759677401479
nrs,ZERO_TWO_LEFT,12.5,10.0,15.0,79,29,40,43,-0.18948659551649202,0.09441817276160275,-0.08874948,-0.11994968592904487,0.8070801221100533
nrs,ZERO_TWO_LEFT,13.5,11.0,16.0,79,29,40,43,-0.1648633566880315,0.14651914372339475,-0.05827207,-0.08368887971072675,0.8698753207673042
nrs,ZERO_TWO_LEFT,14.5,12.0,17.0,79,29,40,43,-0.13995962484758986,0.21861254490343174,-0.035745684,-0.05519994805014449,0.9159187226666741
nrs,ZERO_TWO_LEFT,15.5,13.0,18.0,79,29,40,43,-0.11411168561210264,0.31665468194900637,0.0036348247,0.005760653391794852,0.9911554408376078
nrs,ZERO_TWO_LEFT,16.5,14.0,19.0,79,29,40,43,-0.09712193211161095,0.39449457616461303,0.0040329676,0.006439996320474832,0.9901346361554522
nrs,ZERO_TWO_LEFT,17.5,15.0,20.0,79,29,40,43,-0.09506485880707358,0.4046322975838101,0.02689653,0.043926684728718086,0.9329823659230145
nrs,ZERO_TWO_LEFT,18.5,16.0,21.0,79,29,40,43,-0.11666761113159994,0.3058646686574194,-0.0033436029,-0.0053015977796440055,0.9923082587752418
nrs,ZERO_TWO_LEFT,19.5,17.0,22.0,79,29,40,43,-0.09389351644426941,0.41047254876576095,0.046353772,0.07142403583702069,0.8932664591349215
nrs,ZERO_TWO_LEFT,20.5,18.0,23.0,79,29,40,43,-0.09086043867373202,0.42582157612290106,0.025778381,0.03810981860596523,0.9396137964609016
nrs,ZERO_TWO_LEFT,21.5,19.0,24.0,79,29,40,43,-0.022655783699041237,0.8429005137509654,0.15899573,0.22655485858419364,0.6362159591465382
nrs,ZERO_TWO_LEFT,22.5,20.0,25.0,79,29,40,43,0.026501613930195955,0.8166640829787655,0.19970675,0.281132988543288,0.5381501457255611
nrs,ZERO_TWO_LEFT,23.5,21.0,26.0,79,29,40,43,0.09448302672602893,0.40752716799947364,0.2794402,0.3976353654763198,0.36532747274494626
nrs,ZERO_TWO_LEFT,24.5,22.0,27.0,79,29,40,43,0.11514821488147317,0.31224974690142804,0.23097654,0.33292764267922564,0.4521776489449769
nrs,ZERO_TWO_LEFT,25.5,23.0,28.0,79,29,40,43,0.12494289693885102,0.27258816864833196,0.26185718,0.38027880426722216,0.38466535733959106
nrs,ZERO_TWO_LEFT,26.5,24.0,29.0,79,29,40,43,0.027281167033435725,0.811369413211439,0.031897865,0.05094293984514085,0.9210776909614282
nrs,ZERO_TWO_LEFT,27.5,25.0,30.0,79,29,40,43,-0.06294644075859525,0.5815586013705506,-0.12033425,-0.2107620003203159,0.728688875724588
nrs,ZERO_TWO_LEFT,28.5,26.0,31.0,79,29,40,43,-0.03368270132712767,0.7682305771717463,-0.030728383,-0.05461572082663858,0.9223380693787363
nrs,ZERO_TWO_LEFT,29.5,27.0,32.0,79,29,40,43,-0.058884036697204864,0.6062188638487429,-0.018868713,-0.03436167097311066,0.953995477517647
nrs,ZERO_TWO_LEFT,30.5,28.0,33.0,79,29,40,43,-0.11521067578219396,0.31198557773936686,-0.1224709,-0.20919128459068054,0.7326621745057935
nrs,ZERO_TWO_LEFT,31.5,29.0,34.0,79,29,40,43,-0.09217841855717956,0.41911192288504545,-0.06002511,-0.09833987418124289,0.8689300271395018
nrs,ZERO_TWO_LEFT,32.5,30.0,35.0,79,29,40,43,-0.09262409312137455,0.4168569254486246,-0.097510986,-0.1520725045650126,0.7850124934456509
nrs,ZERO_TWO_LEFT,33.5,31.0,36.0,79,29,40,43,-0.17417010602637206,0.12474889068554597,-0.32038713,-0.49242847502296033,0.3999284167402696
nrs,ZERO_TWO_LEFT,34.5,32.0,37.0,79,29,40,43,-0.2270627389446417,0.04418019290401544,-0.41125372,-0.6329800121387196,0.2497520884180382
nrs,ZERO_TWO_LEFT,35.5,33.0,38.0,79,29,40,43,-0.2700937613202755,0.01607071270763333,-0.52352136,-0.877611386871312,0.13759018470730247
nrs,ZERO_TWO_LEFT,36.5,34.0,39.0,79,29,40,43,-0.32407912213665163,0.0035724316472735573,-0.7250163,-1.2526291489863763,0.059968859015943725
nrs,ZERO_TWO_LEFT,37.5,35.0,40.0,79,29,40,43,-0.28229994289767185,0.011714241821652422,-0.6391347,-1.0648949809262243,0.09484595419793199
nrs,ZERO_TWO_LEFT,38.5,36.0,41.0,79,29,40,43,-0.29221399195595127,0.008970971223918883,-0.55857825,-0.973353320825713,0.14495063638130892
nrs,ZERO_TWO_LEFT,39.5,37.0,42.0,79,29,40,43,-0.3096176507517815,0.005492075755017083,-0.623628,-1.121284456104106,0.19423625394979716
nrs,ZERO_TWO_LEFT,40.5,38.0,43.0,79,29,40,43,-0.3109242257414436,0.005287236400101421,-0.61731446,-1.07865651349572,0.22537185353936362
nrs,ZERO_TWO_LEFT,41.5,39.0,44.0,79,29,40,43,-0.2815745972812932,0.011940924334435448,-0.4603334,-0.7581101428719589,0.29668012448984094
nrs,ZERO_TWO_LEFT,42.5,40.0,45.0,79,29,40,43,-0.3049786618311966,0.006277219512741606,-0.4741518,-0.7684559541405075,0.27885254333145604
nrs,ZERO_TWO_LEFT,43.5,41.0,46.0,79,29,40,43,-0.3294089897670823,0.003032795936433414,-0.58854145,-0.9164722491488274,0.18080577844051082
nrs,ZERO_TWO_LEFT,44.5,42.0,47.0,79,29,40,43,-0.3601405255121433,0.001113694766667757,-0.6273465,-1.0166031261858384,0.12058874475044176
nrs,ZERO_TWO_LEFT,45.5,43.0,48.0,79,29,40,43,-0.3465869821989188,0.0017538740846820499,-0.6544224,-1.0893098046953404,0.09731381077641442
nrs,ZERO_TWO_LEFT,46.5,44.0,49.0,79,29,40,43,-0.3563706282944333,0.0012661722170344424,-0.7522051,-1.2855607758963148,0.08029735847037044
nrs,ZERO_TWO_LEFT,47.5,45.0,50.0,79,29,40,43,-0.3381244010243639,0.0023058685951362922,-0.7437661,-1.2892651774797774,0.08540360127389193
nrs,ZERO_TWO_LEFT,48.5,46.0,51.0,79,29,40,43,-0.36190105980376097,0.0010483593413270734,-0.73162895,-1.2536139334712229,0.04999929348762699
nrs,ZERO_TWO_LEFT,49.5,47.0,52.0,79,29,40,43,-0.2918392739795205,0.00906339754062529,-0.6361483,-1.0987454515799837,0.11606594297237721
nrs,ZERO_TWO_LEFT,50.5,48.0,53.0,79,29,40,43,-0.3593124297906611,0.00114568427963955,-0.74961233,-1.3232568356935293,0.08411712498384959
nrs,ZERO_TWO_LEFT,51.5,49.0,54.0,79,29,40,43,-0.28803043385308097,0.010051187612812611,-0.59959346,-1.064878819944175,0.12734055140138167
nrs,ZERO_TWO_LEFT,52.5,50.0,55.0,79,29,40,43,-0.34500253343906745,0.0018471286424292614,-0.700085,-1.2173728698030601,0.07846299605572644
nrs,ZERO_TWO_LEFT,53.5,51.0,56.0,79,29,40,43,-0.3784527939015489,0.0005838585826894843,-0.76225024,-1.2438299678311242,0.046290209683284934
nrs,ZERO_TWO_LEFT,54.5,52.0,57.0,79,29,40,43,-0.4683855560394845,1.3419196010769693e-05,-0.8945572,-1.4863677208565265,0.016382388521735115
nrs,ZERO_TWO_LEFT,55.5,53.0,58.0,79,29,40,43,-0.4085001428349852,0.00018593178173727313,-0.7510933,-1.2135310136991095,0.039003229617357554
nrs,ZERO_TWO_LEFT,56.5,54.0,59.0,79,29,40,43,-0.4389142719616643,5.2029260069113915e-05,-0.79217035,-1.3062584297853308,0.03619778377927329
nrs,ZERO_TWO_LEFT,57.5,55.0,60.0,79,29,40,43,-0.4316852208304071,7.120637942960366e-05,-0.78597546,-1.487035197607154,0.03079559379773019
nrs,ZERO_TWO_LEFT,58.5,56.0,61.0,79,29,40,43,-0.37439951231692264,0.0006757763641052403,-0.7066626,-1.649256827213149,0.07497049129197816
nrs,ZERO_TWO_LEFT,59.5,57.0,62.0,79,29,40,43,-0.2818557795709963,0.011852601698781705,-0.6095478,-1.4306846370049324,0.11027892192130703
nrs,ZERO_TWO_LEFT,60.5,58.0,63.0,79,29,40,43,-0.32961128756441643,0.003013832714022621,-0.7201196,-1.8285332946097537,0.08680145522617824
nrs,ZERO_TWO_LEFT,61.5,59.0,64.0,79,29,40,43,-0.36291284993147555,0.0010124032252310203,-0.8492256,-2.13565516130681,0.05810684539458506
nrs,ZERO_TWO_LEFT,62.5,60.0,65.0,79,29,40,43,-0.37191379474555447,0.0007384809024447801,-0.7463749,-1.584025644355488,0.0857532460174044
nrs,ZERO_TWO_LEFT,63.5,61.0,66.0,79,29,40,43,-0.366745093743508,0.0008861340162869592,-0.69693214,-1.2669827676636767,0.13213803546990363
nrs,ZERO_TWO_LEFT,64.5,62.0,67.0,79,29,40,43,-0.3303943084411753,0.002941428466943149,-0.59927166,-1.0727977526684795,0.17506152878175285
nrs,ZERO_TWO_LEFT,65.5,63.0,68.0,79,29,40,43,-0.3294902789258838,0.00302516317660348,-0.59552515,-1.104407619050152,0.1866760221385444
nrs,ZERO_TWO_LEFT,66.5,64.0,69.0,79,29,40,43,-0.2982960930519451,0.007582042521729111,-0.55243236,-1.0240019873184665,0.21622649715690923
nrs,ZERO_TWO_LEFT,67.5,65.0,70.0,79,29,40,43,-0.2925377308072479,0.00889178465379214,-0.5731256,-1.0631185717619474,0.18536418246463382
nrs,ZERO_TWO_LEFT,68.5,66.0,71.0,79,29,40,43,-0.2569238989194896,0.022271524335145464,-0.3792906,-0.7750496622018351,0.3023597421601393
nrs,ZERO_TWO_LEFT,69.5,67.0,72.0,79,29,40,43,-0.30325056420141605,0.006594087144738087,-0.47612995,-0.9621055488472465,0.22317457706883415
nrs,ZERO_TWO_LEFT,70.5,68.0,73.0,79,29,40,43,-0.314902972526556,0.0047045057988608745,-0.46049994,-0.9010738135004308,0.2247817526134912
nrs,ZERO_TWO_LEFT,71.5,69.0,74.0,79,29,40,43,-0.24404472441500114,0.03020214973285619,-0.32923716,-0.6686418846620807,0.3465168376677127
nrs,ZERO_TWO_LEFT,72.5,70.0,75.0,79,29,40,43,-0.24778581810721623,0.02768491723404912,-0.42290822,-0.903760502584079,0.22588681179976633
nrs,ZERO_TWO_LEFT,73.5,71.0,76.0,79,29,40,43,-0.3949328465766079,0.00031592319303908793,-0.8419373,-1.8297845324178417,0.04022312175745396
nrs,ZERO_TWO_LEFT,74.5,72.0,77.0,79,29,40,43,-0.3292482975144199,0.0030479350418668844,-0.70694435,-1.562800663270046,0.09823757861655642
nrs,ZERO_TWO_LEFT,75.5,73.0,78.0,79,29,40,43,-0.3022204437357682,0.006789607092000597,-0.6947381,-1.5374713978300456,0.08722823581136754
nrs,ZERO_TWO_LEFT,76.5,74.0,79.0,79,29,40,43,-0.4062080478033525,0.00020367668834830166,-0.8000183,-1.7228708671492305,0.06945917687468077
nrs,ZERO_TWO_LEFT,77.5,75.0,80.0,79,29,40,43,-0.3850468585251548,0.00045840537103426587,-0.6814294,-1.415596180284345,0.13490807838180105
nrs,ZERO_TWO_LEFT,78.5,76.0,81.0,79,29,40,43,-0.3159768990932908,0.004557322300495442,-0.5256236,-1.1196617336377166,0.22036325244115695
nrs,ZERO_TWO_LEFT,79.5,77.0,82.0,79,29,40,43,-0.28161476146718295,0.011928273381422463,-0.42731467,-0.9371733665096705,0.3138189150862336
nrs,ZERO_TWO_LEFT,80.5,78.0,83.0,79,29,40,43,-0.2611017642463813,0.020114428762997627,-0.34821385,-0.6425501032681138,0.35372890437623195
nrs,ZERO_TWO_LEFT,81.5,79.0,84.0,79,29,40,43,-0.23980850021710612,0.033282607665306475,-0.3667478,-0.6445250956532651,0.3196990413882794
nrs,ZERO_TWO_LEFT,82.5,80.0,85.0,79,29,40,43,-0.30260027030397396,0.006716928405505455,-0.5195397,-0.9589023862422433,0.15381387209706543
nrs,ZERO_TWO_LEFT,83.5,81.0,86.0,79,29,40,43,-0.34513867727912,0.0018389438560829586,-0.65712696,-1.2233517504686784,0.05941462269863037
nrs,ZERO_TWO_LEFT,84.5,82.0,87.0,79,29,40,43,-0.39755065311065096,0.0002857069401985203,-0.78006434,-1.5756635947333106,0.022856904261053013
nrs,ZERO_TWO_LEFT,85.5,83.0,88.0,79,29,40,43,-0.44304463423568974,4.335066059529938e-05,-0.94198114,-2.0842440370329793,0.004010040252407825
nrs,ZERO_TWO_LEFT,86.5,84.0,89.0,79,29,40,43,-0.46287017917762463,1.745931622399762e-05,-0.9086907,-2.0197867666123077,0.003992758826600928
nrs,ZERO_TWO_LEFT,87.5,85.0,90.0,79,29,40,43,-0.3938303339668897,0.00032950507247656843,-0.6967752,-1.7105864953305847,0.037632826595263194
nrs,ZERO_TWO_LEFT,88.5,86.0,91.0,79,29,40,43,-0.3306630185570253,0.002916942421811141,-0.68636,-1.8959583740189128,0.02494649520096996
nrs,ZERO_TWO_LEFT,89.5,87.0,92.0,79,29,40,43,-0.3853562243290865,0.0004531758174750198,-0.78393364,-2.264568573790556,0.006557990333962181
nrs,ZERO_TWO_LEFT,90.5,88.0,93.0,79,29,40,43,-0.38663498856967454,0.0004321333538673632,-0.80781424,-2.1927911112431184,0.003960686277002033
nrs,ZERO_TWO_LEFT,91.5,89.0,94.0,79,29,40,43,-0.31379110117883496,0.004861319238385249,-0.67589206,-1.8677994677604202,0.014917072271453384
nrs,ZERO_TWO_LEFT,92.5,90.0,95.0,79,29,40,43,-0.3657437247428069,0.0009176672356569467,-0.74494636,-1.9732522992720976,0.008328770831041353
nrs,ZERO_TWO_LEFT,93.5,91.0,96.0,79,29,40,43,-0.341814020303084,0.0020484449785330527,-0.5955755,-1.4352416235922347,0.03363057293002117
nrs,ZERO_TWO_LEFT,94.5,92.0,97.0,79,29,40,43,-0.3785098779940013,0.0005826497797089235,-0.6750774,-1.5817898250841333,0.04192786487115168
nrs,ZERO_TWO_LEFT,95.5,93.0,98.0,79,29,40,43,-0.23784508033377533,0.034797339201936235,-0.375974,-0.8764643488523556,0.24679183015069572
nrs,ZERO_TWO_LEFT,96.5,94.0,99.0,79,29,40,43,-0.2836602224372551,0.01129920586562833,-0.51527005,-1.2208276693509814,0.10689914427508802
nrs,ZERO_TWO_LEFT,97.5,95.0,100.0,79,29,40,43,-0.2822424931808553,0.011732058344817123,-0.6188903,-1.5869488327093968,0.05098136025481928
nrs,ZERO_TWO_LEFT,98.5,96.0,101.0,79,29,40,43,-0.3104499810823428,0.005360790822886097,-0.5938958,-1.404845840104171,0.1064611285948819
nrs,ZERO_TWO_RIGHT,6.5,4.0,9.0,73,29,34,39,-0.0724396672071624,0.5424957748829061,-0.046141513,-0.05492086997080997,0.873566348191854
nrs,ZERO_TWO_RIGHT,7.5,5.0,10.0,73,29,34,39,-0.06680116958314666,0.5744388425930432,-0.011317455,-0.01395045702485836,0.9682836407172847
nrs,ZERO_TWO_RIGHT,8.5,6.0,11.0,73,29,34,39,-0.047257779474383706,0.6913500592945301,0.037453793,0.04636961673869557,0.8959424320661171
nrs,ZERO_TWO_RIGHT,9.5,7.0,12.0,73,29,34,39,-0.04421110125368946,0.7103382901369606,0.010431823,0.013205722195945575,0.9698863515264718
nrs,ZERO_TWO_RIGHT,10.5,8.0,13.0,73,29,34,39,-0.05232727300327671,0.6601766692516551,0.002135356,0.0027909654163255308,0.9938180007675146
nrs,ZERO_TWO_RIGHT,11.5,9.0,14.0,73,29,34,39,-0.03631843912405228,0.7603282721258852,0.033745296,0.04532328550144531,0.9010766017998567
nrs,ZERO_TWO_RIGHT,12.5,10.0,15.0,73,29,34,39,-0.044648380233389004,0.7076018090041233,0.0032586341,0.004260749299645063,0.9899605661757699
nrs,ZERO_TWO_RIGHT,13.5,11.0,16.0,73,29,34,39,-0.08702424330686687,0.4641119561115963,-0.058424354,-0.07546372639039652,0.8183236320801242
nrs,ZERO_TWO_RIGHT,14.5,12.0,17.0,73,29,34,39,-0.09547286528723294,0.4216978704711628,-0.067266226,-0.09245772442323967,0.8016501114559391
nrs,ZERO_TWO_RIGHT,15.5,13.0,18.0,73,29,34,39,-0.11809757833411619,0.3196884753777152,-0.12086847,-0.1805077628614352,0.6586064526764945
nrs,ZERO_TWO_RIGHT,16.5,14.0,19.0,73,29,34,39,-0.14918094866985565,0.20779000603875908,-0.18929584,-0.2825562081640591,0.48359847204226025
nrs,ZERO_TWO_RIGHT,17.5,15.0,20.0,73,29,34,39,-0.13524370894078797,0.25394096324350024,-0.15392059,-0.24980653023816382,0.591286042653648
nrs,ZERO_TWO_RIGHT,18.5,16.0,21.0,73,29,34,39,-0.08967981597081683,0.45053584370262484,-0.14020506,-0.22293178580941647,0.6187923865312559
nrs,ZERO_TWO_RIGHT,19.5,17.0,22.0,73,29,34,39,-0.10725339134606804,0.3664378673539863,-0.20107625,-0.3228999272938883,0.4693426682920815
nrs,ZERO_TWO_RIGHT,20.5,18.0,23.0,73,29,34,39,-0.1026191877466725,0.38762656422272795,-0.23314582,-0.3593340635775979,0.38798673495969394
nrs,ZERO_TWO_RIGHT,21.5,19.0,24.0,73,29,34,39,-0.053845844957348024,0.6509469557294115,-0.16221364,-0.2354276145636435,0.5328200688120449
nrs,ZERO_TWO_RIGHT,22.5,20.0,25.0,73,29,34,39,-0.020417808030963925,0.863864674972685,-0.15010402,-0.20690707624034077,0.5838645398773298
nrs,ZERO_TWO_RIGHT,23.5,21.0,26.0,73,29,34,39,-0.009477825788962922,0.9365691788267679,-0.16942707,-0.26160543623085003,0.5308556532983342
nrs,ZERO_TWO_RIGHT,24.5,22.0,27.0,73,29,34,39,-0.015879756799186608,0.8939218652571975,-0.22026357,-0.34897773537582616,0.42013170201948635
nrs,ZERO_TWO_RIGHT,25.5,23.0,28.0,73,29,34,39,-0.007509997604823617,0.9497196533093598,-0.22187322,-0.3705579058885267,0.3866419613605878
nrs,ZERO_TWO_RIGHT,26.5,24.0,29.0,73,29,34,39,-0.0053195472818736,0.9643734767620148,-0.23529133,-0.389429818948441,0.3602330068604256
nrs,ZERO_TWO_RIGHT,27.5,25.0,30.0,73,29,34,39,-0.05754212884468959,0.6287013333823056,-0.32983446,-0.596094266573389,0.19225151150717446
nrs,ZERO_TWO_RIGHT,28.5,26.0,31.0,73,29,34,39,-0.08544558746448601,0.4722869596023702,-0.3618226,-0.6374836815478555,0.18397130015421093
nrs,ZERO_TWO_RIGHT,29.5,27.0,32.0,73,29,34,39,-0.0599334991376847,0.6144813802163752,-0.31569225,-0.5106363201391537,0.2243766719534891
nrs,ZERO_TWO_RIGHT,30.5,28.0,33.0,73,29,34,39,-0.08013329849059964,0.5003576558884044,-0.31338957,-0.4601401371961241,0.220496641392687
nrs,ZERO_TWO_RIGHT,31.5,29.0,34.0,73,29,34,39,-0.10707438960587955,0.36724293722905454,-0.35301554,-0.5365395815774934,0.14576783670233182
nrs,ZERO_TWO_RIGHT,32.5,30.0,35.0,73,29,34,39,-0.09031524357774338,0.44732029671543966,-0.33433065,-0.5074233436129713,0.1363580485745178
nrs,ZERO_TWO_RIGHT,33.5,31.0,36.0,73,29,34,39,-0.12520611970602546,0.29121598342128885,-0.39072052,-0.5689988340763169,0.08047490251592618
nrs,ZERO_TWO_RIGHT,34.5,32.0,37.0,73,29,34,39,-0.14813806812065675,0.2110217662120874,-0.37095985,-0.5678547488767216,0.06802373836235663
nrs,ZERO_TWO_RIGHT,35.5,33.0,38.0,73,29,34,39,-0.19480379299250739,0.098628224153353,-0.47719234,-0.7920360458460277,0.0411313514315982
nrs,ZERO_TWO_RIGHT,36.5,34.0,39.0,73,29,34,39,-0.23801973130475568,0.042582215275491615,-0.4951022,-0.8438336897406622,0.08229841085596022
nrs,ZERO_TWO_RIGHT,37.5,35.0,40.0,73,29,34,39,-0.2579247629064286,0.02758800400211138,-0.5285026,-0.8354854133239259,0.04895141961529663
nrs,ZERO_TWO_RIGHT,38.5,36.0,41.0,73,29,34,39,-0.2597572820707274,0.026465872584491606,-0.50471413,-0.7502428168105613,0.06504614948038442
nrs,ZERO_TWO_RIGHT,39.5,37.0,42.0,73,29,34,39,-0.2384430854996515,0.0422043795951655,-0.45655313,-0.6596369381229088,0.07816625897324696
nrs,ZERO_TWO_RIGHT,40.5,38.0,43.0,73,29,34,39,-0.21626861106371978,0.06610344459896353,-0.39510632,-0.5553747131761849,0.10316449172426291
nrs,ZERO_TWO_RIGHT,41.5,39.0,44.0,73,29,34,39,-0.2043740689006564,0.08284857358930103,-0.41319725,-0.5828132181970752,0.07170252230708432
nrs,ZERO_TWO_RIGHT,42.5,40.0,45.0,73,29,34,39,-0.20712938237186132,0.07869789171061797,-0.3976781,-0.5705066923460952,0.0893964392421583
nrs,ZERO_TWO_RIGHT,43.5,41.0,46.0,73,29,34,39,-0.20184380741565683,0.08681140907066506,-0.36981136,-0.5462733259357809,0.10535340339234232
nrs,ZERO_TWO_RIGHT,44.5,42.0,47.0,73,29,34,39,-0.22977973594146217,0.0505115035648006,-0.4640759,-0.7669878268733764,0.07596821033176042
nrs,ZERO_TWO_RIGHT,45.5,43.0,48.0,73,29,34,39,-0.2209882799482646,0.06026673665509809,-0.50129306,-0.8291490642384712,0.0738645500852041
nrs,ZERO_TWO_RIGHT,46.5,44.0,49.0,73,29,34,39,-0.22051189283808312,0.06083620878044645,-0.489868,-0.861099371791457,0.06746884359373555
nrs,ZERO_TWO_RIGHT,47.5,45.0,50.0,73,29,34,39,-0.25330491828913915,0.03059643815937832,-0.5829364,-1.0769898038057244,0.014200775885328861
nrs,ZERO_TWO_RIGHT,48.5,46.0,51.0,73,29,34,39,-0.27192301791031137,0.019951995580080106,-0.70120937,-1.6345485718547708,0.004521608444742742
nrs,ZERO_TWO_RIGHT,49.5,47.0,52.0,73,29,34,39,-0.2546577085974653,0.02968822875059609,-0.61433977,-1.1809434598108492,0.01382984236647086
nrs,ZERO_TWO_RIGHT,50.5,48.0,53.0,73,29,34,39,-0.2477195513973618,0.03459724558264949,-0.6329078,-1.3376397264896471,0.008081667268822819
nrs,ZERO_TWO_RIGHT,51.5,49.0,54.0,73,29,34,39,-0.2415299342240974,0.03953251459535729,-0.61180437,-1.1063342083223495,0.022574450806867843
nrs,ZERO_TWO_RIGHT,52.5,50.0,55.0,73,29,34,39,-0.21483666089514644,0.06796176454093955,-0.49011362,-0.7544533903487205,0.03448067831721601
nrs,ZERO_TWO_RIGHT,53.5,51.0,56.0,73,29,34,39,-0.25422186749639014,0.0299783248826474,-0.51329386,-0.7092079404640127,0.0363238989153725
nrs,ZERO_TWO_RIGHT,54.5,52.0,57.0,73,29,34,39,-0.2202456895799783,0.061156322955704126,-0.43176103,-0.5704210974053339,0.03981525548556851
nrs,ZERO_TWO_RIGHT,55.5,53.0,58.0,73,29,34,39,-0.2590341438976143,0.026903984399075237,-0.45512846,-0.5917475540398948,0.03209865186443869
nrs,ZERO_TWO_RIGHT,56.5,54.0,59.0,73,29,34,39,-0.302204302482956,0.009362324205122594,-0.5625909,-0.8346140420192405,0.0070259098855326935
nrs,ZERO_TWO_RIGHT,57.5,55.0,60.0,73,29,34,39,-0.2849779739671467,0.014536237681826004,-0.5341289,-0.7978545516681937,0.014694433745275397
nrs,ZERO_TWO_RIGHT,58.5,56.0,61.0,73,29,34,39,-0.16572780620201683,0.161139231034152,-0.3255133,-0.48621135111282254,0.18539104773316617
nrs,ZERO_TWO_RIGHT,59.5,57.0,62.0,73,29,34,39,-0.23242144799705783,0.047847241444824315,-0.50825816,-0.8513762906976065,0.05515321889775398
nrs,ZERO_TWO_RIGHT,60.5,58.0,63.0,73,29,34,39,-0.1742089094211757,0.14046846208410033,-0.36117187,-0.5760682863156062,0.15100649739663125
nrs,ZERO_TWO_RIGHT,61.5,59.0,64.0,73,29,34,39,-0.11074242952649513,0.35096150640654195,-0.13754284,-0.18913438497402016,0.5828749191811926
nrs,ZERO_TWO_RIGHT,62.5,60.0,65.0,73,29,34,39,-0.1034757720352643,0.38365596334294055,-0.12523589,-0.18000733213312645,0.620782017890376
nrs,ZERO_TWO_RIGHT,63.5,61.0,66.0,73,29,34,39,-0.13433387838550992,0.2571790118324155,-0.1696131,-0.23726853283461283,0.4508742304157779
nrs,ZERO_TWO_RIGHT,64.5,62.0,67.0,73,29,34,39,-0.10459078152164943,0.37852412778942623,-0.023520293,-0.03502284312833247,0.9305688636644862
nrs,ZERO_TWO_RIGHT,65.5,63.0,68.0,73,29,34,39,-0.09581496484888342,0.42002870473896864,-0.0814416,-0.1300094620035097,0.743250793911937
nrs,ZERO_TWO_RIGHT,66.5,64.0,69.0,73,29,34,39,-0.1420235395616052,0.23068638640626674,-0.26833713,-0.42614271476353704,0.2576840452790765
nrs,ZERO_TWO_RIGHT,67.5,65.0,70.0,73,29,34,39,-0.13915999496989603,0.2403207671387266,-0.29615322,-0.45075015833404314,0.17801672328414675
nrs,ZERO_TWO_RIGHT,68.5,66.0,71.0,73,29,34,39,-0.14209477861193917,0.23045017914234528,-0.34449297,-0.5772569396946502,0.14007092313840525
nrs,ZERO_TWO_RIGHT,69.5,67.0,72.0,73,29,34,39,-0.1711477269111231,0.1476858655411424,-0.46807402,-0.8416292058437411,0.04342543093523173
nrs,ZERO_TWO_RIGHT,70.5,68.0,73.0,73,29,34,39,-0.22021959892425574,0.0611877707617728,-0.5110547,-0.8778063331026186,0.04271415348111682
nrs,ZERO_TWO_RIGHT,71.5,69.0,74.0,73,29,34,39,-0.19550009686373393,0.09740623550609197,-0.5027439,-0.8086625349941072,0.043671456335334605
nrs,ZERO_TWO_RIGHT,72.5,70.0,75.0,73,29,34,39,-0.1666301789157875,0.15883863916251723,-0.3364441,-0.5340307321733813,0.19478094497736598
nrs,ZERO_TWO_RIGHT,73.5,71.0,76.0,73,29,34,39,-0.2331253324508598,0.047157189706208635,-0.43540198,-0.7112050315440908,0.09902106074499892
nrs,ZERO_TWO_RIGHT,74.5,72.0,77.0,73,29,34,39,-0.18110996156997697,0.1251754731779902,-0.3943829,-0.6155266700922992,0.14282093167379786
nrs,ZERO_TWO_RIGHT,75.5,73.0,78.0,73,29,34,39,-0.1887271438802506,0.10980719091550709,-0.34304863,-0.5323743656118095,0.20655768718265755
nrs,ZERO_TWO_RIGHT,76.5,74.0,79.0,73,29,34,39,-0.147442405544708,0.21319722378300884,-0.22009145,-0.33837134272039,0.3702901588018329
nrs,ZERO_TWO_RIGHT,77.5,75.0,80.0,73,29,34,39,-0.1566155248885829,0.18576554467830436,-0.36521313,-0.5882467648228689,0.11549007520505335
nrs,ZERO_TWO_RIGHT,78.5,76.0,81.0,73,29,34,39,-0.06326010300929372,0.5949346497206414,-0.1388982,-0.2213296270271129,0.5866161005899809
nrs,ZERO_TWO_RIGHT,79.5,77.0,82.0,73,29,34,39,-0.057385691675870674,0.629636356245868,-0.04149668,-0.07046326446453283,0.88138675041521
nrs,ZERO_TWO_RIGHT,80.5,78.0,83.0,73,29,34,39,-0.02106940138369275,0.859563693097355,-0.033399142,-0.062433160978899276,0.908575523573891
nrs,ZERO_TWO_RIGHT,81.5,79.0,84.0,73,29,34,39,-0.028126859243912956,0.8132659202772109,0.011263627,0.02065579671318651,0.9734238687015265
nrs,ZERO_TWO_RIGHT,82.5,80.0,85.0,73,29,34,39,-0.0907528455272806,0.4451132831989531,-0.088934995,-0.1569377765162889,0.7783658986874937
nrs,ZERO_TWO_RIGHT,83.5,81.0,86.0,73,29,34,39,-0.028462453082393476,0.8110788950616518,-0.059934262,-0.10583583756729324,0.8387935988867476
nrs,ZERO_TWO_RIGHT,84.5,82.0,87.0,73,29,34,39,-0.039074600161483786,0.742747843825871,-0.13337938,-0.2197190599590958,0.6216817089875389
nrs,ZERO_TWO_RIGHT,85.5,83.0,88.0,73,29,34,39,-0.029346146648055238,0.8053269091811184,-0.059063684,-0.09898248309783735,0.8322310323422172
nrs,ZERO_TWO_RIGHT,86.5,84.0,89.0,73,29,34,39,-0.03380675831004439,0.7764557285253804,-0.12657699,-0.23069108167122038,0.6149792813416004
nrs,ZERO_TWO_RIGHT,87.5,85.0,90.0,73,29,34,39,-0.010051433136131976,0.9327389414016449,-0.137609,-0.269384877729706,0.5728684745670717
nrs,ZERO_TWO_RIGHT,88.5,86.0,91.0,73,29,34,39,-0.09122824656495213,0.442722534428505,-0.27758467,-0.5532830750592876,0.2898813825020652
nrs,ZERO_TWO_RIGHT,89.5,87.0,92.0,73,29,34,39,-0.11835660946625207,0.3186206867410911,-0.27620187,-0.6144138040799862,0.23999073715125374
nrs,ZERO_TWO_RIGHT,90.5,88.0,93.0,73,29,34,39,-0.11991248098387002,0.3122551714482008,-0.33257762,-0.7398461639414448,0.18331620438822693
nrs,ZERO_TWO_RIGHT,91.5,89.0,94.0,73,29,34,39,-0.15691917617166523,0.18490338277746204,-0.42392623,-0.8814937387169477,0.12318291819823748
nrs,ZERO_TWO_RIGHT,92.5,90.0,95.0,73,29,34,39,-0.09905996291081638,0.40438573549806034,-0.23565981,-0.4633108239262,0.4025582528142636
nrs,ZERO_TWO_RIGHT,93.5,91.0,96.0,73,29,34,39,-0.11223227504858908,0.34447842177910903,-0.2040925,-0.42125558084713166,0.4262252184056716
nrs,ZERO_TWO_RIGHT,94.5,92.0,97.0,73,29,34,39,-0.11366888332363506,0.33829832006912536,-0.130145,-0.2669166930880977,0.662189050053998
nrs,ZERO_TWO_RIGHT,95.5,93.0,98.0,73,29,34,39,-0.07840172771931833,0.5096909913312396,-0.08619897,-0.17769444701351275,0.7469473590480097
nrs,ZERO_TWO_RIGHT,96.5,94.0,99.0,73,29,34,39,-0.03505445981809897,0.7684319965373906,0.05833231,0.12629163287351808,0.8236675239592107
nrs,ZERO_TWO_RIGHT,97.5,95.0,100.0,73,29,34,39,-0.04757289854305129,0.6893966584030373,-0.008540238,-0.018217418430500395,0.9706565676231714
nrs,ZERO_TWO_RIGHT,98.5,96.0,101.0,73,29,34,39,-0.028009330976762177,0.8140321760203255,-0.042122323,-0.09486707057217321,0.8565479902299962
vas,ONE_THREE_LEFT,6.5,4.0,9.0,90,31,32,36,-0.39809544643320066,0.00010200564585122253,-0.97665626,-1.8973342861518991,0.04316109462887166
vas,ONE_THREE_LEFT,7.5,5.0,10.0,90,31,32,36,-0.391500123826939,0.0001358161695134084,-0.9348286,-1.8061716203132088,0.047587672909647584
vas,ONE_THREE_LEFT,8.5,6.0,11.0,90,31,32,36,-0.37492985457967404,0.0002716461273093924,-0.92293066,-1.6217460873776872,0.03687313594193731
vas,ONE_THREE_LEFT,9.5,7.0,12.0,90,31,32,36,-0.3736813165046515,0.00028578925845613973,-0.9315641,-1.5972095516346532,0.03412750278536729
vas,ONE_THREE_LEFT,10.5,8.0,13.0,90,31,32,36,-0.33757518215332816,0.0011386159443361533,-0.8412803,-1.4714930220167974,0.04548265950934577
vas,ONE_THREE_LEFT,11.5,9.0,14.0,90,31,32,36,-0.2914079932860337,0.005325638353699621,-0.757278,-1.2907675215930587,0.06590092277126307
vas,ONE_THREE_LEFT,12.5,10.0,15.0,90,31,32,36,-0.26903953002824366,0.010343821049962067,-0.7299215,-1.2147022018265092,0.07381505302713365
vas,ONE_THREE_LEFT,13.5,11.0,16.0,90,31,32,36,-0.25381460413733015,0.015782395662759234,-0.6835258,-1.0919892251530186,0.07134841465663706
vas,ONE_THREE_LEFT,14.5,12.0,17.0,90,31,32,36,-0.22039063793954478,0.036859036563038364,-0.60822105,-1.0032993464571833,0.08517558390612597
vas,ONE_THREE_LEFT,15.5,13.0,18.0,90,31,32,36,-0.1775979596572269,0.0940065535202305,-0.522881,-0.8712000217463682,0.12341918140590054
vas,ONE_THREE_LEFT,16.5,14.0,19.0,90,31,32,36,-0.18103201311330064,0.08771930811952666,-0.520013,-0.8848107193911485,0.1279998882821974
vas,ONE_THREE_LEFT,17.5,15.0,20.0,90,31,32,36,-0.16313141182621343,0.12447017076160595,-0.4903338,-0.8444313272655459,0.12330697433542752
vas,ONE_THREE_LEFT,18.5,16.0,21.0,90,31,32,36,-0.10882131287214757,0.3072665247820088,-0.39878085,-0.6607520734880349,0.1917697297240979
vas,ONE_THREE_LEFT,19.5,17.0,22.0,90,31,32,36,-0.06929671244073968,0.5163398982393569,-0.3046454,-0.5236097696498087,0.3087082818534176
vas,ONE_THREE_LEFT,20.5,18.0,23.0,90,31,32,36,-0.04330475724829266,0.6852772140641837,-0.2524547,-0.4286488483664361,0.42998848389074196
vas,ONE_THREE_LEFT,21.5,19.0,24.0,90,31,32,36,0.06337384125451634,0.5529068455122668,-0.032377876,-0.05339003229348203,0.9186174174225689
vas,ONE_THREE_LEFT,22.5,20.0,25.0,90,31,32,36,0.13639442044925537,0.19989052079905764,0.17494786,0.280584313485915,0.5903035093964781
vas,ONE_THREE_LEFT,23.5,21.0,26.0,90,31,32,36,0.16955563172955632,0.11012039494971107,0.30931982,0.48537613074264013,0.362014714490588
vas,ONE_THREE_LEFT,24.5,22.0,27.0,90,31,32,36,0.19235587839657337,0.06931795037674841,0.34640387,0.5379014597198846,0.32353388393024407
vas,ONE_THREE_LEFT,25.5,23.0,28.0,90,31,32,36,0.16996713194015445,0.10924696690087143,0.29522339,0.44880099339870927,0.41313175201595675
vas,ONE_THREE_LEFT,26.5,24.0,29.0,90,31,32,36,0.15808502575212593,0.1367147291924083,0.23315065,0.35344488236856264,0.5139659714116954
vas,ONE_THREE_LEFT,27.5,25.0,30.0,90,31,32,36,0.08820510989097065,0.40840533410092267,0.025422502,0.04025025281487526,0.9407002648701568
vas,ONE_THREE_LEFT,28.5,26.0,31.0,90,31,32,36,0.06228029378461569,0.5597921757835065,-0.08802929,-0.13761482202128675,0.790958625647851
vas,ONE_THREE_LEFT,29.5,27.0,32.0,90,31,32,36,0.025745283839082214,0.809658197096271,-0.18088964,-0.2944262719627316,0.5928163158386085
vas,ONE_THREE_LEFT,30.5,28.0,33.0,90,31,32,36,-0.00027265777591678865,0.9979649969802029,-0.25637776,-0.41223889647530493,0.4603970096448675
vas,ONE_THREE_LEFT,31.5,29.0,34.0,90,31,32,36,-0.04619215857094355,0.6655069767257525,-0.35432678,-0.589999303128146,0.31989777245789097
vas,ONE_THREE_LEFT,32.5,30.0,35.0,90,31,32,36,-0.06469916539894421,0.5446172792880095,-0.37043822,-0.6510833839002854,0.3188263058307057
vas,ONE_THREE_LEFT,33.5,31.0,36.0,90,31,32,36,-0.10379396220525401,0.3302828178529574,-0.4674057,-0.8103536442832749,0.21686564738210445
vas,ONE_THREE_LEFT,34.5,32.0,37.0,90,31,32,36,-0.16899235339772684,0.11132475850724277,-0.62655187,-1.0053684154616036,0.10397139161247963
vas,ONE_THREE_LEFT,35.5,33.0,38.0,90,31,32,36,-0.20901349224988394,0.04803559313073725,-0.6903799,-1.1200419513069721,0.07319791034126409
vas,ONE_THREE_LEFT,36.5,34.0,39.0,90,31,32,36,-0.2738714377486942,0.009001516808968215,-0.7859184,-1.296207416797001,0.035585138504310845
vas,ONE_THREE_LEFT,37.5,35.0,40.0,90,31,32,36,-0.23801762283359496,0.02388087030880988,-0.7396964,-1.235792287154296,0.0438209121138792
vas,ONE_THREE_LEFT,38.5,36.0,41.0,90,31,32,36,-0.24893886800765083,0.017981177170347234,-0.6909226,-1.1774959126561269,0.0678220560330002
vas,ONE_THREE_LEFT,39.5,37.0,42.0,90,31,32,36,-0.19451882764131695,0.06618586517436452,-0.5048838,-0.8916544518407804,0.1716260639999072
vas,ONE_THREE_LEFT,40.5,38.0,43.0,90,31,32,36,-0.16214109058702889,0.12680427587575316,-0.45840716,-0.7544138484103566,0.22231615349022438
vas,ONE_THREE_LEFT,41.5,39.0,44.0,90,31,32,36,-0.14307198955986655,0.17854153933660533,-0.41595784,-0.6664814810728794,0.2436844790173156
vas,ONE_THREE_LEFT,42.5,40.0,45.0,90,31,32,36,-0.13220752284792378,0.2141778194461177,-0.399266,-0.6457775420217877,0.2731746072673934
vas,ONE_THREE_LEFT,43.5,41.0,46.0,90,31,32,36,-0.17001772411835367,0.1091399553763246,-0.5373636,-0.8880420320288048,0.1289323243783918
vas,ONE_THREE_LEFT,44.5,42.0,47.0,90,31,32,36,-0.2411800683488518,0.022023204199702533,-0.73992157,-1.2681168580557367,0.03727332745717038
vas,ONE_THREE_LEFT,45.5,43.0,48.0,90,31,32,36,-0.2369821747929068,0.024517433317001375,-0.73372006,-1.2296146537359853,0.03663328153695965
vas,ONE_THREE_LEFT,46.5,44.0,49.0,90,31,32,36,-0.23338032825267613,0.026845486380489128,-0.75964105,-1.223475561781705,0.03833073448695175
vas,ONE_THREE_LEFT,47.5,45.0,50.0,90,31,32,36,-0.2918387335034448,0.005255271130570067,-0.89064944,-1.4137730931173293,0.014005850184959076
vas,ONE_THREE_LEFT,48.5,46.0,51.0,90,31,32,36,-0.24840889688273968,0.01823535347299879,-0.7905784,-1.1759371507488312,0.03601356922263553
vas,ONE_THREE_LEFT,49.5,47.0,52.0,90,31,32,36,-0.234483420027843,0.0261133604828399,-0.7354005,-1.0465326405145747,0.04620491886192526
vas,ONE_THREE_LEFT,50.5,48.0,53.0,90,31,32,36,-0.2667543307114926,0.01103746321603863,-0.8013653,-1.1911049288287165,0.045220583584056936
vas,ONE_THREE_LEFT,51.5,49.0,54.0,90,31,32,36,-0.2749600607761166,0.008721107242919378,-0.78989416,-1.1746648299623295,0.03765062600047448
vas,ONE_THREE_LEFT,52.5,50.0,55.0,90,31,32,36,-0.27001264887789556,0.010060215326501276,-0.7812496,-1.1730619561195401,0.034592340027765824
vas,ONE_THREE_LEFT,53.5,51.0,56.0,90,31,32,36,-0.3444185575954842,0.0008870789461145517,-0.85889614,-1.382528963771907,0.01686664381418049
vas,ONE_THREE_LEFT,54.5,52.0,57.0,90,31,32,36,-0.3619270650334412,0.000456320123126844,-0.8719313,-1.3700371439019763,0.012176890464324882
vas,ONE_THREE_LEFT,55.5,53.0,58.0,90,31,32,36,-0.34543786754811273,0.0008542877799810282,-0.8127771,-1.391835536571623,0.015984136393563855
vas,ONE_THREE_LEFT,56.5,54.0,59.0,90,31,32,36,-0.3692923352846547,0.0003410610089902088,-0.82318664,-1.430205513044431,0.02162811755354001
vas,ONE_THREE_LEFT,57.5,55.0,60.0,90,31,32,36,-0.3978702987578794,0.0001030176364866016,-0.82570976,-1.533331751775297,0.03165579373467486
vas,ONE_THREE_LEFT,58.5,56.0,61.0,90,31,32,36,-0.36988535778370746,0.0003330583770366189,-0.8277835,-1.5442108996702362,0.0429663497277139
vas,ONE_THREE_LEFT,59.5,57.0,62.0,90,31,32,36,-0.3614424983252791,0.0004650320204494835,-0.79706573,-1.4476823443615157,0.03838167092308136
vas,ONE_THREE_LEFT,60.5,58.0,63.0,90,31,32,36,-0.34528703947245665,0.0008590692278820987,-0.7551188,-1.1664163666850156,0.040912906801317296
vas,ONE_THREE_LEFT,61.5,59.0,64.0,90,31,32,36,-0.3235466355217278,0.0018667675311586191,-0.7650185,-1.240859479019413,0.0442457234776358
vas,ONE_THREE_LEFT,62.5,60.0,65.0,90,31,32,36,-0.27846887760305306,0.007868821820481533,-0.72312266,-1.1759693186778009,0.057192476862748615
vas,ONE_THREE_LEFT,63.5,61.0,66.0,90,31,32,36,-0.2567678765727477,0.014566901293621076,-0.66914684,-1.0974656659981255,0.09588146483328716
vas,ONE_THREE_LEFT,64.5,62.0,67.0,90,31,32,36,-0.2552776079272955,0.015169722197549189,-0.6377659,-1.0215471386218606,0.08085008214593518
vas,ONE_THREE_LEFT,65.5,63.0,68.0,90,31,32,36,-0.25313459015272716,0.01607437668669051,-0.6758367,-1.20342472519569,0.07035883195270354
vas,ONE_THREE_LEFT,66.5,64.0,69.0,90,31,32,36,-0.24026027221377302,0.02255031313246884,-0.61066,-1.1011675075369791,0.11567141231408433
vas,ONE_THREE_LEFT,67.5,65.0,70.0,90,31,32,36,-0.23304076430875015,0.02707433297738452,-0.6384463,-1.1489907315496695,0.08534997024239052
vas,ONE_THREE_LEFT,68.5,66.0,71.0,90,31,32,36,-0.2452005512558896,0.019841051224142068,-0.5788911,-1.0351329746592917,0.07393226817232071
vas,ONE_THREE_LEFT,69.5,67.0,72.0,90,31,32,36,-0.19576125456091706,0.06443921306453787,-0.48149642,-0.9067694850228292,0.1584654158102654
vas,ONE_THREE_LEFT,70.5,68.0,73.0,90,31,32,36,-0.23026458703130578,0.02900814186308546,-0.4795895,-0.8802288315362583,0.15200326001925493
vas,ONE_THREE_LEFT,71.5,69.0,74.0,90,31,32,36,-0.2779135008793819,0.007998633087796699,-0.602391,-1.1558558365983589,0.060251150933098685
vas,ONE_THREE_LEFT,72.5,70.0,75.0,90,31,32,36,-0.23544299608010005,0.025490349615367183,-0.4275527,-0.7963809962308731,0.16967141478613357
vas,ONE_THREE_LEFT,73.5,71.0,76.0,90,31,32,36,-0.24828857396965737,0.018293489554816196,-0.4842834,-0.9034377226305178,0.12386825378461776
vas,ONE_THREE_LEFT,74.5,72.0,77.0,90,31,32,36,-0.21414464957276894,0.0426897661669689,-0.42025515,-0.7516463582801028,0.15491611181180756
vas,ONE_THREE_LEFT,75.5,73.0,78.0,90,31,32,36,-0.1785890752763322,0.09215656889845442,-0.38587576,-0.68810451680558,0.1799839942018454
vas,ONE_THREE_LEFT,76.5,74.0,79.0,90,31,32,36,-0.15866747158965092,0.13525654702700893,-0.31897148,-0.6375919609935502,0.2707615401428053
vas,ONE_THREE_LEFT,77.5,75.0,80.0,90,31,32,36,-0.1390235114483712,0.19127627449036927,-0.37135705,-0.7338106239830443,0.2083271799592381
vas,ONE_THREE_LEFT,78.5,76.0,81.0,90,31,32,36,-0.03654027911767023,0.7324110312407092,-0.20407294,-0.38656194824746054,0.48680683119268475
vas,ONE_THREE_LEFT,79.5,77.0,82.0,90,31,32,36,-0.10739298685970222,0.31369689320089683,-0.37683544,-0.7025747211500671,0.17599903631670066
vas,ONE_THREE_LEFT,80.5,78.0,83.0,90,31,32,36,-0.12357687193737432,0.24587800298768162,-0.39215755,-0.7115143192162843,0.14941397594609782
vas,ONE_THREE_LEFT,81.5,79.0,84.0,90,31,32,36,-0.11433642048930456,0.28324788435578674,-0.36920145,-0.6242411718775981,0.18837993404858533
vas,ONE_THREE_LEFT,82.5,80.0,85.0,90,31,32,36,-0.1431025028453236,0.17844797205785254,-0.38926548,-0.7001434304246709,0.13807854835389685
vas,ONE_THREE_LEFT,83.5,81.0,86.0,90,31,32,36,-0.180972433502159,0.08782547355407602,-0.5013308,-1.04521162952648,0.06891033656521096
vas,ONE_THREE_LEFT,84.5,82.0,87.0,90,31,32,36,-0.15499208458807623,0.1446584928625802,-0.440877,-0.9628701883431069,0.12192103134146044
vas,ONE_THREE_LEFT,85.5,83.0,88.0,90,31,32,36,-0.15306500303588363,0.14978074672002994,-0.43107662,-0.9283599116686846,0.10256356864384358
vas,ONE_THREE_LEFT,86.5,84.0,89.0,90,31,32,36,-0.14486976772916854,0.17308975601118948,-0.42600134,-0.8228170267296658,0.08660059076316294
vas,ONE_THREE_LEFT,87.5,85.0,90.0,90,31,32,36,-0.12101557313186823,0.2558779082467995,-0.33186033,-0.5833515991920997,0.1770539437088854
vas,ONE_THREE_LEFT,88.5,86.0,91.0,90,31,32,36,-0.09658190776167827,0.3651645603452215,-0.24181505,-0.47699058059713145,0.3396865608452876
vas,ONE_THREE_LEFT,89.5,87.0,92.0,90,31,32,36,-0.08826028933434002,0.4081110453458175,-0.20150179,-0.4190125630148598,0.4213615908746541
vas,ONE_THREE_LEFT,90.5,88.0,93.0,90,31,32,36,-0.034120516052940565,0.7495264427455998,-0.14424409,-0.32430889377362637,0.5982633232613682
vas,ONE_THREE_LEFT,91.5,89.0,94.0,90,31,32,36,-0.06696279395367531,0.5306007295498907,-0.17702895,-0.39561779905836647,0.510518544316271
vas,ONE_THREE_LEFT,92.5,90.0,95.0,90,31,32,36,-0.0753066652842227,0.4805377866905265,-0.18269762,-0.4070909547004118,0.5224079770416136
vas,ONE_THREE_LEFT,93.5,91.0,96.0,90,31,32,36,-0.12030016289511082,0.2587199655083618,-0.2373359,-0.5124444009696925,0.40164003631217116
vas,ONE_THREE_LEFT,94.5,92.0,97.0,90,31,32,36,-0.11360707276907382,0.2863504248937503,-0.20736381,-0.4420635520402627,0.4823345530526164
vas,ONE_THREE_LEFT,95.5,93.0,98.0,90,31,32,36,-0.1224543841262062,0.25022679840283135,-0.21932547,-0.4533243713030744,0.44407929602552965
vas,ONE_THREE_LEFT,96.5,94.0,99.0,90,31,32,36,-0.019965298164368147,0.8518343668647657,-0.014343103,-0.03132354090582943,0.9640601645273276
vas,ONE_THREE_LEFT,97.5,95.0,100.0,90,31,32,36,-0.05883038036909089,0.5817777640434963,-0.14737156,-0.3799792482746802,0.649677692121108
vas,ONE_THREE_LEFT,98.5,96.0,101.0,90,31,32,36,-0.034072544944859506,0.7498670109378917,-0.14059363,-0.3529359733898982,0.6433521289708446
vas,ONE_THREE_RIGHT,6.5,4.0,9.0,73,24,25,28,-0.18185048995801353,0.12361303787934767,-0.28177306,-0.4100994393735465,0.43381200586354374
vas,ONE_THREE_RIGHT,7.5,5.0,10.0,73,24,25,28,-0.18294781698527796,0.12132524894004774,-0.33188537,-0.5281613418437352,0.37937576288114017
vas,ONE_THREE_RIGHT,8.5,6.0,11.0,73,24,25,28,-0.19933860088393218,0.09088107851677735,-0.4119548,-0.7035572468124318,0.28057018074444573
vas,ONE_THREE_RIGHT,9.5,7.0,12.0,73,24,25,28,-0.1379788103356978,0.2443745603958808,-0.30341777,-0.5330254646639989,0.39216215065611837
vas,ONE_THREE_RIGHT,10.5,8.0,13.0,73,24,25,28,-0.1842931220336155,0.11856485040505166,-0.44881532,-0.8290515364492999,0.1855632138297948
vas,ONE_THREE_RIGHT,11.5,9.0,14.0,73,24,25,28,-0.1745579769271401,0.13966262640784738,-0.43230578,-0.8079210626204026,0.17120467606743728
vas,ONE_THREE_RIGHT,12.5,10.0,15.0,73,24,25,28,-0.1794505178197798,0.12873138277833993,-0.36015257,-0.5864127360953855,0.25322549893767654
vas,ONE_THREE_RIGHT,13.5,11.0,16.0,73,24,25,28,-0.15255433213766562,0.19757730710005636,-0.24209392,-0.3734773977189055,0.4623017807632812
vas,ONE_THREE_RIGHT,14.5,12.0,17.0,73,24,25,28,-0.1735861410672173,0.14191483061288823,-0.29854438,-0.46901589755586903,0.35135643864290156
vas,ONE_THREE_RIGHT,15.5,13.0,18.0,73,24,25,28,-0.15524376781984658,0.18969665827102508,-0.2706355,-0.41662316867639076,0.40746114104654363
vas,ONE_THREE_RIGHT,16.5,14.0,19.0,73,24,25,28,-0.1241090000932254,0.2954978706843015,-0.27252644,-0.4179449038663101,0.4183236467066306
vas,ONE_THREE_RIGHT,17.5,15.0,20.0,73,24,25,28,-0.07683265937740112,0.51822478487566,-0.18275863,-0.2975766472529616,0.575771911606752
vas,ONE_THREE_RIGHT,18.5,16.0,21.0,73,24,25,28,-0.048156040192553345,0.685787151555603,-0.13256808,-0.21509319985075395,0.6760936481296003
vas,ONE_THREE_RIGHT,19.5,17.0,22.0,73,24,25,28,-0.04177403046012575,0.7256555756616049,-0.26055476,-0.4169786865461299,0.41580769400597073
vas,ONE_THREE_RIGHT,20.5,18.0,23.0,73,24,25,28,-0.018426282147863713,0.8770341437057353,-0.27390853,-0.4809406014953308,0.37141697740982993
vas,ONE_THREE_RIGHT,21.5,19.0,24.0,73,24,25,28,0.012189840755473746,0.9184739389617604,-0.19696805,-0.347049119344399,0.5295006535555007
vas,ONE_THREE_RIGHT,22.5,20.0,25.0,73,24,25,28,-0.011057720907250814,0.9260232332115815,-0.2382618,-0.41210047956101586,0.4953570163701124
vas,ONE_THREE_RIGHT,23.5,21.0,26.0,73,24,25,28,-0.0330928734885874,0.7810571683120259,-0.31849575,-0.528332144790024,0.3894863962412607
vas,ONE_THREE_RIGHT,24.5,22.0,27.0,73,24,25,28,-0.04976736591800351,0.6758500616656931,-0.30360588,-0.507548546486071,0.4198738628424269
vas,ONE_THREE_RIGHT,25.5,23.0,28.0,73,24,25,28,-0.08319580490564292,0.4840702568893474,-0.3392894,-0.5331881210582821,0.3349527235790408
vas,ONE_THREE_RIGHT,26.5,24.0,29.0,73,24,25,28,-0.08098572940821974,0.49579577837652944,-0.3279263,-0.5154996745383102,0.3372719987548283
vas,ONE_THREE_RIGHT,27.5,25.0,30.0,73,24,25,28,-0.12004219631240208,0.3117281988621893,-0.5023838,-0.8131719088243708,0.16071048965809265
vas,ONE_THREE_RIGHT,28.5,26.0,31.0,73,24,25,28,-0.13048524610533216,0.2711855562462379,-0.46949098,-0.6832205957072987,0.17100013097390587
vas,ONE_THREE_RIGHT,29.5,27.0,32.0,73,24,25,28,-0.1368977538821761,0.24812567721234882,-0.44153973,-0.591314545286012,0.15475620366522674
vas,ONE_THREE_RIGHT,30.5,28.0,33.0,73,24,25,28,-0.11456455553694085,0.3344807470004203,-0.439139,-0.5645526838435043,0.15699388569451123
vas,ONE_THREE_RIGHT,31.5,29.0,34.0,73,24,25,28,-0.1895185207982819,0.10829816597164045,-0.56916744,-0.8044049259854191,0.07918460597296499
vas,ONE_THREE_RIGHT,32.5,30.0,35.0,73,24,25,28,-0.188948501255045,0.10938347017279804,-0.50159,-0.70854207879412,0.10711675086682293
vas,ONE_THREE_RIGHT,33.5,31.0,36.0,73,24,25,28,-0.17026308085255462,0.14982239291509203,-0.51700383,-0.7435475780656454,0.09081705245165159
vas,ONE_THREE_RIGHT,34.5,32.0,37.0,73,24,25,28,-0.16727566053725798,0.15720797747573126,-0.53333783,-0.7462856717720932,0.07675584861448725
vas,ONE_THREE_RIGHT,35.5,33.0,38.0,73,24,25,28,-0.1534909855378447,0.1948065270813726,-0.48038647,-0.6618588439903021,0.07245976499924246
vas,ONE_THREE_RIGHT,36.5,34.0,39.0,73,24,25,28,-0.09822294686510458,0.4083876837427428,-0.3718835,-0.49358138411760505,0.16791694665448476
vas,ONE_THREE_RIGHT,37.5,35.0,40.0,73,24,25,28,-0.12426284423727313,0.2948949665426843,-0.44205314,-0.6102106711655771,0.11835068703618269
vas,ONE_THREE_RIGHT,38.5,36.0,41.0,73,24,25,28,-0.1769624966657103,0.13420602418737637,-0.52123284,-0.7378978616654318,0.040985623796324505
vas,ONE_THREE_RIGHT,39.5,37.0,42.0,73,24,25,28,-0.15239133457630522,0.19806235029044625,-0.3328417,-0.4586024182126122,0.16980688188635207
vas,ONE_THREE_RIGHT,40.5,38.0,43.0,73,24,25,28,-0.2134481414827547,0.0698036507769868,-0.4027295,-0.5821761465976716,0.08770846510388638
vas,ONE_THREE_RIGHT,41.5,39.0,44.0,73,24,25,28,-0.249170733776558,0.033517896810749084,-0.4621554,-0.7211853871600917,0.08921226818643424
vas,ONE_THREE_RIGHT,42.5,40.0,45.0,73,24,25,28,-0.24571117516121696,0.036138820434208414,-0.4513024,-0.6651845355979038,0.07858324392157758
vas,ONE_THREE_RIGHT,43.5,41.0,46.0,73,24,25,28,-0.217046257240909,0.06511155043363681,-0.38235363,-0.5658321876465734,0.10852100631581783
vas,ONE_THREE_RIGHT,44.5,42.0,47.0,73,24,25,28,-0.27316251850585505,0.01937276589350173,-0.59882635,-1.0665945503564511,0.026946873799076437
vas,ONE_THREE_RIGHT,45.5,43.0,48.0,73,24,25,28,-0.23526035093726652,0.04511407168887617,-0.48216477,-0.7670326843790654,0.04675436494772775
vas,ONE_THREE_RIGHT,46.5,44.0,49.0,73,24,25,28,-0.18397726806968845,0.1192085732641429,-0.37646216,-0.5148846358869659,0.09188699613110952
vas,ONE_THREE_RIGHT,47.5,45.0,50.0,73,24,25,28,-0.15369932996550612,0.19419402022899104,-0.30255005,-0.3845076390996828,0.19118369025500148
vas,ONE_THREE_RIGHT,48.5,46.0,51.0,73,24,25,28,-0.160070399655737,0.176126619545059,-0.28378326,-0.3432994912495973,0.24338463482224637
vas,ONE_THREE_RIGHT,49.5,47.0,52.0,73,24,25,28,-0.1685287247207536,0.15407790297764362,-0.28343248,-0.3260702158158665,0.19335124720095742
vas,ONE_THREE_RIGHT,50.5,48.0,53.0,73,24,25,28,-0.15356541557918388,0.1945875529313708,-0.28782523,-0.3240967391439374,0.23245804548099036
vas,ONE_THREE_RIGHT,51.5,49.0,54.0,73,24,25,28,-0.1975648383354248,0.09385223569365936,-0.40608475,-0.48519129437739134,0.10509441139375435
vas,ONE_THREE_RIGHT,52.5,50.0,55.0,73,24,25,28,-0.2164539331908576,0.0658659657966786,-0.4315579,-0.5572766653773005,0.04931571827514823
vas,ONE_THREE_RIGHT,53.5,51.0,56.0,73,24,25,28,-0.28746522332613217,0.013662997509533446,-0.59474576,-0.7644029685875897,0.003907382609533992
vas,ONE_THREE_RIGHT,54.5,52.0,57.0,73,24,25,28,-0.2571835874609274,0.028053128994862103,-0.5232998,-0.6146028065437001,0.021808791003937383
vas,ONE_THREE_RIGHT,55.5,53.0,58.0,73,24,25,28,-0.22715160992429198,0.0532815775064884,-0.48747984,-0.5746596546087387,0.05721067917609288
vas,ONE_THREE_RIGHT,56.5,54.0,59.0,73,24,25,28,-0.24895820033247434,0.03367418876382973,-0.49627697,-0.570210555982262,0.0457367913942029
vas,ONE_THREE_RIGHT,57.5,55.0,60.0,73,24,25,28,-0.2513471749759953,0.03195205651276771,-0.5124682,-0.5652737296387665,0.05362084505786342
vas,ONE_THREE_RIGHT,58.5,56.0,61.0,73,24,25,28,-0.18226189895280795,0.12275147092143081,-0.3666654,-0.4167444156907367,0.16410807224183976
vas,ONE_THREE_RIGHT,59.5,57.0,62.0,73,24,25,28,-0.13278864844592536,0.2627424391564757,-0.33489323,-0.41035484165484903,0.21795395722813615
vas,ONE_THREE_RIGHT,60.5,58.0,63.0,73,24,25,28,-0.1682199747071764,0.1548448023614819,-0.4035707,-0.5238601190230193,0.14707944562729
vas,ONE_THREE_RIGHT,61.5,59.0,64.0,73,24,25,28,-0.12222308959041972,0.30295423320503445,-0.3494673,-0.4264901798297833,0.23099392894296444
vas,ONE_THREE_RIGHT,62.5,60.0,65.0,73,24,25,28,-0.0392642126514276,0.7415430810784488,-0.24734098,-0.3307206586336262,0.42867403784061686
vas,ONE_THREE_RIGHT,63.5,61.0,66.0,73,24,25,28,-0.016839445244412176,0.8875515835391578,-0.20171121,-0.2678899683539678,0.5302725373944186
vas,ONE_THREE_RIGHT,64.5,62.0,67.0,73,24,25,28,-0.08021297723613086,0.499930325304915,-0.31160122,-0.44163109180745636,0.2923803116145184
vas,ONE_THREE_RIGHT,65.5,63.0,68.0,73,24,25,28,-0.08225472201312278,0.4890450852953374,-0.2975929,-0.4398343083630747,0.31965454158600015
vas,ONE_THREE_RIGHT,66.5,64.0,69.0,73,24,25,28,-0.04426187807483889,0.7100203416151425,-0.21239473,-0.3296782091730171,0.5044011545373223
vas,ONE_THREE_RIGHT,67.5,65.0,70.0,73,24,25,28,-0.12487824837095804,0.2924913142069538,-0.30291662,-0.4606654910970765,0.3332804678006782
vas,ONE_THREE_RIGHT,68.5,66.0,71.0,73,24,25,28,-0.13828979888186232,0.24330272829826194,-0.32330135,-0.4912543319059263,0.2615926418194814
vas,ONE_THREE_RIGHT,69.5,67.0,72.0,73,24,25,28,-0.09410780936523674,0.42839601205501143,-0.23098868,-0.34871794507771575,0.4130293465994349
vas,ONE_THREE_RIGHT,70.5,68.0,73.0,73,24,25,28,-0.10262779044735665,0.3875865659038661,-0.17818996,-0.29486980932942264,0.5197318372060785
vas,ONE_THREE_RIGHT,71.5,69.0,74.0,73,24,25,28,-0.2234695137123624,0.05737020731376543,-0.4063554,-0.7273433604781346,0.15723994515860373
vas,ONE_THREE_RIGHT,72.5,70.0,75.0,73,24,25,28,-0.18139961419655976,0.12456255296760442,-0.33852077,-0.6117296607368221,0.2621067052368413
vas,ONE_THREE_RIGHT,73.5,71.0,76.0,73,24,25,28,-0.15091533417976635,0.2024934347469809,-0.2018766,-0.3190758073716403,0.5080295232945975
vas,ONE_THREE_RIGHT,74.5,72.0,77.0,73,24,25,28,-0.22593998487325648,0.05459982586930011,-0.2510164,-0.44001588167734734,0.3842090880795257
vas,ONE_THREE_RIGHT,75.5,73.0,78.0,73,24,25,28,-0.2004569228527023,0.08904620775496379,-0.23484878,-0.3992666273235832,0.3616951910947417
vas,ONE_THREE_RIGHT,76.5,74.0,79.0,73,24,25,28,-0.09609891507812582,0.41864615032641456,-0.06844155,-0.1010815053464028,0.7967681315875834
vas,ONE_THREE_RIGHT,77.5,75.0,80.0,73,24,25,28,-0.11237817324727224,0.3438475899161224,-0.16459511,-0.2568675103713094,0.48385759052965394
vas,ONE_THREE_RIGHT,78.5,76.0,81.0,73,24,25,28,-0.07727383454991146,0.515818052452567,-0.20234007,-0.3610710038707117,0.4366948746948148
vas,ONE_THREE_RIGHT,79.5,77.0,82.0,73,24,25,28,-0.004633618522154979,0.9689649010070487,-0.14349346,-0.23942444307352867,0.6222192766244714
vas,ONE_THREE_RIGHT,80.5,78.0,83.0,73,24,25,28,0.031110615453343538,0.7938730136808427,-0.10238316,-0.1622994041200142,0.7672119121073167
vas,ONE_THREE_RIGHT,81.5,79.0,84.0,73,24,25,28,0.023221638340912863,0.8453870089141645,-0.10346339,-0.17564731564685307,0.745594558885718
vas,ONE_THREE_RIGHT,82.5,80.0,85.0,73,24,25,28,0.0839947943769151,0.4798677520446609,0.06018522,0.11509171800342868,0.8654550028878508
vas,ONE_THREE_RIGHT,83.5,81.0,86.0,73,24,25,28,0.059921936268864974,0.6145498027784521,0.08093233,0.14404314876475321,0.8148412946501732
vas,ONE_THREE_RIGHT,84.5,82.0,87.0,73,24,25,28,0.0627124717200376,0.5981333058838524,0.0858986,0.16537445453709443,0.8033184185990436
vas,ONE_THREE_RIGHT,85.5,83.0,88.0,73,24,25,28,-0.04955944263812509,0.6771292728076193,-0.23793273,-0.47518031711690223,0.40329184491249137
vas,ONE_THREE_RIGHT,86.5,84.0,89.0,73,24,25,28,-0.000491933743958272,0.9967043165914237,-0.14808051,-0.2999916472830436,0.6664880080575799
vas,ONE_THREE_RIGHT,87.5,85.0,90.0,73,24,25,28,-0.028145922230682675,0.8131416507021004,-0.2015848,-0.38615279621058957,0.5822335558469343
vas,ONE_THREE_RIGHT,88.5,86.0,91.0,73,24,25,28,-0.10655648406179272,0.36957831382663914,-0.42210305,-0.7933300152080172,0.35215760800140006
vas,ONE_THREE_RIGHT,89.5,87.0,92.0,73,24,25,28,-0.03752943569184864,0.7525882947478281,-0.3366055,-0.5615156852799917,0.42012143969108895
vas,ONE_THREE_RIGHT,90.5,88.0,93.0,73,24,25,28,-0.005607815004965603,0.9624442258528472,-0.11855485,-0.20027446756421557,0.7369674803333841
vas,ONE_THREE_RIGHT,91.5,89.0,94.0,73,24,25,28,-0.07034234866609902,0.5542756659639904,-0.15456566,-0.27871221322740025,0.6385717121291644
vas,ONE_THREE_RIGHT,92.5,90.0,95.0,73,24,25,28,-0.1311292228387775,0.2688069538783471,-0.30214387,-0.5181214789280236,0.33700595359178953
vas,ONE_THREE_RIGHT,93.5,91.0,96.0,73,24,25,28,0.016072838240044598,0.8926396653392757,0.018435955,0.03395245864047235,0.9487088252986227
vas,ONE_THREE_RIGHT,94.5,92.0,97.0,73,24,25,28,-0.10378456062528846,0.38223060609362103,-0.21289288,-0.43502773579593357,0.4747890126800529
vas,ONE_THREE_RIGHT,95.5,93.0,98.0,73,24,25,28,-0.05765843169885413,0.6280065702245795,-0.20204267,-0.45786208259102307,0.49282412791552066
vas,ONE_THREE_RIGHT,96.5,94.0,99.0,73,24,25,28,-0.07299269545693066,0.5394100915790873,-0.22791901,-0.4990048009356926,0.44603143869327067
vas,ONE_THREE_RIGHT,97.5,95.0,100.0,73,24,25,28,-0.032366053867067986,0.7857497007217498,-0.049117733,-0.11252225477785308,0.8820878762937125
vas,ONE_THREE_RIGHT,98.5,96.0,101.0,73,24,25,28,-0.08818140643718733,0.45816895531006985,-0.082110375,-0.16354878511435456,0.7895730419612572
vas,ZERO_THREE_LEFT,6.5,4.0,9.0,86,31,29,34,-0.2849465788847311,0.007832932362115096,-0.57294625,-0.9701234458544429,0.06710580137446204
vas,ZERO_THREE_LEFT,7.5,5.0,10.0,86,31,29,34,-0.17178576915617472,0.113753344477327,-0.33363408,-0.4960064669407462,0.2606335330242189
vas,ZERO_THREE_LEFT,8.5,6.0,11.0,86,31,29,34,-0.09472841121276573,0.3856278289510615,-0.26352978,-0.3811418328724431,0.39727283725792395
vas,ZERO_THREE_LEFT,9.5,7.0,12.0,86,31,29,34,-0.06699365266486064,0.5399612556624509,-0.21915165,-0.3183467563736324,0.49160428000819756
vas,ZERO_THREE_LEFT,10.5,8.0,13.0,86,31,29,34,-0.06712666077895695,0.5391551171799471,-0.19011568,-0.2781140927703259,0.5643149914142149
vas,ZERO_THREE_LEFT,11.5,9.0,14.0,86,31,29,34,-0.026439692838343683,0.8090545087594595,-0.1262694,-0.18679277429378893,0.6994629045232534
vas,ZERO_THREE_LEFT,12.5,10.0,15.0,86,31,29,34,-0.01820849881650003,0.8678409711874308,-0.08431498,-0.13813699992117137,0.7991957066497322
vas,ZERO_THREE_LEFT,13.5,11.0,16.0,86,31,29,34,-0.04023100585089373,0.7130398488187633,-0.10720791,-0.17842242540428405,0.7458521816577333
vas,ZERO_THREE_LEFT,14.5,12.0,17.0,86,31,29,34,-0.052696026980441756,0.6299004586582124,-0.14485425,-0.25360845521640457,0.6689953771496394
vas,ZERO_THREE_LEFT,15.5,13.0,18.0,86,31,29,34,-0.019908803787674234,0.8556274487161701,-0.060524482,-0.10716982056549099,0.8564444384351664
vas,ZERO_THREE_LEFT,16.5,14.0,19.0,86,31,29,34,-0.03946738251548528,0.718256212362213,-0.07784486,-0.1401024328714405,0.8137154908942639
vas,ZERO_THREE_LEFT,17.5,15.0,20.0,86,31,29,34,-0.04631496374488675,0.6719672121466295,-0.14056115,-0.2495645242631634,0.6643474903720376
vas,ZERO_THREE_LEFT,18.5,16.0,21.0,86,31,29,34,-0.000532043051208139,0.9961208882834859,-0.010442777,-0.017607605736492424,0.9732053873874162
vas,ZERO_THREE_LEFT,19.5,17.0,22.0,86,31,29,34,0.08023636599503739,0.4627180940528965,0.20198219,0.3541384605892352,0.5176604644780598
vas,ZERO_THREE_LEFT,20.5,18.0,23.0,86,31,29,34,0.09742526641182589,0.37218424168221825,0.20880014,0.3676624321810627,0.5104719439406962
vas,ZERO_THREE_LEFT,21.5,19.0,24.0,86,31,29,34,0.21265684213656327,0.04932312867032198,0.42943472,0.7142705016782898,0.14708573248039541
vas,ZERO_THREE_LEFT,22.5,20.0,25.0,86,31,29,34,0.27242049778179017,0.01116331285139633,0.6219746,0.9997627917986134,0.02593272124237131
vas,ZERO_THREE_LEFT,23.5,21.0,26.0,86,31,29,34,0.30658910238053005,0.004090834114443911,0.7046125,1.1625309369267374,0.01578827134924375
vas,ZERO_THREE_LEFT,24.5,22.0,27.0,86,31,29,34,0.33687264033254893,0.0015162262352185413,0.7695823,1.2620940623018182,0.007691692975486211
vas,ZERO_THREE_LEFT,25.5,23.0,28.0,86,31,29,34,0.3304996541865241,0.0018841633616303321,0.7162657,1.09592221235979,0.01525561935979748
vas,ZERO_THREE_LEFT,26.5,24.0,29.0,86,31,29,34,0.28604051159475247,0.007588641107308883,0.6020108,1.0117954005741943,0.055971821234410295
vas,ZERO_THREE_LEFT,27.5,25.0,30.0,86,31,29,34,0.22654290784775927,0.03595083937574989,0.3969777,0.7563910737044107,0.24758385307895403
vas,ZERO_THREE_LEFT,28.5,26.0,31.0,86,31,29,34,0.1974087353003891,0.06847349707724076,0.31378934,0.5925367584110335,0.32507830169538265
vas,ZERO_THREE_LEFT,29.5,27.0,32.0,86,31,29,34,0.12330392130221526,0.25802838480179063,0.1319826,0.25188029170410486,0.6359398820547625
vas,ZERO_THREE_LEFT,30.5,28.0,33.0,86,31,29,34,0.032102819910679446,0.7691946054979786,-0.11425277,-0.2518423152156005,0.7139324119265658
vas,ZERO_THREE_LEFT,31.5,29.0,34.0,86,31,29,34,-0.029538758837380105,0.7871743755190407,-0.28505644,-0.6941329206179578,0.3661702986877693
vas,ZERO_THREE_LEFT,32.5,30.0,35.0,86,31,29,34,-0.06641349077056077,0.5434844252271747,-0.38922387,-0.9399159161087243,0.22680963332303838
vas,ZERO_THREE_LEFT,33.5,31.0,36.0,86,31,29,34,-0.16090546066611194,0.13887244887940278,-0.60473543,-1.4085640637223327,0.06446057611595954
vas,ZERO_THREE_LEFT,34.5,32.0,37.0,86,31,29,34,-0.1826703618853364,0.09229324976148537,-0.6240557,-1.3214657932912215,0.038079707879307714
vas,ZERO_THREE_LEFT,35.5,33.0,38.0,86,31,29,34,-0.16845091809500906,0.12104743621401495,-0.5259663,-1.1242655839344855,0.07934676599999309
vas,ZERO_THREE_LEFT,36.5,34.0,39.0,86,31,29,34,-0.207230364515302,0.05555732052988695,-0.5851398,-1.2621273491799838,0.053748974937297626
vas,ZERO_THREE_LEFT,37.5,35.0,40.0,86,31,29,34,-0.11835497048396963,0.2777719902479891,-0.36056364,-0.6588749205799656,0.26211857400517913
vas,ZERO_THREE_LEFT,38.5,36.0,41.0,86,31,29,34,-0.08364281296204826,0.44387613644057017,-0.2990533,-0.5408429748699123,0.3420067789064425
vas,ZERO_THREE_LEFT,39.5,37.0,42.0,86,31,29,34,-0.13349371560566295,0.2204443217682358,-0.3862952,-0.7596387907755717,0.28556351138629243
vas,ZERO_THREE_LEFT,40.5,38.0,43.0,86,31,29,34,-0.184420998552438,0.0891615134966285,-0.5033547,-1.08149699458356,0.1697980298755848
vas,ZERO_THREE_LEFT,41.5,39.0,44.0,86,31,29,34,-0.1864565753014259,0.08562639736799468,-0.50716895,-1.0792509939700303,0.20125469696034015
vas,ZERO_THREE_LEFT,42.5,40.0,45.0,86,31,29,34,-0.29313055211611094,0.00616175147570382,-0.69716084,-1.5357434049154455,0.07230796227347745
vas,ZERO_THREE_LEFT,43.5,41.0,46.0,86,31,29,34,-0.33346873984759196,0.0017037540120525766,-0.77459115,-1.563496655106588,0.0646820613841714
vas,ZERO_THREE_LEFT,44.5,42.0,47.0,86,31,29,34,-0.3654927799059948,0.0005394107795945548,-0.87019247,-1.722890696537229,0.043660025815313516
vas,ZERO_THREE_LEFT,45.5,43.0,48.0,86,31,29,34,-0.360871374538875,0.0006415760583294872,-0.88708293,-1.614343511972237,0.08250836869088926
vas,ZERO_THREE_LEFT,46.5,44.0,49.0,86,31,29,34,-0.353432603607049,0.0008436464785968866,-0.85575426,-1.525806283420017,0.04540349164805047
vas,ZERO_THREE_LEFT,47.5,45.0,50.0,86,31,29,34,-0.3721916371570529,0.0004175606722562297,-0.8919017,-1.7194977163433172,0.044467531356424506
vas,ZERO_THREE_LEFT,48.5,46.0,51.0,86,31,29,34,-0.38906972518127747,0.0002136673395278256,-0.9341792,-1.850331151298534,0.01973156028702347
vas,ZERO_THREE_LEFT,49.5,47.0,52.0,86,31,29,34,-0.36535456627510915,0.0005422365802594121,-0.9157939,-1.91817643220593,0.012972069896507609
vas,ZERO_THREE_LEFT,50.5,48.0,53.0,86,31,29,34,-0.3975448181834894,0.00015052906546944884,-0.9348804,-2.0783680233295168,0.0077270928047924944
vas,ZERO_THREE_LEFT,51.5,49.0,54.0,86,31,29,34,-0.42975737091708405,3.6374096752597295e-05,-0.9973673,-2.240517232028975,0.008875710396371665
vas,ZERO_THREE_LEFT,52.5,50.0,55.0,86,31,29,34,-0.43349543937809404,3.0554634077893855e-05,-1.0076973,-2.3723305832306947,0.009215864701845444
vas,ZERO_THREE_LEFT,53.5,51.0,56.0,86,31,29,34,-0.4449584299881583,1.7671435568056036e-05,-1.123339,-2.6274409352665633,0.004650221788143264
vas,ZERO_THREE_LEFT,54.5,52.0,57.0,86,31,29,34,-0.46395785634584835,6.819846909644154e-06,-1.1984516,-2.8904149762475075,0.014763369002149702
vas,ZERO_THREE_LEFT,55.5,53.0,58.0,86,31,29,34,-0.44117108226026824,2.1222222461540543e-05,-1.1668036,-2.6851734154040896,0.013183471351854414
vas,ZERO_THREE_LEFT,56.5,54.0,59.0,86,31,29,34,-0.4454842877101456,1.7224871973198368e-05,-1.2177373,-2.8026147675521598,0.027586650403559742
vas,ZERO_THREE_LEFT,57.5,55.0,60.0,86,31,29,34,-0.4420030504016612,2.0389371067050988e-05,-1.3259751,-3.344913358710861,0.03151691158108697
vas,ZERO_THREE_LEFT,58.5,56.0,61.0,86,31,29,34,-0.42124555180458406,5.3692869469059955e-05,-1.1689354,-3.2053071845205654,0.05090660383124527
vas,ZERO_THREE_LEFT,59.5,57.0,62.0,86,31,29,34,-0.4087866181731743,9.320457355663673e-05,-1.0081503,-3.033051484922003,0.02049996882910484
vas,ZERO_THREE_LEFT,60.5,58.0,63.0,86,31,29,34,-0.39395703944433164,0.0001747899804797413,-1.0368553,-3.4728814942094584,0.01653899148336193
vas,ZERO_THREE_LEFT,61.5,59.0,64.0,86,31,29,34,-0.351022191721615,0.0009206205909620559,-0.91571605,-3.3277334987753804,0.021215612954034103
vas,ZERO_THREE_LEFT,62.5,60.0,65.0,86,31,29,34,-0.36940179955179253,0.0004648593395118926,-0.93152475,-2.840213486301149,0.00860111600274302
vas,ZERO_THREE_LEFT,63.5,61.0,66.0,86,31,29,34,-0.3680837079687961,0.0004888710967679746,-0.91858494,-2.2498636326279433,0.013220158570728556
vas,ZERO_THREE_LEFT,64.5,62.0,67.0,86,31,29,34,-0.3706800444691906,0.0004426101030553314,-1.0092801,-2.555969540106782,0.008100657785818867
vas,ZERO_THREE_LEFT,65.5,63.0,68.0,86,31,29,34,-0.35736346986098294,0.0007306017843877569,-0.9052639,-2.0900637857432405,0.018106148497321718
vas,ZERO_THREE_LEFT,66.5,64.0,69.0,86,31,29,34,-0.4096354582714728,8.982876961519241e-05,-1.0797588,-2.6253163680626312,0.015332016470185474
vas,ZERO_THREE_LEFT,67.5,65.0,70.0,86,31,29,34,-0.4027488416869452,0.00012082826789167343,-1.0978072,-2.6534153511404006,0.020346930823539992
vas,ZERO_THREE_LEFT,68.5,66.0,71.0,86,31,29,34,-0.4343270553643903,2.9384027631140626e-05,-1.2397178,-3.1619393645550766,0.00508527416878621
vas,ZERO_THREE_LEFT,69.5,67.0,72.0,86,31,29,34,-0.4038706702763036,0.00011518217695806532,-1.1353545,-2.640100598325318,0.0022682445605271763
vas,ZERO_THREE_LEFT,70.5,68.0,73.0,86,31,29,34,-0.43251018897399257,3.199778110421188e-05,-1.2544633,-2.715990322328072,0.00017443987292572945
vas,ZERO_THREE_LEFT,71.5,69.0,74.0,86,31,29,34,-0.45802011722584485,9.239776132355278e-06,-1.2151595,-2.9113569349398922,7.837593190087185e-05
vas,ZERO_THREE_LEFT,72.5,70.0,75.0,86,31,29,34,-0.4136892482736121,7.521525955916004e-05,-1.0962154,-2.7450773940501234,2.901269985528211e-05
vas,ZERO_THREE_LEFT,73.5,71.0,76.0,86,31,29,34,-0.38769246866013746,0.0002259819043699164,-1.1573265,-3.413268850281338,0.0031800547580311733
vas,ZERO_THREE_LEFT,74.5,72.0,77.0,86,31,29,34,-0.3594948113407276,0.0006752578436343545,-0.9703452,-2.8097673252804216,0.0064687179568907105
vas,ZERO_THREE_LEFT,75.5,73.0,78.0,86,31,29,34,-0.28006335891308815,0.00900977364906669,-0.67983454,-1.5594396401056405,0.03321647505167865
vas,ZERO_THREE_LEFT,76.5,74.0,79.0,86,31,29,34,-0.25059006705832565,0.01995814614717111,-0.65287024,-1.5378666914341594,0.09050244416225113
vas,ZERO_THREE_LEFT,77.5,75.0,80.0,86,31,29,34,-0.2657313947928989,0.013403502675715086,-0.64197314,-1.342760217181255,0.1198170108615895
vas,ZERO_THREE_LEFT,78.5,76.0,81.0,86,31,29,34,-0.3249898261781756,0.0022651951612192305,-0.70761395,-1.8153052436857322,0.04904899699140283
vas,ZERO_THREE_LEFT,79.5,77.0,82.0,86,31,29,34,-0.31339455779495323,0.003301519217280828,-0.66867054,-1.4869843589265077,0.06379135143172392
vas,ZERO_THREE_LEFT,80.5,78.0,83.0,86,31,29,34,-0.33260596810117055,0.0017544987859566957,-0.7170248,-1.582873821820792,0.039611360971563425
vas,ZERO_THREE_LEFT,81.5,79.0,84.0,86,31,29,34,-0.39835678133257907,0.00014548920463807434,-0.7764872,-1.7136323738790338,0.013802629963472328
vas,ZERO_THREE_LEFT,82.5,80.0,85.0,86,31,29,34,-0.44458372795401346,1.7996219096451944e-05,-0.8329617,-1.9810892126789241,0.027638517586111765
vas,ZERO_THREE_LEFT,83.5,81.0,86.0,86,31,29,34,-0.46631463716402044,6.0358821895452704e-06,-0.93014044,-2.4084339164027098,0.014778271919327757
vas,ZERO_THREE_LEFT,84.5,82.0,87.0,86,31,29,34,-0.5299106205590768,1.5479293901804306e-07,-1.0917088,-2.678672444402925,0.005786289951749436
vas,ZERO_THREE_LEFT,85.5,83.0,88.0,86,31,29,34,-0.435433851033131,2.7890916195130656e-05,-0.7367239,-1.7403149400572497,0.06503019348542
vas,ZERO_THREE_LEFT,86.5,84.0,89.0,86,31,29,34,-0.31600119208571215,0.0030372880030023457,-0.5848215,-1.2780576207998844,0.08769338755138018
vas,ZERO_THREE_LEFT,87.5,85.0,90.0,86,31,29,34,-0.22904306121064677,0.03389967060345789,-0.46251008,-0.9836849187100093,0.1441023679005831
vas,ZERO_THREE_LEFT,88.5,86.0,91.0,86,31,29,34,-0.23778738813487976,0.027481729021429903,-0.4377253,-0.9551710693444804,0.1507163360102809
vas,ZERO_THREE_LEFT,89.5,87.0,92.0,86,31,29,34,-0.1711449916831982,0.11512783002108438,-0.25857916,-0.5891167184361276,0.41579674795909927
vas,ZERO_THREE_LEFT,90.5,88.0,93.0,86,31,29,34,-0.25377377276009355,0.0183885414730532,-0.5304699,-1.2063342909758348,0.14205128224344796
vas,ZERO_THREE_LEFT,91.5,89.0,94.0,86,31,29,34,-0.29071062920944885,0.006619555090729679,-0.50198644,-1.0845520501889137,0.1469649004715492
vas,ZERO_THREE_LEFT,92.5,90.0,95.0,86,31,29,34,-0.40300203575192917,0.00011953201933800176,-0.7643993,-1.9161313300299587,0.024885021205855427
vas,ZERO_THREE_LEFT,93.5,91.0,96.0,86,31,29,34,-0.34148110585413444,0.0012920816180885225,-0.759951,-1.8236174180213442,0.07882292768755551
vas,ZERO_THREE_LEFT,94.5,92.0,97.0,86,31,29,34,-0.37242056107163257,0.00041388248003452447,-0.816999,-1.9940797894089797,0.06489759610304695
vas,ZERO_THREE_LEFT,95.5,93.0,98.0,86,31,29,34,-0.2880226332163352,0.007163046382800427,-0.5695511,-1.3236010752031961,0.10152924900691754
vas,ZERO_THREE_LEFT,96.5,94.0,99.0,86,31,29,34,-0.2513952501861367,0.019550709012066184,-0.53293765,-1.1390110201145052,0.1458449030642121
vas,ZERO_THREE_LEFT,97.5,95.0,100.0,86,31,29,34,-0.1914783917539546,0.07738003950861977,-0.30931866,-0.6742951859714358,0.3406366100753907
vas,ZERO_THREE_LEFT,98.5,96.0,101.0,86,31,29,34,-0.1285823607157946,0.23804786306919093,-0.12864454,-0.3085903439448659,0.6719351045650643
vas,ZERO_THREE_RIGHT,6.5,4.0,9.0,116,40,42,43,-0.10635729530227564,0.2558209361495157,-0.24215892,-0.2997846670265306,0.4318075908160842
vas,ZERO_THREE_RIGHT,7.5,5.0,10.0,116,40,42,43,-0.09494639346530813,0.31066770798923043,-0.22001813,-0.2810047348461228,0.4646587540974647
vas,ZERO_THREE_RIGHT,8.5,6.0,11.0,116,40,42,43,-0.06752120592550517,0.47141879269754744,-0.18456537,-0.235815415046521,0.5422063382842135
vas,ZERO_THREE_RIGHT,9.5,7.0,12.0,116,40,42,43,-0.04503964036889263,0.6311689876800629,-0.17039198,-0.2217495944024083,0.5699646189802986
vas,ZERO_THREE_RIGHT,10.5,8.0,13.0,116,40,42,43,-0.06111898576464612,0.5145608661831405,-0.2388275,-0.33123063684859005,0.40663040691326324
vas,ZERO_THREE_RIGHT,11.5,9.0,14.0,116,40,42,43,-0.0443211841495685,0.6366295719292027,-0.24134806,-0.33914159268107563,0.3824688338962767
vas,ZERO_THREE_RIGHT,12.5,10.0,15.0,116,40,42,43,-0.04611681854441409,0.6230191211228728,-0.24131393,-0.3339127115442141,0.38857184356525465
vas,ZERO_THREE_RIGHT,13.5,11.0,16.0,116,40,42,43,-0.0661020789566014,0.48080855401575345,-0.27832964,-0.39914675645696346,0.3184984538058532
vas,ZERO_THREE_RIGHT,14.5,12.0,17.0,116,40,42,43,-0.08594534520788182,0.3589676814560053,-0.31509864,-0.4773252528008102,0.24336346251108842
vas,ZERO_THREE_RIGHT,15.5,13.0,18.0,116,40,42,43,-0.0800952753992093,0.3927258139953042,-0.30786413,-0.47272723080874574,0.2592581943467479
vas,ZERO_THREE_RIGHT,16.5,14.0,19.0,116,40,42,43,-0.06889646783463037,0.46241532408907426,-0.3026018,-0.4773015686123972,0.23795688786380542
vas,ZERO_THREE_RIGHT,17.5,15.0,20.0,116,40,42,43,-0.08586278893986292,0.35943118321310635,-0.35481462,-0.5914910971840969,0.16523568133723532
vas,ZERO_THREE_RIGHT,18.5,16.0,21.0,116,40,42,43,-0.08584126620522507,0.35955208084111295,-0.38646016,-0.6498384555633814,0.12125257326632702
vas,ZERO_THREE_RIGHT,19.5,17.0,22.0,116,40,42,43,-0.11773628506285541,0.20813552610244884,-0.45862052,-0.7740778274307707,0.08043860943815082
vas,ZERO_THREE_RIGHT,20.5,18.0,23.0,116,40,42,43,-0.14723754393194785,0.11474209612120734,-0.5221435,-0.8554190516918558,0.043389493480822425
vas,ZERO_THREE_RIGHT,21.5,19.0,24.0,116,40,42,43,-0.15968805910845504,0.086846323926721,-0.5184963,-0.8212888926319016,0.056433086118905545
vas,ZERO_THREE_RIGHT,22.5,20.0,25.0,116,40,42,43,-0.12497287742661803,0.18133065278854013,-0.45042312,-0.7082531117657206,0.08068283546712654
vas,ZERO_THREE_RIGHT,23.5,21.0,26.0,116,40,42,43,-0.12294663522107221,0.18856713277038062,-0.42054257,-0.6497228421646124,0.10955537324504579
vas,ZERO_THREE_RIGHT,24.5,22.0,27.0,116,40,42,43,-0.08071828553712766,0.3890429436322797,-0.33475158,-0.5392337829004193,0.20875065374455404
vas,ZERO_THREE_RIGHT,25.5,23.0,28.0,116,40,42,43,-0.04183589682463713,0.6556680306836126,-0.22156025,-0.35891955493702227,0.4358369070341095
vas,ZERO_THREE_RIGHT,26.5,24.0,29.0,116,40,42,43,-0.0068592225126712664,0.941744933598105,-0.17559485,-0.2879283362556922,0.5444039092925511
vas,ZERO_THREE_RIGHT,27.5,25.0,30.0,116,40,42,43,-0.044584098486040544,0.6346290260533038,-0.28743312,-0.4862498081942804,0.3009761833576655
vas,ZERO_THREE_RIGHT,28.5,26.0,31.0,116,40,42,43,-0.04522624431815719,0.6297539437069694,-0.30846256,-0.5171753521842382,0.25570394394301
vas,ZERO_THREE_RIGHT,29.5,27.0,32.0,116,40,42,43,-0.10496928815060542,0.26211272075522357,-0.44699162,-0.7633307670394673,0.11049142591760001
vas,ZERO_THREE_RIGHT,30.5,28.0,33.0,116,40,42,43,-0.1064026412091272,0.25561714685547016,-0.4791435,-0.7881164394964171,0.07525206841049602
vas,ZERO_THREE_RIGHT,31.5,29.0,34.0,116,40,42,43,-0.15732139649489874,0.09168547629696662,-0.60039,-1.01215011150661,0.036373895226907
vas,ZERO_THREE_RIGHT,32.5,30.0,35.0,116,40,42,43,-0.18979693450384663,0.04128807193880578,-0.67598903,-1.1838769603320192,0.016543608751481198
vas,ZERO_THREE_RIGHT,33.5,31.0,36.0,116,40,42,43,-0.176056507662588,0.05869834804744691,-0.6301596,-1.0955494767743987,0.02121724768591222
vas,ZERO_THREE_RIGHT,34.5,32.0,37.0,116,40,42,43,-0.1464081203693704,0.11682279674875287,-0.59259975,-1.0472072365729042,0.024799698754392762
vas,ZERO_THREE_RIGHT,35.5,33.0,38.0,116,40,42,43,-0.12853828747016063,0.16909462462350433,-0.522348,-0.9118893809697317,0.038817715965432875
vas,ZERO_THREE_RIGHT,36.5,34.0,39.0,116,40,42,43,-0.15781504877270955,0.09065883907474254,-0.5490926,-0.9922913207523499,0.031332556718248375
vas,ZERO_THREE_RIGHT,37.5,35.0,40.0,116,40,42,43,-0.11504556198365234,0.21879163749452132,-0.41846678,-0.7274136583872769,0.11798535315338278
vas,ZERO_THREE_RIGHT,38.5,36.0,41.0,116,40,42,43,-0.12221294739027375,0.19123856346799462,-0.42936584,-0.7406869784563012,0.11532781754600537
vas,ZERO_THREE_RIGHT,39.5,37.0,42.0,116,40,42,43,-0.11754156739351215,0.20889397384029232,-0.37263304,-0.6556165539681735,0.1755206890748212
vas,ZERO_THREE_RIGHT,40.5,38.0,43.0,116,40,42,43,-0.13884722650932318,0.1371613576755094,-0.44669464,-0.7963039484971232,0.10647767638547526
vas,ZERO_THREE_RIGHT,41.5,39.0,44.0,116,40,42,43,-0.10307328143496676,0.27087645616954703,-0.39858708,-0.7211017550817834,0.12996801316984144
vas,ZERO_THREE_RIGHT,42.5,40.0,45.0,116,40,42,43,-0.13111912104332737,0.16062655788529873,-0.523412,-0.9973690248575764,0.029889051090616257
vas,ZERO_THREE_RIGHT,43.5,41.0,46.0,116,40,42,43,-0.15172260035397517,0.10398527891735805,-0.57736397,-1.0648372697420256,0.015918628654729566
vas,ZERO_THREE_RIGHT,44.5,42.0,47.0,116,40,42,43,-0.14271671898164134,0.1264395088089781,-0.55525345,-0.9860787052800352,0.028470136154593078
vas,ZERO_THREE_RIGHT,45.5,43.0,48.0,116,40,42,43,-0.13329240505744563,0.1537443976000651,-0.5061251,-0.9194950691480198,0.047358037138025666
vas,ZERO_THREE_RIGHT,46.5,44.0,49.0,116,40,42,43,-0.15152182992747948,0.10444926183578641,-0.5442406,-0.945885887877097,0.04940376957773812
vas,ZERO_THREE_RIGHT,47.5,45.0,50.0,116,40,42,43,-0.1666326331766093,0.0738125466126566,-0.5629441,-0.9438221759240589,0.049537739205840016
vas,ZERO_THREE_RIGHT,48.5,46.0,51.0,116,40,42,43,-0.16930713075165027,0.06923456824065558,-0.5028844,-0.8215836740817389,0.0826858866728172
vas,ZERO_THREE_RIGHT,49.5,47.0,52.0,116,40,42,43,-0.1648319936332183,0.0770300539036148,-0.4698945,-0.7484484652698468,0.10207961530494823
vas,ZERO_THREE_RIGHT,50.5,48.0,53.0,116,40,42,43,-0.22205017361742857,0.016591291595892746,-0.5904166,-0.9265145249286602,0.03851591247344439
vas,ZERO_THREE_RIGHT,51.5,49.0,54.0,116,40,42,43,-0.253225912106708,0.006094714534337359,-0.63617206,-1.0218102705153707,0.02590930701986947
vas,ZERO_THREE_RIGHT,52.5,50.0,55.0,116,40,42,43,-0.250079968063939,0.006780518254636477,-0.5950515,-0.9750276328236503,0.039364034304492895
vas,ZERO_THREE_RIGHT,53.5,51.0,56.0,116,40,42,43,-0.2808093767895767,0.0022631012579890507,-0.65995175,-1.081679268378031,0.027551897284812107
vas,ZERO_THREE_RIGHT,54.5,52.0,57.0,116,40,42,43,-0.2874851912458373,0.0017533578622862232,-0.66369724,-1.079501277564926,0.02441104929564962
vas,ZERO_THREE_RIGHT,55.5,53.0,58.0,116,40,42,43,-0.26834239344468547,0.003586042459206621,-0.6641243,-1.0755265902079392,0.02187531001412289
vas,ZERO_THREE_RIGHT,56.5,54.0,59.0,116,40,42,43,-0.23902738248733954,0.009763471379611472,-0.60900897,-0.9361534543618578,0.04194369522471376
vas,ZERO_THREE_RIGHT,57.5,55.0,60.0,116,40,42,43,-0.2595872187199719,0.004893392379664392,-0.6541714,-1.0358206648889086,0.029666683242635876
vas,ZERO_THREE_RIGHT,58.5,56.0,61.0,116,40,42,43,-0.2504546663123692,0.006695395491081788,-0.67167294,-1.082766982375548,0.025095536690341712
vas,ZERO_THREE_RIGHT,59.5,57.0,62.0,116,40,42,43,-0.29641952391982257,0.0012340334903335093,-0.813753,-1.300052981227111,0.0073731359901442394
vas,ZERO_THREE_RIGHT,60.5,58.0,63.0,116,40,42,43,-0.3013811686065241,0.001010411365488433,-0.81704557,-1.316708845156806,0.005515608586233263
vas,ZERO_THREE_RIGHT,61.5,59.0,64.0,116,40,42,43,-0.3178691102537372,0.0005068380539478771,-0.8223886,-1.3560641937646603,0.0069589923596883
vas,ZERO_THREE_RIGHT,62.5,60.0,65.0,116,40,42,43,-0.2965064323151195,0.0012297565004433578,-0.7621187,-1.1519961429163512,0.00821836631771606
vas,ZERO_THREE_RIGHT,63.5,61.0,66.0,116,40,42,43,-0.28690150656544666,0.0017933610671935871,-0.7461188,-1.1409068948282102,0.00942446403230112
vas,ZERO_THREE_RIGHT,64.5,62.0,67.0,116,40,42,43,-0.2889866359004977,0.0016541475974846758,-0.76416844,-1.205793436106909,0.004589333381258574
vas,ZERO_THREE_RIGHT,65.5,63.0,68.0,116,40,42,43,-0.2844698863255027,0.001969073804722082,-0.72883296,-1.0985674627947142,0.008659445049978976
vas,ZERO_THREE_RIGHT,66.5,64.0,69.0,116,40,42,43,-0.28901733108066086,0.0016521736259127477,-0.7597658,-1.1293190081615427,0.006458194202044204
vas,ZERO_THREE_RIGHT,67.5,65.0,70.0,116,40,42,43,-0.3026654033248453,0.0009589046550295628,-0.80450976,-1.2950771106830299,0.004434064863068317
vas,ZERO_THREE_RIGHT,68.5,66.0,71.0,116,40,42,43,-0.27681498284297784,0.002628754312435586,-0.7168681,-1.1526128173373134,0.008868936212949064
vas,ZERO_THREE_RIGHT,69.5,67.0,72.0,116,40,42,43,-0.23214718058727457,0.012156074378881505,-0.57033485,-0.8677337861791015,0.035558174477336835
vas,ZERO_THREE_RIGHT,70.5,68.0,73.0,116,40,42,43,-0.21226673466026738,0.022163285588993758,-0.5530017,-0.8395685377931916,0.04242839397844053
vas,ZERO_THREE_RIGHT,71.5,69.0,74.0,116,40,42,43,-0.19695078535504576,0.03408585859362253,-0.53014845,-0.8272827878254921,0.049802034785595514
vas,ZERO_THREE_RIGHT,72.5,70.0,75.0,116,40,42,43,-0.1880667596013468,0.043209175386347685,-0.51001257,-0.7473953829721273,0.06308274122906274
vas,ZERO_THREE_RIGHT,73.5,71.0,76.0,116,40,42,43,-0.18181090691061272,0.05078775545942346,-0.56630653,-0.876942892443684,0.03715224937733938
vas,ZERO_THREE_RIGHT,74.5,72.0,77.0,116,40,42,43,-0.1922670515954517,0.03866949332149249,-0.66231763,-1.1379677537856252,0.015368521780047443
vas,ZERO_THREE_RIGHT,75.5,73.0,78.0,116,40,42,43,-0.19715966436404514,0.03389260501558279,-0.65163505,-1.1234814971574498,0.015749647619656724
vas,ZERO_THREE_RIGHT,76.5,74.0,79.0,116,40,42,43,-0.22402007669019994,0.01562971914917127,-0.73321694,-1.3705232076395064,0.006273574992097317
vas,ZERO_THREE_RIGHT,77.5,75.0,80.0,116,40,42,43,-0.20118995720557498,0.03034095121041488,-0.7034623,-1.3262394510234614,0.0069172752054919955
vas,ZERO_THREE_RIGHT,78.5,76.0,81.0,116,40,42,43,-0.2359574205227758,0.01077445024672021,-0.75641793,-1.655209395008574,0.005193353364683945
vas,ZERO_THREE_RIGHT,79.5,77.0,82.0,116,40,42,43,-0.2660557462228226,0.003893123056090606,-0.7764116,-1.8213101585731233,0.0035215119160152616
vas,ZERO_THREE_RIGHT,80.5,78.0,83.0,116,40,42,43,-0.28874863418223773,0.00166952602886904,-0.8435529,-2.059613360889354,0.002164802318371968
vas,ZERO_THREE_RIGHT,81.5,79.0,84.0,116,40,42,43,-0.27734475294626415,0.0025773734097969893,-0.82348984,-2.10986257485527,0.003355821000302086
vas,ZERO_THREE_RIGHT,82.5,80.0,85.0,116,40,42,43,-0.2952809504354557,0.001291331595475187,-0.8676503,-2.3348784141894154,0.006632959798590045
vas,ZERO_THREE_RIGHT,83.5,81.0,86.0,116,40,42,43,-0.2660450478963019,0.00389461351852249,-0.83713335,-2.452972888265996,0.016309883248813217
vas,ZERO_THREE_RIGHT,84.5,82.0,87.0,116,40,42,43,-0.2379106156464531,0.010121147912632114,-0.7806953,-1.9286756398560816,0.0039980231806283646
vas,ZERO_THREE_RIGHT,85.5,83.0,88.0,116,40,42,43,-0.23260069376888712,0.011983888917298758,-0.7357154,-1.7155065609617992,0.006730809419571842
vas,ZERO_THREE_RIGHT,86.5,84.0,89.0,116,40,42,43,-0.2177598100218656,0.018864454153445696,-0.70123625,-1.5286945287416924,0.009901175307257487
vas,ZERO_THREE_RIGHT,87.5,85.0,90.0,116,40,42,43,-0.2161428464859824,0.0197883756835814,-0.6675842,-1.3612954974747982,0.011402353986336813
vas,ZERO_THREE_RIGHT,88.5,86.0,91.0,116,40,42,43,-0.21982459887028527,0.017738952644924918,-0.6422225,-1.2455397722820722,0.01332334845099626
vas,ZERO_THREE_RIGHT,89.5,87.0,92.0,116,40,42,43,-0.22599720108055377,0.014713643335588479,-0.6694859,-1.3762799277692432,0.01401177220283021
vas,ZERO_THREE_RIGHT,90.5,88.0,93.0,116,40,42,43,-0.216839383011281,0.01938570584689301,-0.63669586,-1.1835555564021227,0.013923025651398156
vas,ZERO_THREE_RIGHT,91.5,89.0,94.0,116,40,42,43,-0.18892339632454483,0.04224889057854983,-0.56659424,-1.0132799435601154,0.032204638847625935
vas,ZERO_THREE_RIGHT,92.5,90.0,95.0,116,40,42,43,-0.1668127014840222,0.07349684200144611,-0.528488,-0.8763539653702004,0.041126912400084724
vas,ZERO_THREE_RIGHT,93.5,91.0,96.0,116,40,42,43,-0.16959986543079747,0.06874777820936076,-0.55023164,-0.8778531479154349,0.029800417113303564
vas,ZERO_THREE_RIGHT,94.5,92.0,97.0,116,40,42,43,-0.17793579756233538,0.056010778805663054,-0.5577193,-0.8950727738044547,0.024356246171772893
vas,ZERO_THREE_RIGHT,95.5,93.0,98.0,116,40,42,43,-0.1643109469617604,0.07798184803680853,-0.553749,-0.9080565147024402,0.026011924688111282
vas,ZERO_THREE_RIGHT,96.5,94.0,99.0,116,40,42,43,-0.1884815797708399,0.042741915673156335,-0.6494868,-1.1443411224268545,0.010066890457055477
vas,ZERO_THREE_RIGHT,97.5,95.0,100.0,116,40,42,43,-0.20870598316213812,0.024556524688973833,-0.6870136,-1.283241616045574,0.011003814282684684
vas,ZERO_THREE_RIGHT,98.5,96.0,101.0,116,40,42,43,-0.18465677333002456,0.04721397130407238,-0.588851,-1.0438874212103153,0.021824246193425875
vas,ZERO_TWO_LEFT,6.5,4.0,9.0,79,27,26,32,-0.31758405063704576,0.004344693614739229,-0.5769193,-0.806637458544799,0.14601557849405425
vas,ZERO_TWO_LEFT,7.5,5.0,10.0,79,27,26,32,-0.2427853006442699,0.031091809631288922,-0.34007886,-0.44895560146218855,0.3565658192647818
vas,ZERO_TWO_LEFT,8.5,6.0,11.0,79,27,26,32,-0.2625117876496247,0.019427955675663553,-0.37733486,-0.5036720037352009,0.2985915806230792
vas,ZERO_TWO_LEFT,9.5,7.0,12.0,79,27,26,32,-0.2463342603957204,0.028639712494841353,-0.33899018,-0.4407122064109777,0.3605248691399988
vas,ZERO_TWO_LEFT,10.5,8.0,13.0,79,27,26,32,-0.2220798271820155,0.049175749316929133,-0.26790258,-0.33761353299366437,0.4659537293790105
vas,ZERO_TWO_LEFT,11.5,9.0,14.0,79,27,26,32,-0.20396831539139337,0.07138516841941596,-0.23636356,-0.30917477996635984,0.5347701781662968
vas,ZERO_TWO_LEFT,12.5,10.0,15.0,79,27,26,32,-0.19222174569513784,0.0896705417637216,-0.24183162,-0.3312570619662266,0.5397863769834716
vas,ZERO_TWO_LEFT,13.5,11.0,16.0,79,27,26,32,-0.16291344276215494,0.15142122842074263,-0.27422193,-0.41103578834552246,0.48764503408847126
vas,ZERO_TWO_LEFT,14.5,12.0,17.0,79,27,26,32,-0.1395962187618489,0.21982265151334235,-0.27144235,-0.44621824204435806,0.47243576507259355
vas,ZERO_TWO_LEFT,15.5,13.0,18.0,79,27,26,32,-0.12244452915874635,0.2823679329258182,-0.27172068,-0.47770347724105583,0.4653009546726885
vas,ZERO_TWO_LEFT,16.5,14.0,19.0,79,27,26,32,-0.11474371495745213,0.31396401641321636,-0.21547693,-0.3726847117083904,0.5594661674139833
vas,ZERO_TWO_LEFT,17.5,15.0,20.0,79,27,26,32,-0.09616773421159908,0.399178214450281,-0.21937431,-0.3860247825282958,0.5295525316244896
vas,ZERO_TWO_LEFT,18.5,16.0,21.0,79,27,26,32,-0.0988796777999296,0.3859525570489864,-0.16661349,-0.2658833128516769,0.6469546084196189
vas,ZERO_TWO_LEFT,19.5,17.0,22.0,79,27,26,32,-0.06906757671201905,0.5452958639267689,-0.070225805,-0.10693604160908733,0.8465501706013792
vas,ZERO_TWO_LEFT,20.5,18.0,23.0,79,27,26,32,-0.05531189155757541,0.6282739702441532,-0.0699486,-0.10050977108169984,0.8457896969533493
vas,ZERO_TWO_LEFT,21.5,19.0,24.0,79,27,26,32,0.01567486098130883,0.8909446890583553,0.07598429,0.1068864902924698,0.8353846532026423
vas,ZERO_TWO_LEFT,22.5,20.0,25.0,79,27,26,32,0.05524985230962959,0.6286599779700399,0.19469859,0.27115157019726066,0.5878814501456828
vas,ZERO_TWO_LEFT,23.5,21.0,26.0,79,27,26,32,0.13102522301214736,0.24973833197555614,0.36389166,0.5138889116754404,0.29492024736905054
vas,ZERO_TWO_LEFT,24.5,22.0,27.0,79,27,26,32,0.16129581848809865,0.15558004661801056,0.3905049,0.5626259682108141,0.23805787662261269
vas,ZERO_TWO_LEFT,25.5,23.0,28.0,79,27,26,32,0.17549679209935415,0.12185841900025791,0.42295274,0.6371832982060404,0.18831914415691586
vas,ZERO_TWO_LEFT,26.5,24.0,29.0,79,27,26,32,0.08770928477390864,0.44211042168555603,0.1831043,0.3002202310573593,0.5891831972773391
vas,ZERO_TWO_LEFT,27.5,25.0,30.0,79,27,26,32,-0.0007828848027098374,0.9945365125216185,-0.026380932,-0.04674004876334858,0.9418364396761385
vas,ZERO_TWO_LEFT,28.5,26.0,31.0,79,27,26,32,0.023569601810741005,0.8366497682700266,-0.03308226,-0.06137126594933463,0.9229318618163133
vas,ZERO_TWO_LEFT,29.5,27.0,32.0,79,27,26,32,-0.015173969113024974,0.8944092160380411,-0.052870903,-0.09920267122799616,0.8828654577024551
vas,ZERO_TWO_LEFT,30.5,28.0,33.0,79,27,26,32,-0.08090125345415759,0.47846861875845126,-0.1372381,-0.2247836363229363,0.7198933929473139
vas,ZERO_TWO_LEFT,31.5,29.0,34.0,79,27,26,32,-0.05718282500841959,0.6166802398275966,-0.089179546,-0.13874362134406934,0.8171936881592169
vas,ZERO_TWO_LEFT,32.5,30.0,35.0,79,27,26,32,-0.04545096674191604,0.6908191895137384,-0.12912913,-0.19087703312505913,0.7366336599842978
vas,ZERO_TWO_LEFT,33.5,31.0,36.0,79,27,26,32,-0.1523944289628569,0.17999593435098982,-0.33036178,-0.477852233326778,0.4203965332141747
vas,ZERO_TWO_LEFT,34.5,32.0,37.0,79,27,26,32,-0.2001073038121861,0.0770317750636835,-0.48752344,-0.7124099020925518,0.21882215651546422
vas,ZERO_TWO_LEFT,35.5,33.0,38.0,79,27,26,32,-0.242097381399741,0.031586999002585665,-0.643618,-1.047159178721659,0.11199378531712333
vas,ZERO_TWO_LEFT,36.5,34.0,39.0,79,27,26,32,-0.313044275047034,0.004969234020180569,-0.8730287,-1.4816513996092935,0.056841475206374045
vas,ZERO_TWO_LEFT,37.5,35.0,40.0,79,27,26,32,-0.2798967024332366,0.012479954638007499,-0.767211,-1.2612956407503404,0.09161881080687193
vas,ZERO_TWO_LEFT,38.5,36.0,41.0,79,27,26,32,-0.2628289700157077,0.0192763299590692,-0.68806756,-1.1893781995721464,0.12875056411346383
vas,ZERO_TWO_LEFT,39.5,37.0,42.0,79,27,26,32,-0.29289257582308575,0.008805693215182988,-0.7004982,-1.2164567506860433,0.20098260041994598
vas,ZERO_TWO_LEFT,40.5,38.0,43.0,79,27,26,32,-0.2899038338283959,0.009554175154409919,-0.71051323,-1.1947464538714923,0.231774360879606
vas,ZERO_TWO_LEFT,41.5,39.0,44.0,79,27,26,32,-0.2335515080550525,0.03831156202062899,-0.5124827,-0.7962438308988882,0.2911513012966136
vas,ZERO_TWO_LEFT,42.5,40.0,45.0,79,27,26,32,-0.245281368392149,0.029349544569542824,-0.5279464,-0.7951620308614037,0.2648109741928718
vas,ZERO_TWO_LEFT,43.5,41.0,46.0,79,27,26,32,-0.28160607838085294,0.011931007400669403,-0.66054446,-0.971059011830934,0.17481449790568226
vas,ZERO_TWO_LEFT,44.5,42.0,47.0,79,27,26,32,-0.290856861379342,0.009309682889551012,-0.7401436,-1.178604972886242,0.11000627982361125
vas,ZERO_TWO_LEFT,45.5,43.0,48.0,79,27,26,32,-0.2763927779974316,0.013674090439201406,-0.70999783,-1.151997242671973,0.10329499842663842
vas,ZERO_TWO_LEFT,46.5,44.0,49.0,79,27,26,32,-0.3004559034247474,0.0071364083431365855,-0.8148761,-1.3807451466939087,0.1034308634854069
vas,ZERO_TWO_LEFT,47.5,45.0,50.0,79,27,26,32,-0.2998712496537952,0.0072547050057969265,-0.7749745,-1.333522709270427,0.112851158515582
vas,ZERO_TWO_LEFT,48.5,46.0,51.0,79,27,26,32,-0.3261980965211319,0.003348405352223901,-0.7893135,-1.3740296649494517,0.0560932116374461
vas,ZERO_TWO_LEFT,49.5,47.0,52.0,79,27,26,32,-0.2634399515580001,0.018987112470729112,-0.6629112,-1.1143374953998948,0.13570281541281964
vas,ZERO_TWO_LEFT,50.5,48.0,53.0,79,27,26,32,-0.32944336710916416,0.0030295659289155466,-0.77099586,-1.3396306689622148,0.10758657276044507
vas,ZERO_TWO_LEFT,51.5,49.0,54.0,79,27,26,32,-0.2698622932331828,0.016165275899865487,-0.6233094,-1.0838072469257725,0.15265446857496506
vas,ZERO_TWO_LEFT,52.5,50.0,55.0,79,27,26,32,-0.3276356811146259,0.003203645313423719,-0.6806687,-1.1330273104864712,0.11617844119353045
vas,ZERO_TWO_LEFT,53.5,51.0,56.0,79,27,26,32,-0.35574444205254735,0.0012932541156948452,-0.70496714,-1.0959196905490458,0.07928886176327402
vas,ZERO_TWO_LEFT,54.5,52.0,57.0,79,27,26,32,-0.4550405142906245,2.5173330312108053e-05,-0.8606483,-1.4080255964059667,0.033881112235132474
vas,ZERO_TWO_LEFT,55.5,53.0,58.0,79,27,26,32,-0.3912056175881829,0.0003640216510142716,-0.69593656,-1.0743151134245918,0.06516279178188233
vas,ZERO_TWO_LEFT,56.5,54.0,59.0,79,27,26,32,-0.42206285726802134,0.00010695328702994235,-0.72014725,-1.13596638163906,0.06307832398864345
vas,ZERO_TWO_LEFT,57.5,55.0,60.0,79,27,26,32,-0.41346966765719145,0.00015224358487336747,-0.77611876,-1.4541279434325105,0.04271432046493081
vas,ZERO_TWO_LEFT,58.5,56.0,61.0,79,27,26,32,-0.3603590332683554,0.001105389863412824,-0.67099696,-1.4912387561053442,0.10250622503969596
vas,ZERO_TWO_LEFT,59.5,57.0,62.0,79,27,26,32,-0.26750134218578264,0.017157514948096312,-0.49854445,-1.0830559586641841,0.18039320644837076
vas,ZERO_TWO_LEFT,60.5,58.0,63.0,79,27,26,32,-0.32556013110414755,0.003414496228497782,-0.68192685,-1.6858193247300464,0.12700623017771945
vas,ZERO_TWO_LEFT,61.5,59.0,64.0,79,27,26,32,-0.3266249025029354,0.0033048297501277156,-0.77429086,-1.851537347772835,0.08680660325475355
vas,ZERO_TWO_LEFT,62.5,60.0,65.0,79,27,26,32,-0.31826965920287587,0.004256701967533249,-0.7146532,-1.4495295664789363,0.11645264823084601
vas,ZERO_TWO_LEFT,63.5,61.0,66.0,79,27,26,32,-0.3125620760888503,0.005040033928927709,-0.6648468,-1.1369671894447766,0.16007918878776506
vas,ZERO_TWO_LEFT,64.5,62.0,67.0,79,27,26,32,-0.27163145668946026,0.015454527554487433,-0.6273449,-1.0406760372741073,0.17349032831597777
vas,ZERO_TWO_LEFT,65.5,63.0,68.0,79,27,26,32,-0.2728099556163483,0.014996179621610137,-0.60382503,-1.0320443618891808,0.19456718337140833
vas,ZERO_TWO_LEFT,66.5,64.0,69.0,79,27,26,32,-0.268814340042426,0.0165994255805514,-0.56847054,-0.9680982258210444,0.22145455977800976
vas,ZERO_TWO_LEFT,67.5,65.0,70.0,79,27,26,32,-0.2776442254270902,0.013236705647187937,-0.6067198,-1.111845317423856,0.1983017204088885
vas,ZERO_TWO_LEFT,68.5,66.0,71.0,79,27,26,32,-0.2345786321097306,0.03744504759991221,-0.55110246,-1.1869775140573824,0.21591141258445234
vas,ZERO_TWO_LEFT,69.5,67.0,72.0,79,27,26,32,-0.278744629762918,0.012862181368936437,-0.6300708,-1.3470477456859127,0.18673090304218554
vas,ZERO_TWO_LEFT,70.5,68.0,73.0,79,27,26,32,-0.2892144705577586,0.00973450692774282,-0.6452201,-1.2704862092571634,0.1410093296926243
vas,ZERO_TWO_LEFT,71.5,69.0,74.0,79,27,26,32,-0.2225200767739232,0.048716448550799936,-0.5195134,-1.0347294955208546,0.18575372577886606
vas,ZERO_TWO_LEFT,72.5,70.0,75.0,79,27,26,32,-0.22678560823618343,0.044446543405286636,-0.50982225,-1.0193628043509286,0.1708241651323139
vas,ZERO_TWO_LEFT,73.5,71.0,76.0,79,27,26,32,-0.3675281008720118,0.0008621665554013878,-0.8348987,-1.6971368669283229,0.05228905620271244
vas,ZERO_TWO_LEFT,74.5,72.0,77.0,79,27,26,32,-0.29024129002053695,0.009466968919896124,-0.6343989,-1.249537092548093,0.12461627048118325
vas,ZERO_TWO_LEFT,75.5,73.0,78.0,79,27,26,32,-0.2462276126706529,0.0287109455409104,-0.65754867,-1.3602784289614591,0.1052868972096068
vas,ZERO_TWO_LEFT,76.5,74.0,79.0,79,27,26,32,-0.33812889908808313,0.0023055378409650505,-0.8167179,-1.612408587574346,0.07847928541413839
vas,ZERO_TWO_LEFT,77.5,75.0,80.0,79,27,26,32,-0.29302169077480333,0.008774549366316572,-0.7313527,-1.414885737971916,0.12396657520230953
vas,ZERO_TWO_LEFT,78.5,76.0,81.0,79,27,26,32,-0.23683844029659332,0.035596052488612015,-0.59413385,-1.166144311432452,0.18110851429014463
vas,ZERO_TWO_LEFT,79.5,77.0,82.0,79,27,26,32,-0.2192183770487225,0.05224858197117157,-0.48001516,-0.9786395688383339,0.2777873459324537
vas,ZERO_TWO_LEFT,80.5,78.0,83.0,79,27,26,32,-0.196927955490107,0.08194460848443043,-0.35984746,-0.6230649749756904,0.35620938853903994
vas,ZERO_TWO_LEFT,81.5,79.0,84.0,79,27,26,32,-0.16140650155420244,0.15529280610799084,-0.366718,-0.6032348412963858,0.32727713805419
vas,ZERO_TWO_LEFT,82.5,80.0,85.0,79,27,26,32,-0.24766478227186026,0.027763489336175947,-0.52946687,-0.947949512892924,0.16956828223156906
vas,ZERO_TWO_LEFT,83.5,81.0,86.0,79,27,26,32,-0.30029284799281886,0.007169228456511315,-0.64000636,-1.1549026865421859,0.08028102362167983
vas,ZERO_TWO_LEFT,84.5,82.0,87.0,79,27,26,32,-0.3470368021932864,0.0017281841846167026,-0.7894299,-1.5401740025566284,0.02935522446898077
vas,ZERO_TWO_LEFT,85.5,83.0,88.0,79,27,26,32,-0.42727470801310113,8.593299406670248e-05,-0.9579201,-2.1882605712644607,0.006023181227475157
vas,ZERO_TWO_LEFT,86.5,84.0,89.0,79,27,26,32,-0.47569646016730716,9.400287580672078e-06,-0.90655,-2.037259033345941,0.009875221427100334
vas,ZERO_TWO_LEFT,87.5,85.0,90.0,79,27,26,32,-0.39709639573808564,0.000290752124232677,-0.6660787,-1.5384438090230128,0.05600827217941661
vas,ZERO_TWO_LEFT,88.5,86.0,91.0,79,27,26,32,-0.3564588528207661,0.0012623981295205229,-0.61716837,-1.5416697127108465,0.04271708257976779
vas,ZERO_TWO_LEFT,89.5,87.0,92.0,79,27,26,32,-0.39994204167440534,0.0002604477346768993,-0.77593565,-2.0852924072614267,0.007353674529311659
vas,ZERO_TWO_LEFT,90.5,88.0,93.0,79,27,26,32,-0.38493450278637903,0.0004603182674686102,-0.81193876,-2.1092481720257035,0.005164126190606874
vas,ZERO_TWO_LEFT,91.5,89.0,94.0,79,27,26,32,-0.31071458674339597,0.005319640075682771,-0.8066614,-2.2575586664783445,0.012532991263397316
vas,ZERO_TWO_LEFT,92.5,90.0,95.0,79,27,26,32,-0.3723594910577098,0.0007268620945333865,-0.94109046,-2.6417088591937716,0.003222529723517416
vas,ZERO_TWO_LEFT,93.5,91.0,96.0,79,27,26,32,-0.3147077493165957,0.004731709977441229,-0.8557466,-2.2879909378692287,0.015488294365568254
vas,ZERO_TWO_LEFT,94.5,92.0,97.0,79,27,26,32,-0.3560058414378402,0.0012818857787018215,-0.95047396,-2.389284312012806,0.020926361031074637
vas,ZERO_TWO_LEFT,95.5,93.0,98.0,79,27,26,32,-0.21444036527692556,0.057729269428209044,-0.64640194,-1.6581052205261375,0.0958145176186993
vas,ZERO_TWO_LEFT,96.5,94.0,99.0,79,27,26,32,-0.25752900882777374,0.021947382864706044,-0.7011954,-1.6501721443252526,0.05148802490171381
vas,ZERO_TWO_LEFT,97.5,95.0,100.0,79,27,26,32,-0.27265307974336794,0.015056507141483265,-0.7592083,-1.9302404553984922,0.029207308169212864
vas,ZERO_TWO_LEFT,98.5,96.0,101.0,79,27,26,32,-0.308091892635519,0.005740139642995698,-0.71701074,-1.6752610271428947,0.09430401521643683
vas,ZERO_TWO_RIGHT,6.5,4.0,9.0,73,24,25,28,-0.11546678606465638,0.33066281203817877,0.1258056,0.1520399057758255,0.7043831936289768
vas,ZERO_TWO_RIGHT,7.5,5.0,10.0,73,24,25,28,-0.10794259997902905,0.36334818560057097,0.12289049,0.1538672904981476,0.7043957180392675
vas,ZERO_TWO_RIGHT,8.5,6.0,11.0,73,24,25,28,-0.0925395093029442,0.4361656982822299,0.160288,0.20056978926906682,0.6254528542115632
vas,ZERO_TWO_RIGHT,9.5,7.0,12.0,73,24,25,28,-0.09294562402465806,0.43414613070330427,0.12496176,0.16237849071027324,0.6921132592774459
vas,ZERO_TWO_RIGHT,10.5,8.0,13.0,73,24,25,28,-0.10179885098863171,0.39145203031096837,0.059132796,0.07964682732680292,0.8532248666926494
vas,ZERO_TWO_RIGHT,11.5,9.0,14.0,73,24,25,28,-0.08718941110607058,0.4632611203477312,0.070596375,0.09711670605819082,0.8187524031475999
vas,ZERO_TWO_RIGHT,12.5,10.0,15.0,73,24,25,28,-0.09578783991057924,0.42016091337795736,0.043154158,0.05596650678622343,0.8838273606235922
vas,ZERO_TWO_RIGHT,13.5,11.0,16.0,73,24,25,28,-0.1297202132738635,0.27402958211007045,-0.043352615,-0.055901754380421484,0.8799235595112722
vas,ZERO_TWO_RIGHT,14.5,12.0,17.0,73,24,25,28,-0.13912420642038092,0.240442907023893,-0.070058964,-0.09551758459866,0.8205180548461375
vas,ZERO_TWO_RIGHT,15.5,13.0,18.0,73,24,25,28,-0.16063401584628004,0.17458943936099988,-0.122684,-0.18477797787367672,0.6962172177060508
vas,ZERO_TWO_RIGHT,16.5,14.0,19.0,73,24,25,28,-0.17374128827894544,0.14155346119846926,-0.27082458,-0.4338865752024338,0.3464404441362152
vas,ZERO_TWO_RIGHT,17.5,15.0,20.0,73,24,25,28,-0.14732424155165508,0.21356831146430336,-0.17906348,-0.31586528420747867,0.5686462137830774
vas,ZERO_TWO_RIGHT,18.5,16.0,21.0,73,24,25,28,-0.08297494946721817,0.48523534305327487,-0.10413371,-0.19013775727836593,0.7366788772291116
vas,ZERO_TWO_RIGHT,19.5,17.0,22.0,73,24,25,28,-0.08190999264712598,0.49087414310624466,-0.09482988,-0.17332468616151905,0.7528405077947178
vas,ZERO_TWO_RIGHT,20.5,18.0,23.0,73,24,25,28,-0.07625151068739461,0.5214037607798354,-0.09998191,-0.17383723180395314,0.7448412471643727
vas,ZERO_TWO_RIGHT,21.5,19.0,24.0,73,24,25,28,-0.016167567986027708,0.8920106917667366,0.10240288,0.15958880054107835,0.7312721439715218
vas,ZERO_TWO_RIGHT,22.5,20.0,25.0,73,24,25,28,0.0290103420512864,0.8075114740207544,0.0799404,0.11500086645586845,0.7944202846351474
vas,ZERO_TWO_RIGHT,23.5,21.0,26.0,73,24,25,28,0.04211126021189382,0.7235294718352795,0.107930586,0.16971203331444276,0.7033005228972418
vas,ZERO_TWO_RIGHT,24.5,22.0,27.0,73,24,25,28,0.0337968591811133,0.7765194826197335,0.056772977,0.09099154746140596,0.846264146667574
vas,ZERO_TWO_RIGHT,25.5,23.0,28.0,73,24,25,28,0.03308892632246248,0.7810826313267831,0.06248958,0.10212763768620799,0.819281553481515
vas,ZERO_TWO_RIGHT,26.5,24.0,29.0,73,24,25,28,0.04347793744385572,0.7149346078295818,0.052147385,0.085652694906639,0.8475380165823259
vas,ZERO_TWO_RIGHT,27.5,25.0,30.0,73,24,25,28,0.008812659472614517,0.9410125910344712,-0.03264994,-0.06012056874324374,0.9019968620318648
vas,ZERO_TWO_RIGHT,28.5,26.0,31.0,73,24,25,28,-0.025293840101617525,0.831783601296194,-0.10302779,-0.1860354519562375,0.7308890616338588
vas,ZERO_TWO_RIGHT,29.5,27.0,32.0,73,24,25,28,-0.002816324443533478,0.9811338556743474,-0.08641611,-0.14312747948549623,0.7662925411471706
vas,ZERO_TWO_RIGHT,30.5,28.0,33.0,73,24,25,28,-0.011399606303651097,0.9237427270657664,-0.1402489,-0.21214433932051985,0.634513132642113
vas,ZERO_TWO_RIGHT,31.5,29.0,34.0,73,24,25,28,-0.06739792827459869,0.571017261944044,-0.24502774,-0.38624481550289835,0.37100323812919267
vas,ZERO_TWO_RIGHT,32.5,30.0,35.0,73,24,25,28,-0.05121937230195823,0.6669425403720183,-0.2360754,-0.36288865230719636,0.3461398314799259
vas,ZERO_TWO_RIGHT,33.5,31.0,36.0,73,24,25,28,-0.097608924840307,0.4113380728643954,-0.3298492,-0.47851775780012795,0.18018252954190417
vas,ZERO_TWO_RIGHT,34.5,32.0,37.0,73,24,25,28,-0.12377272635620895,0.296818514056024,-0.31788805,-0.4687686781655246,0.1516088003881352
vas,ZERO_TWO_RIGHT,35.5,33.0,38.0,73,24,25,28,-0.15462484501728294,0.19148984026770138,-0.4010782,-0.6462016226184515,0.10787221832137764
vas,ZERO_TWO_RIGHT,36.5,34.0,39.0,73,24,25,28,-0.18039488242135748,0.12669846795929374,-0.45335108,-0.7245927501394186,0.1520592705407456
vas,ZERO_TWO_RIGHT,37.5,35.0,40.0,73,24,25,28,-0.20327232598221456,0.08455609128447612,-0.46575722,-0.6746729764686912,0.09839788667280293
vas,ZERO_TWO_RIGHT,38.5,36.0,41.0,73,24,25,28,-0.1915283245519825,0.10453798562372273,-0.48589352,-0.6731995337713403,0.09582934278148321
vas,ZERO_TWO_RIGHT,39.5,37.0,42.0,73,24,25,28,-0.17492861262382742,0.13881081631670875,-0.4478547,-0.598672962368131,0.10668790258494719
vas,ZERO_TWO_RIGHT,40.5,38.0,43.0,73,24,25,28,-0.1700653690309686,0.15030302995906664,-0.4220111,-0.5533612127063982,0.10630592235469963
vas,ZERO_TWO_RIGHT,41.5,39.0,44.0,73,24,25,28,-0.1610289845525097,0.1735180772914163,-0.42947805,-0.5661981469095644,0.09005729836717578
vas,ZERO_TWO_RIGHT,42.5,40.0,45.0,73,24,25,28,-0.1618923229188564,0.1711930070904989,-0.4420319,-0.6011940589789115,0.08153773767098904
vas,ZERO_TWO_RIGHT,43.5,41.0,46.0,73,24,25,28,-0.15704397706287188,0.18454987509931767,-0.41717914,-0.5844390605092649,0.09674586417517783
vas,ZERO_TWO_RIGHT,44.5,42.0,47.0,73,24,25,28,-0.18196435241221798,0.12337412771413778,-0.5245808,-0.8711658361499927,0.05800443308841452
vas,ZERO_TWO_RIGHT,45.5,43.0,48.0,73,24,25,28,-0.16250608113968917,0.16955402535698705,-0.5213274,-0.8309854998531131,0.07598660983104595
vas,ZERO_TWO_RIGHT,46.5,44.0,49.0,73,24,25,28,-0.16150270840443093,0.17223944132602073,-0.52433795,-0.9125256892541943,0.06164833581504868
vas,ZERO_TWO_RIGHT,47.5,45.0,50.0,73,24,25,28,-0.21359494101722462,0.06960704379926634,-0.61523604,-1.0988034432007336,0.017581528144912185
vas,ZERO_TWO_RIGHT,48.5,46.0,51.0,73,24,25,28,-0.24869123938290286,0.03387136921704577,-0.71510226,-1.6031486984212775,0.00870513831380295
vas,ZERO_TWO_RIGHT,49.5,47.0,52.0,73,24,25,28,-0.22510810155097152,0.05552023755135141,-0.6074461,-1.1328886509389822,0.027593191223439034
vas,ZERO_TWO_RIGHT,50.5,48.0,53.0,73,24,25,28,-0.22798847584277668,0.052386348023928234,-0.5826155,-1.1284644186513062,0.018383396039923953
vas,ZERO_TWO_RIGHT,51.5,49.0,54.0,73,24,25,28,-0.23036725982018588,0.04990868272191891,-0.5289551,-0.8201069800859931,0.04720936294894341
vas,ZERO_TWO_RIGHT,52.5,50.0,55.0,73,24,25,28,-0.20164901348771908,0.08712259411026682,-0.40873015,-0.5530689162844528,0.07306865242662075
vas,ZERO_TWO_RIGHT,53.5,51.0,56.0,73,24,25,28,-0.2332989911696512,0.04698820951122906,-0.4256307,-0.5145354547281421,0.08649355670463618
vas,ZERO_TWO_RIGHT,54.5,52.0,57.0,73,24,25,28,-0.2032707129320871,0.08455861151482569,-0.3727878,-0.44126313877829143,0.10523785916405592
vas,ZERO_TWO_RIGHT,55.5,53.0,58.0,73,24,25,28,-0.23800900689865434,0.042591822843060435,-0.40906706,-0.48924539874386136,0.08704396155193424
vas,ZERO_TWO_RIGHT,56.5,54.0,59.0,73,24,25,28,-0.2806429995271028,0.01617353127057562,-0.52105373,-0.7104758891279085,0.028235835555899643
vas,ZERO_TWO_RIGHT,57.5,55.0,60.0,73,24,25,28,-0.25385374763087204,0.030225199764292363,-0.5244234,-0.7271234965392561,0.024652876562694832
vas,ZERO_TWO_RIGHT,58.5,56.0,61.0,73,24,25,28,-0.1298758512504397,0.27344938461603063,-0.2854194,-0.4023211077060898,0.2862575314267739
vas,ZERO_TWO_RIGHT,59.5,57.0,62.0,73,24,25,28,-0.18773533454547742,0.11172131019039322,-0.40113366,-0.6076605480245725,0.15661618131587496
vas,ZERO_TWO_RIGHT,60.5,58.0,63.0,73,24,25,28,-0.13709978432101486,0.24742168065378306,-0.3033198,-0.4431174992079718,0.26209317238074703
vas,ZERO_TWO_RIGHT,61.5,59.0,64.0,73,24,25,28,-0.061282874782184096,0.6065192097914224,-0.08029704,-0.10333948992808561,0.7764538485951268
vas,ZERO_TWO_RIGHT,62.5,60.0,65.0,73,24,25,28,-0.05398406434678068,0.6501094414421604,-0.020974258,-0.028514682058785327,0.9436428779181298
vas,ZERO_TWO_RIGHT,63.5,61.0,66.0,73,24,25,28,-0.08125435438086037,0.49436271802796394,-0.07694419,-0.10007457649941011,0.7695644985842112
vas,ZERO_TWO_RIGHT,64.5,62.0,67.0,73,24,25,28,-0.04205753981516461,0.7238680189652399,-0.011158941,-0.015536316068863281,0.9707460190234267
vas,ZERO_TWO_RIGHT,65.5,63.0,68.0,73,24,25,28,-0.03782409100860019,0.7507086750755024,-0.054743733,-0.08107047271979698,0.8461633436256277
vas,ZERO_TWO_RIGHT,66.5,64.0,69.0,73,24,25,28,-0.09604249069977015,0.4189206718919141,-0.25687823,-0.37827472356451736,0.3306364256978147
vas,ZERO_TWO_RIGHT,67.5,65.0,70.0,73,24,25,28,-0.09124073589421676,0.4426598237592336,-0.26347932,-0.36503290904677627,0.2793599260252939
vas,ZERO_TWO_RIGHT,68.5,66.0,71.0,73,24,25,28,-0.09935980524803066,0.40295773231420595,-0.3025939,-0.45905648192187454,0.23183542137096858
vas,ZERO_TWO_RIGHT,69.5,67.0,72.0,73,24,25,28,-0.1436704780933683,0.22526861031774548,-0.44166297,-0.7351520242828334,0.06975897310429985
vas,ZERO_TWO_RIGHT,70.5,68.0,73.0,73,24,25,28,-0.17770289139030876,0.1325587610005561,-0.47259742,-0.7463472335879837,0.06747420924824357
vas,ZERO_TWO_RIGHT,71.5,69.0,74.0,73,24,25,28,-0.14896464360168277,0.20845740437786794,-0.426252,-0.6091332737386468,0.09898161900458016
vas,ZERO_TWO_RIGHT,72.5,70.0,75.0,73,24,25,28,-0.10504190290875264,0.37645964848294755,-0.36270756,-0.5305347136682402,0.19891690121143846
vas,ZERO_TWO_RIGHT,73.5,71.0,76.0,73,24,25,28,-0.1530154182522482,0.19620982938335224,-0.5499907,-0.8617248141721204,0.0631599853423572
vas,ZERO_TWO_RIGHT,74.5,72.0,77.0,73,24,25,28,-0.10198481671139101,0.39058285875074644,-0.4410619,-0.6602154175536595,0.13482826629918987
vas,ZERO_TWO_RIGHT,75.5,73.0,78.0,73,24,25,28,-0.10560300336228985,0.373901378332664,-0.45001143,-0.6765844103186864,0.1397445199427393
vas,ZERO_TWO_RIGHT,76.5,74.0,79.0,73,24,25,28,-0.05974163835758993,0.6156171289357714,-0.34256092,-0.4959167402845631,0.21042535780804827
vas,ZERO_TWO_RIGHT,77.5,75.0,80.0,73,24,25,28,-0.0909858815452687,0.4439404671048246,-0.41763517,-0.6266090924507797,0.09773753212575824
vas,ZERO_TWO_RIGHT,78.5,76.0,81.0,73,24,25,28,0.00616680747906737,0.9587037546092395,-0.14417955,-0.21338354234801288,0.5978362254846151
vas,ZERO_TWO_RIGHT,79.5,77.0,82.0,73,24,25,28,0.014031339240213572,0.9062099536990365,-0.059597705,-0.09432661855745017,0.8422941345143253
vas,ZERO_TWO_RIGHT,80.5,78.0,83.0,73,24,25,28,0.05554927481184279,0.6406557258813291,0.043183345,0.07756104214048604,0.897354130281071
vas,ZERO_TWO_RIGHT,81.5,79.0,84.0,73,24,25,28,0.039891371196714466,0.737562660724915,0.041485924,0.0742457638386483,0.9133152308636985
vas,ZERO_TWO_RIGHT,82.5,80.0,85.0,73,24,25,28,-0.012214549702103136,0.9183092504712871,0.04144609,0.0703665214915153,0.907324861277509
vas,ZERO_TWO_RIGHT,83.5,81.0,86.0,73,24,25,28,0.018438283091361005,0.8769546808639865,0.09799185,0.16360224335308376,0.7856289394944252
vas,ZERO_TWO_RIGHT,84.5,82.0,87.0,73,24,25,28,0.00979646975858088,0.9344412649906718,0.019525854,0.029954835796687125,0.9499923936568038
vas,ZERO_TWO_RIGHT,85.5,83.0,88.0,73,24,25,28,0.009951543989658451,0.9334058395832869,0.02266924,0.03472286335222423,0.9432134001020164
vas,ZERO_TWO_RIGHT,86.5,84.0,89.0,73,24,25,28,0.01619927520659194,0.891800181344424,0.06684499,0.11487940936131881,0.8267276818622799
vas,ZERO_TWO_RIGHT,87.5,85.0,90.0,73,24,25,28,0.02900562386641075,0.8075421785152339,0.06454866,0.122755006727679,0.8295468871586891
vas,ZERO_TWO_RIGHT,88.5,86.0,91.0,73,24,25,28,-0.028456405649755965,0.8111182927513775,-0.024805289,-0.05013252462810368,0.9356305515347116
vas,ZERO_TWO_RIGHT,89.5,87.0,92.0,73,24,25,28,-0.028516418383772522,0.8107273437722649,0.017991615,0.041611489621623435,0.9507468645731655
vas,ZERO_TWO_RIGHT,90.5,88.0,93.0,73,24,25,28,-0.01592443763216835,0.8936251280752142,-0.048789393,-0.11219708714543078,0.859576412008353
vas,ZERO_TWO_RIGHT,91.5,89.0,94.0,73,24,25,28,-0.07444799525535672,0.5313314196587793,-0.18097554,-0.3688947196665991,0.5301706623527419
vas,ZERO_TWO_RIGHT,92.5,90.0,95.0,73,24,25,28,-0.017158137073144415,0.8854377015357807,-0.109549455,-0.1999218787310321,0.7149785431695426
vas,ZERO_TWO_RIGHT,93.5,91.0,96.0,73,24,25,28,-0.046995858917342,0.6929752185694553,-0.19365329,-0.37908142963227587,0.4969471302319777
vas,ZERO_TWO_RIGHT,94.5,92.0,97.0,73,24,25,28,-0.05017439716213789,0.6733485266818846,-0.2982836,-0.5897826863421048,0.38030044482208847
vas,ZERO_TWO_RIGHT,95.5,93.0,98.0,73,24,25,28,-0.026726731229622394,0.822405589742799,-0.15172344,-0.3064047514989978,0.6096166180518856
vas,ZERO_TWO_RIGHT,96.5,94.0,99.0,73,24,25,28,0.005149829242393425,0.9655094222145583,-0.023570623,-0.04966230054360889,0.9329047960559294
vas,ZERO_TWO_RIGHT,97.5,95.0,100.0,73,24,25,28,-0.01577848141388937,0.894594515504101,-0.03931526,-0.087214696048709,0.8757985395831497
vas,ZERO_TWO_RIGHT,98.5,96.0,101.0,73,24,25,28,-0.004436819696876933,0.970282412322782,0.10395006,0.23694311967375084,0.6948578528327293
left_leg_vas,ONE_THREE_LEFT,6.5,4.0,9.0,65,24,22,25,-0.31445977623936455,0.01073717472494465,-0.73657066,-1.697472019816335,0.1939595216326392
left_leg_vas,ONE_THREE_LEFT,7.5,5.0,10.0,65,24,22,25,-0.2964646097725802,0.016485927403494416,-0.63185817,-1.375313723035615,0.23356219608179163
left_leg_vas,ONE_THREE_LEFT,8.5,6.0,11.0,65,24,22,25,-0.27605403690009833,0.026022174462239315,-0.5884775,-1.106431420779578,0.20579454514028106
left_leg_vas,ONE_THREE_LEFT,9.5,7.0,12.0,65,24,22,25,-0.24803590176611678,0.04635151606377916,-0.5260829,-0.9282648050009163,0.2342140108858789
left_leg_vas,ONE_THREE_LEFT,10.5,8.0,13.0,65,24,22,25,-0.2123863783578094,0.089408342110495,-0.40310785,-0.688116046344214,0.323381629698845
left_leg_vas,ONE_THREE_LEFT,11.5,9.0,14.0,65,24,22,25,-0.19398756752408314,0.12153070143446186,-0.39738846,-0.6792556863194026,0.34683985921882154
left_leg_vas,ONE_THREE_LEFT,12.5,10.0,15.0,65,24,22,25,-0.15707276881648863,0.2114592486694849,-0.36278975,-0.649534938120808,0.38262158243781896
left_leg_vas,ONE_THREE_LEFT,13.5,11.0,16.0,65,24,22,25,-0.13255879787845815,0.29250583336203495,-0.2899907,-0.4886536991934213,0.4418071991532637
left_leg_vas,ONE_THREE_LEFT,14.5,12.0,17.0,65,24,22,25,-0.09023176735840949,0.47472240768514,-0.15698016,-0.255486381926331,0.6390195895697763
left_leg_vas,ONE_THREE_LEFT,15.5,13.0,18.0,65,24,22,25,-0.03257250681140141,0.7967304263453822,-0.041942682,-0.07186033059709772,0.8981046725493949
left_leg_vas,ONE_THREE_LEFT,16.5,14.0,19.0,65,24,22,25,0.01803893281368033,0.8865869949315174,0.07717945,0.1341724973960625,0.8188416135089
left_leg_vas,ONE_THREE_LEFT,17.5,15.0,20.0,65,24,22,25,0.020722406467789882,0.8698529736998852,0.122251004,0.2205897355842707,0.7305739999587748
left_leg_vas,ONE_THREE_LEFT,18.5,16.0,21.0,65,24,22,25,0.07655633188140314,0.5444274678463984,0.2549676,0.4724263774766452,0.49648455303613404
left_leg_vas,ONE_THREE_LEFT,19.5,17.0,22.0,65,24,22,25,0.16056375524973834,0.2013562564367947,0.4647413,0.9490782561973177,0.19730721308186838
left_leg_vas,ONE_THREE_LEFT,20.5,18.0,23.0,65,24,22,25,0.19552142222158914,0.11855569588712411,0.58246136,1.150210937079323,0.1268719135061091
left_leg_vas,ONE_THREE_LEFT,21.5,19.0,24.0,65,24,22,25,0.3219999488013719,0.008903380013580002,0.9642929,1.9169242356829963,0.01477405322796684
left_leg_vas,ONE_THREE_LEFT,22.5,20.0,25.0,65,24,22,25,0.45806419991435804,0.0001246231133603668,1.2486306,2.514478335095996,0.0010479531647163212
left_leg_vas,ONE_THREE_LEFT,23.5,21.0,26.0,65,24,22,25,0.47420610467134444,6.595093530223959e-05,1.3563203,2.8369493000033956,0.0006047954093741635
left_leg_vas,ONE_THREE_LEFT,24.5,22.0,27.0,65,24,22,25,0.4677191362946496,8.549685422274835e-05,1.2747453,2.605991352972829,0.0014961049353533593
left_leg_vas,ONE_THREE_LEFT,25.5,23.0,28.0,65,24,22,25,0.4187207635350499,0.000517934993625937,1.11089,2.165370793314952,0.0012382682754927792
left_leg_vas,ONE_THREE_LEFT,26.5,24.0,29.0,65,24,22,25,0.3770394251792704,0.001961950222689075,0.95642215,1.8374932369805301,0.00854875726850684
left_leg_vas,ONE_THREE_LEFT,27.5,25.0,30.0,65,24,22,25,0.27711558710727996,0.02543106173534641,0.7600087,1.5755689873051246,0.045572797299219286
left_leg_vas,ONE_THREE_LEFT,28.5,26.0,31.0,65,24,22,25,0.26498193766187417,0.03290886599642374,0.7358407,1.6047966537226104,0.0388363315658493
left_leg_vas,ONE_THREE_LEFT,29.5,27.0,32.0,65,24,22,25,0.2065919424474815,0.09870899816359471,0.6138083,1.4121130419797223,0.10508038542044705
left_leg_vas,ONE_THREE_LEFT,30.5,28.0,33.0,65,24,22,25,0.18795415956574435,0.1337879434073354,0.58628803,1.2831247709226763,0.10705046713518436
left_leg_vas,ONE_THREE_LEFT,31.5,29.0,34.0,65,24,22,25,0.15445193268367888,0.21927543515857562,0.49676192,1.0516033720738105,0.16170215014748368
left_leg_vas,ONE_THREE_LEFT,32.5,30.0,35.0,65,24,22,25,0.1242812593351125,0.32394834615229423,0.3705816,0.7944504905206193,0.32617890705772956
left_leg_vas,ONE_THREE_LEFT,33.5,31.0,36.0,65,24,22,25,0.11431919660395055,0.3645310834596545,0.32155085,0.6569383163218537,0.3997383090364923
left_leg_vas,ONE_THREE_LEFT,34.5,32.0,37.0,65,24,22,25,0.11554626603942121,0.3593714762942929,0.32192346,0.545318090718189,0.40572324103855884
left_leg_vas,ONE_THREE_LEFT,35.5,33.0,38.0,65,24,22,25,0.06694971104146609,0.5961897593307685,0.2318658,0.4025737843238536,0.5728804110252799
left_leg_vas,ONE_THREE_LEFT,36.5,34.0,39.0,65,24,22,25,0.001849179253168585,0.9883359081163218,0.08582926,0.15265760093937222,0.8408521780700128
left_leg_vas,ONE_THREE_LEFT,37.5,35.0,40.0,65,24,22,25,0.05377771824483083,0.6704975266139844,0.2701101,0.5234151612433393,0.5069876931281032
left_leg_vas,ONE_THREE_LEFT,38.5,36.0,41.0,65,24,22,25,-0.049134541260218975,0.69750996525934,0.017359752,0.031926015389938306,0.9661669934826764
left_leg_vas,ONE_THREE_LEFT,39.5,37.0,42.0,65,24,22,25,-0.11436537179077011,0.364336110868,-0.13725908,-0.27874296833026346,0.7333676169739675
left_leg_vas,ONE_THREE_LEFT,40.5,38.0,43.0,65,24,22,25,-0.08804893108733486,0.4855176498919718,-0.11225949,-0.2170809997716612,0.7865322362008549
left_leg_vas,ONE_THREE_LEFT,41.5,39.0,44.0,65,24,22,25,-0.08341163164908835,0.508875099834055,-0.099286266,-0.1804732323057466,0.8064275603194067
left_leg_vas,ONE_THREE_LEFT,42.5,40.0,45.0,65,24,22,25,-0.08773946737427823,0.48705853052116055,-0.09053157,-0.15950383985887764,0.8258690259166055
left_leg_vas,ONE_THREE_LEFT,43.5,41.0,46.0,65,24,22,25,-0.07598771467045574,0.5474295620321852,0.0015714858,0.0030349787608738438,0.9969098078875016
left_leg_vas,ONE_THREE_LEFT,44.5,42.0,47.0,65,24,22,25,-0.13860527825386235,0.27084705104342616,-0.109269306,-0.2050487243949707,0.7833523450503419
left_leg_vas,ONE_THREE_LEFT,45.5,43.0,48.0,65,24,22,25,-0.09708521647534807,0.4416804326744539,-0.031772546,-0.05698533276115629,0.9368527183560402
left_leg_vas,ONE_THREE_LEFT,46.5,44.0,49.0,65,24,22,25,-0.1045287767153689,0.40729706437748164,-0.06820098,-0.11381994846955558,0.8656053408184945
left_leg_vas,ONE_THREE_LEFT,47.5,45.0,50.0,65,24,22,25,-0.18759367118166734,0.13454880438512987,-0.28932485,-0.45152141053672395,0.46702384381380513
left_leg_vas,ONE_THREE_LEFT,48.5,46.0,51.0,65,24,22,25,-0.15240924433031333,0.22550616969397205,-0.2555798,-0.38970678868443454,0.5093593579665121
left_leg_vas,ONE_THREE_LEFT,49.5,47.0,52.0,65,24,22,25,-0.13437002539749893,0.28590215053918694,-0.23251714,-0.34134926348867367,0.5366442321987455
left_leg_vas,ONE_THREE_LEFT,50.5,48.0,53.0,65,24,22,25,-0.20636278219638138,0.09909175292708612,-0.39774302,-0.6040211310291467,0.31912277064398253
left_leg_vas,ONE_THREE_LEFT,51.5,49.0,54.0,65,24,22,25,-0.18279357232375407,0.1449935934710648,-0.3430019,-0.5284152346802904,0.3736387691671589
left_leg_vas,ONE_THREE_LEFT,52.5,50.0,55.0,65,24,22,25,-0.14487910768337325,0.2495364193946366,-0.26820073,-0.4203737827549252,0.4825058105228003
left_leg_vas,ONE_THREE_LEFT,53.5,51.0,56.0,65,24,22,25,-0.21679450527285743,0.0828055607524458,-0.44329697,-0.6830210256814797,0.23138970622236654
left_leg_vas,ONE_THREE_LEFT,54.5,52.0,57.0,65,24,22,25,-0.23886569966136828,0.055330770307592494,-0.48791167,-0.7538848373944659,0.1718070370867527
left_leg_vas,ONE_THREE_LEFT,55.5,53.0,58.0,65,24,22,25,-0.1957301333462347,0.11815523342185486,-0.41441005,-0.6222315247622442,0.20360867202365895
left_leg_vas,ONE_THREE_LEFT,56.5,54.0,59.0,65,24,22,25,-0.21455305384401974,0.08611304416112243,-0.45729658,-0.7074955166833452,0.18667263679534307
left_leg_vas,ONE_THREE_LEFT,57.5,55.0,60.0,65,24,22,25,-0.2279801317083144,0.06777417393144779,-0.50734615,-0.8136357106611228,0.171789981151248
left_leg_vas,ONE_THREE_LEFT,58.5,56.0,61.0,65,24,22,25,-0.20067233800441003,0.10897192174052718,-0.43949127,-0.7226055576875327,0.25191427481299467
left_leg_vas,ONE_THREE_LEFT,59.5,57.0,62.0,65,24,22,25,-0.15035063634964538,0.23190922198478398,-0.34489343,-0.5448028110066431,0.35887016596462706
left_leg_vas,ONE_THREE_LEFT,60.5,58.0,63.0,65,24,22,25,-0.15631706553194416,0.21369254713423952,-0.31856978,-0.4797147974139651,0.3983631324696819
left_leg_vas,ONE_THREE_LEFT,61.5,59.0,64.0,65,24,22,25,-0.1461275325702397,0.2454362174833458,-0.29887307,-0.474205417279946,0.42673631557039104
left_leg_vas,ONE_THREE_LEFT,62.5,60.0,65.0,65,24,22,25,-0.12823309176692907,0.30867862335719465,-0.23995109,-0.3981997154607434,0.5335222065224179
left_leg_vas,ONE_THREE_LEFT,63.5,61.0,66.0,65,24,22,25,-0.11507397152136072,0.3613520649826286,-0.18331352,-0.3137887905071151,0.6485071953157621
left_leg_vas,ONE_THREE_LEFT,64.5,62.0,67.0,65,24,22,25,-0.1700618381233877,0.17561904244436877,-0.27239347,-0.4617578904770499,0.4929486691946807
left_leg_vas,ONE_THREE_LEFT,65.5,63.0,68.0,65,24,22,25,-0.18017423425529872,0.15094288162063735,-0.2806649,-0.5217270408102902,0.4829226817007659
left_leg_vas,ONE_THREE_LEFT,66.5,64.0,69.0,65,24,22,25,-0.16697366914076867,0.18370979550619804,-0.22363183,-0.41934875764444246,0.5874056249105581
left_leg_vas,ONE_THREE_LEFT,67.5,65.0,70.0,65,24,22,25,-0.12513257105272582,0.3206190081533465,-0.12536998,-0.23848995055816516,0.7486651158588723
left_leg_vas,ONE_THREE_LEFT,68.5,66.0,71.0,65,24,22,25,-0.12401006423152318,0.32501354409791383,-0.16932283,-0.3194181345506875,0.6398301378441299
left_leg_vas,ONE_THREE_LEFT,69.5,67.0,72.0,65,24,22,25,-0.02308605981267807,0.8551600602972044,-0.0005832041,-0.0011709921666424707,0.9987410974378775
left_leg_vas,ONE_THREE_LEFT,70.5,68.0,73.0,65,24,22,25,-0.042990129073427245,0.7338341995008567,-0.09496331,-0.1805457672309867,0.8047479977854528
left_leg_vas,ONE_THREE_LEFT,71.5,69.0,74.0,65,24,22,25,-0.06370227465325491,0.6141689833961176,-0.1951311,-0.3606252311506994,0.6038561836286469
left_leg_vas,ONE_THREE_LEFT,72.5,70.0,75.0,65,24,22,25,-0.07302322784292221,0.5632091569628426,-0.12966314,-0.24540988584712242,0.7235319992670952
left_leg_vas,ONE_THREE_LEFT,73.5,71.0,76.0,65,24,22,25,-0.034251827719956426,0.7864922622397209,-0.08995482,-0.16581464342560986,0.811804556469577
left_leg_vas,ONE_THREE_LEFT,74.5,72.0,77.0,65,24,22,25,-0.0035351284533396473,0.9777034822574954,-0.017949399,-0.03289342122245617,0.9612966538827196
left_leg_vas,ONE_THREE_LEFT,75.5,73.0,78.0,65,24,22,25,-0.0025670339580358974,0.9838084085626917,-0.064395204,-0.12458217751408122,0.8641047368334634
left_leg_vas,ONE_THREE_LEFT,76.5,74.0,79.0,65,24,22,25,-0.017183452491914407,0.89193248239949,-0.03215235,-0.06796429778658282,0.9275126624509489
left_leg_vas,ONE_THREE_LEFT,77.5,75.0,80.0,65,24,22,25,0.007214198333407432,0.9545173933632046,-0.020157749,-0.04069901924335336,0.9549976192218662
left_leg_vas,ONE_THREE_LEFT,78.5,76.0,81.0,65,24,22,25,0.03390824590604321,0.7885840787782574,0.10472382,0.2035521292263905,0.7645089719510327
left_leg_vas,ONE_THREE_LEFT,79.5,77.0,82.0,65,24,22,25,-0.06510801498150556,0.6063575350472633,-0.11384018,-0.20396869474815593,0.7155414261581363
left_leg_vas,ONE_THREE_LEFT,80.5,78.0,83.0,65,24,22,25,-0.0881296162512062,0.4851163262715869,-0.1178502,-0.196613551550692,0.683711344348938
left_leg_vas,ONE_THREE_LEFT,81.5,79.0,84.0,65,24,22,25,-0.05991729360764916,0.635412965480603,-0.11922899,-0.16709362615810447,0.6728314961244183
left_leg_vas,ONE_THREE_LEFT,82.5,80.0,85.0,65,24,22,25,-0.09487015886301477,0.45221667799214105,-0.18341748,-0.2436132536310586,0.46325797053072004
left_leg_vas,ONE_THREE_LEFT,83.5,81.0,86.0,65,24,22,25,-0.13404884381966642,0.2870659384487959,-0.23450665,-0.30273816035433737,0.3234336466926936
left_leg_vas,ONE_THREE_LEFT,84.5,82.0,87.0,65,24,22,25,-0.10441559892770153,0.407807899812333,-0.1583497,-0.20454736423480152,0.47550820273433714
left_leg_vas,ONE_THREE_LEFT,85.5,83.0,88.0,65,24,22,25,-0.08242665730342824,0.513909212101941,-0.11188322,-0.1588769344989693,0.6426432792972294
left_leg_vas,ONE_THREE_LEFT,86.5,84.0,89.0,65,24,22,25,-0.09893192873582772,0.43300216743300496,-0.11093006,-0.18501450663584373,0.6794054929146335
left_leg_vas,ONE_THREE_LEFT,87.5,85.0,90.0,65,24,22,25,-0.03729485489110619,0.7680327073250166,-0.019878598,-0.03527335758716432,0.9429083825525718
left_leg_vas,ONE_THREE_LEFT,88.5,86.0,91.0,65,24,22,25,-0.0057160745504919175,0.9639553630459413,0.04843512,0.10076472255317574,0.8708466516438333
left_leg_vas,ONE_THREE_LEFT,89.5,87.0,92.0,65,24,22,25,0.053720258250813106,0.6708293677185512,0.20193471,0.4567984711850562,0.5264073430699356
left_leg_vas,ONE_THREE_LEFT,90.5,88.0,93.0,65,24,22,25,0.09779734510662327,0.438322466228786,0.3887792,0.9428876880966717,0.27816603857794364
left_leg_vas,ONE_THREE_LEFT,91.5,89.0,94.0,65,24,22,25,0.06478327391461164,0.6081582097716093,0.29745382,0.7207091096686961,0.3677546104202003
left_leg_vas,ONE_THREE_LEFT,92.5,90.0,95.0,65,24,22,25,0.05529963661956314,0.6617311966733168,0.3649114,0.9903011342847348,0.3042431013419701
left_leg_vas,ONE_THREE_LEFT,93.5,91.0,96.0,65,24,22,25,0.04024614625636454,0.7502513613682655,0.30962133,0.8191724478989527,0.42034467389917374
left_leg_vas,ONE_THREE_LEFT,94.5,92.0,97.0,65,24,22,25,-0.05171253667665924,0.6824632509986871,0.11872572,0.2966029305260073,0.7503433576385882
left_leg_vas,ONE_THREE_LEFT,95.5,93.0,98.0,65,24,22,25,-0.007403154780691934,0.95332740937697,0.16166194,0.42393421490262545,0.6552253865317739
left_leg_vas,ONE_THREE_LEFT,96.5,94.0,99.0,65,24,22,25,0.06299268304663616,0.6181284189878817,0.44173434,1.1733656815258406,0.221551282307893
left_leg_vas,ONE_THREE_LEFT,97.5,95.0,100.0,65,24,22,25,0.04105018369118143,0.7454290132388892,0.287681,0.7774741512825922,0.4489171401301595
left_leg_vas,ONE_THREE_LEFT,98.5,96.0,101.0,65,24,22,25,0.06442419014574004,0.6101520162696614,0.30140504,0.7365360156835391,0.4004236595535209
left_leg_vas,ONE_THREE_RIGHT,6.5,4.0,9.0,53,18,19,22,-0.26275250920923093,0.05732798265157952,-0.5550357,-0.752619129521621,0.17809630987905867
left_leg_vas,ONE_THREE_RIGHT,7.5,5.0,10.0,53,18,19,22,-0.27688303640553313,0.044738781711009874,-0.5671526,-0.8421756179831729,0.19562602180151012
left_leg_vas,ONE_THREE_RIGHT,8.5,6.0,11.0,53,18,19,22,-0.28879995332782643,0.035968929630513034,-0.59031886,-0.9674903660641251,0.2059742201191337
left_leg_vas,ONE_THREE_RIGHT,9.5,7.0,12.0,53,18,19,22,-0.2027372010689563,0.1454140106478603,-0.4208278,-0.7079080825290742,0.33842752861810754
left_leg_vas,ONE_THREE_RIGHT,10.5,8.0,13.0,53,18,19,22,-0.15059719586875991,0.28175989975719956,-0.4116363,-0.6961721734422368,0.3489483004476438
left_leg_vas,ONE_THREE_RIGHT,11.5,9.0,14.0,53,18,19,22,-0.04070787756799447,0.7722668283217555,-0.28240547,-0.4796255401636399,0.4975103034872702
left_leg_vas,ONE_THREE_RIGHT,12.5,10.0,15.0,53,18,19,22,-0.013859538444360109,0.9215371163117878,-0.21141054,-0.3272783007357627,0.6029719302373184
left_leg_vas,ONE_THREE_RIGHT,13.5,11.0,16.0,53,18,19,22,0.021246908094306762,0.8799690713357916,-0.11710733,-0.1813016122329592,0.7807876646816609
left_leg_vas,ONE_THREE_RIGHT,14.5,12.0,17.0,53,18,19,22,-0.01061086498666542,0.9398898260938213,-0.20728351,-0.3110505005249173,0.6093854906098661
left_leg_vas,ONE_THREE_RIGHT,15.5,13.0,18.0,53,18,19,22,-0.06305684400350323,0.6537482339449527,-0.23206414,-0.34513097679787597,0.5620682966303634
left_leg_vas,ONE_THREE_RIGHT,16.5,14.0,19.0,53,18,19,22,-0.08234606119969505,0.5577475810927469,-0.18295535,-0.262513461174251,0.6515202428618507
left_leg_vas,ONE_THREE_RIGHT,17.5,15.0,20.0,53,18,19,22,-0.0525370864226698,0.7086917139018815,-0.10133814,-0.16796613099569446,0.7997246639462502
left_leg_vas,ONE_THREE_RIGHT,18.5,16.0,21.0,53,18,19,22,-0.026591134571811205,0.8500899809646205,-0.015236672,-0.02599156766711483,0.9684821054422281
left_leg_vas,ONE_THREE_RIGHT,19.5,17.0,22.0,53,18,19,22,-0.057272388357966476,0.6837570644337224,-0.06588961,-0.10931527544545709,0.8666063733471576
left_leg_vas,ONE_THREE_RIGHT,20.5,18.0,23.0,53,18,19,22,-0.017141463325888978,0.9030376670674611,0.017735532,0.03217538365466091,0.9623762113259885
left_leg_vas,ONE_THREE_RIGHT,21.5,19.0,24.0,53,18,19,22,-0.029912488448622165,0.831622567034704,0.026357116,0.04538935291747382,0.9452259238732338
left_leg_vas,ONE_THREE_RIGHT,22.5,20.0,25.0,53,18,19,22,-0.06667180558539372,0.6352628329166735,-0.0629244,-0.09843159723641892,0.8736953229519585
left_leg_vas,ONE_THREE_RIGHT,23.5,21.0,26.0,53,18,19,22,-0.09127563313224045,0.5156854205830694,-0.15574263,-0.23829356847852406,0.7087261493156862
left_leg_vas,ONE_THREE_RIGHT,24.5,22.0,27.0,53,18,19,22,-0.07835383985609394,0.5770621033191298,-0.09610853,-0.15318680213648928,0.8227861928825677
left_leg_vas,ONE_THREE_RIGHT,25.5,23.0,28.0,53,18,19,22,-0.14840187365252538,0.28891453002134365,-0.2517435,-0.39273103916527224,0.5544957677231297
left_leg_vas,ONE_THREE_RIGHT,26.5,24.0,29.0,53,18,19,22,-0.15677487468977735,0.26225716737068155,-0.30675113,-0.48806017600612495,0.4600185709230301
left_leg_vas,ONE_THREE_RIGHT,27.5,25.0,30.0,53,18,19,22,-0.19884783710245232,0.15346061579565923,-0.4257095,-0.6923089596407009,0.30234820148255304
left_leg_vas,ONE_THREE_RIGHT,28.5,26.0,31.0,53,18,19,22,-0.19948035297810987,0.15213012794818806,-0.4011354,-0.5921078700867469,0.3227677863912759
left_leg_vas,ONE_THREE_RIGHT,29.5,27.0,32.0,53,18,19,22,-0.20508043291852243,0.14071994722990014,-0.42861137,-0.5925810330487233,0.23763013692599766
left_leg_vas,ONE_THREE_RIGHT,30.5,28.0,33.0,53,18,19,22,-0.1501828816491132,0.28310115549670767,-0.3018022,-0.396926693324445,0.3986786546006731
left_leg_vas,ONE_THREE_RIGHT,31.5,29.0,34.0,53,18,19,22,-0.18750816863445166,0.178790124705967,-0.39814538,-0.5074479928103365,0.256213556280095
left_leg_vas,ONE_THREE_RIGHT,32.5,30.0,35.0,53,18,19,22,-0.15552894107388868,0.26611578087608934,-0.31469846,-0.39573629523603565,0.3666855429261553
left_leg_vas,ONE_THREE_RIGHT,33.5,31.0,36.0,53,18,19,22,-0.14562424462361362,0.2981356600707823,-0.3093056,-0.39063604074087216,0.36328316126425875
left_leg_vas,ONE_THREE_RIGHT,34.5,32.0,37.0,53,18,19,22,-0.12819191733496232,0.3603073274648435,-0.26439354,-0.3238800597003673,0.4351758949601159
left_leg_vas,ONE_THREE_RIGHT,35.5,33.0,38.0,53,18,19,22,-0.1658940253298569,0.23515837589483293,-0.29659295,-0.3840233488135859,0.33235633513878415
left_leg_vas,ONE_THREE_RIGHT,36.5,34.0,39.0,53,18,19,22,-0.080296516025244,0.5676251997008414,-0.13889495,-0.1796474565469779,0.6653160722394293
left_leg_vas,ONE_THREE_RIGHT,37.5,35.0,40.0,53,18,19,22,-0.12358523308460229,0.3779678806751144,-0.23753957,-0.3337788536087168,0.46076122049907886
left_leg_vas,ONE_THREE_RIGHT,38.5,36.0,41.0,53,18,19,22,-0.14779137827566086,0.2909250753700819,-0.2863149,-0.37699816332553904,0.3519909844096304
left_leg_vas,ONE_THREE_RIGHT,39.5,37.0,42.0,53,18,19,22,-0.12831966405591352,0.35982486460402546,-0.23711495,-0.3196387455294319,0.44576349437218477
left_leg_vas,ONE_THREE_RIGHT,40.5,38.0,43.0,53,18,19,22,-0.14233636595670518,0.3092944880739191,-0.3352807,-0.4523619205376548,0.2775707075531094
left_leg_vas,ONE_THREE_RIGHT,41.5,39.0,44.0,53,18,19,22,-0.18782247136570349,0.17804974106024007,-0.44591027,-0.657380559767,0.19759333729809836
left_leg_vas,ONE_THREE_RIGHT,42.5,40.0,45.0,53,18,19,22,-0.17294985190733167,0.21555736675661297,-0.4277523,-0.6036866038797358,0.19596510298195213
left_leg_vas,ONE_THREE_RIGHT,43.5,41.0,46.0,53,18,19,22,-0.14692847317867477,0.29378241714198855,-0.3598208,-0.5202539937949713,0.19765248244331424
left_leg_vas,ONE_THREE_RIGHT,44.5,42.0,47.0,53,18,19,22,-0.20246157839874365,0.1459737053518058,-0.5228855,-0.822934112766721,0.08322172167445112
left_leg_vas,ONE_THREE_RIGHT,45.5,43.0,48.0,53,18,19,22,-0.1235968175955901,0.37792283080907224,-0.31788698,-0.42326558377837564,0.24973832412047603
left_leg_vas,ONE_THREE_RIGHT,46.5,44.0,49.0,53,18,19,22,-0.09794624399737875,0.48534181055387493,-0.22071588,-0.2701438640651606,0.3972193039793157
left_leg_vas,ONE_THREE_RIGHT,47.5,45.0,50.0,53,18,19,22,-0.07163368955621063,0.6102466315186985,-0.15134452,-0.17312439023014323,0.6029862364201279
left_leg_vas,ONE_THREE_RIGHT,48.5,46.0,51.0,53,18,19,22,-0.07836303700228185,0.5770172580441958,-0.1868438,-0.1990220543660087,0.5185471561961628
left_leg_vas,ONE_THREE_RIGHT,49.5,47.0,52.0,53,18,19,22,-0.08696219772360603,0.53580252336993,-0.20334573,-0.20956039728087045,0.4542248060588192
left_leg_vas,ONE_THREE_RIGHT,50.5,48.0,53.0,53,18,19,22,-0.07874327070985196,0.5751646351817283,-0.2175274,-0.22017330029871898,0.4622356937434787
left_leg_vas,ONE_THREE_RIGHT,51.5,49.0,54.0,53,18,19,22,-0.12665589354807893,0.36613925780835405,-0.34305742,-0.36446372113525555,0.26722052144808517
left_leg_vas,ONE_THREE_RIGHT,52.5,50.0,55.0,53,18,19,22,-0.15222727081520906,0.27652352695084165,-0.45077807,-0.4987092906581174,0.10433514312462143
left_leg_vas,ONE_THREE_RIGHT,53.5,51.0,56.0,53,18,19,22,-0.23775902475136365,0.08647059735352859,-0.6408126,-0.755414339616866,0.023769529570914834
left_leg_vas,ONE_THREE_RIGHT,54.5,52.0,57.0,53,18,19,22,-0.21962062836335333,0.114084805148642,-0.5521026,-0.6051970281398604,0.04186232117215454
left_leg_vas,ONE_THREE_RIGHT,55.5,53.0,58.0,53,18,19,22,-0.2199575963308967,0.11351679544647302,-0.52339464,-0.5708438262651833,0.07471827525572959
left_leg_vas,ONE_THREE_RIGHT,56.5,54.0,59.0,53,18,19,22,-0.23031666053957406,0.09708813319344625,-0.5419515,-0.5795070694646909,0.06231200828584043
left_leg_vas,ONE_THREE_RIGHT,57.5,55.0,60.0,53,18,19,22,-0.23562877821550535,0.08941215385996792,-0.4988727,-0.5117227976222566,0.09595735341974143
left_leg_vas,ONE_THREE_RIGHT,58.5,56.0,61.0,53,18,19,22,-0.1673189342902956,0.2311046023526168,-0.36217383,-0.38810755770603894,0.23164366243999956
left_leg_vas,ONE_THREE_RIGHT,59.5,57.0,62.0,53,18,19,22,-0.16581892665978676,0.23537337294429753,-0.34903365,-0.40701197521928,0.25801018799902553
left_leg_vas,ONE_THREE_RIGHT,60.5,58.0,63.0,53,18,19,22,-0.1949352837281083,0.1618819261885108,-0.43295097,-0.5495143315163256,0.1742330540142102
left_leg_vas,ONE_THREE_RIGHT,61.5,59.0,64.0,53,18,19,22,-0.1550519612248053,0.2676029550924952,-0.34399933,-0.40694188806547293,0.3002033704872198
left_leg_vas,ONE_THREE_RIGHT,62.5,60.0,65.0,53,18,19,22,-0.06454001318606618,0.6461381595508949,-0.21729325,-0.2823800014530946,0.5559770745092516
left_leg_vas,ONE_THREE_RIGHT,63.5,61.0,66.0,53,18,19,22,-0.02719553194819665,0.8467231577386998,-0.16808407,-0.21442023158520174,0.6625920171796369
left_leg_vas,ONE_THREE_RIGHT,64.5,62.0,67.0,53,18,19,22,-0.04969118474033583,0.7238264336306113,-0.21030876,-0.2848811120550861,0.569419040415144
left_leg_vas,ONE_THREE_RIGHT,65.5,63.0,68.0,53,18,19,22,-0.011014942514700511,0.9376051910650578,-0.09378877,-0.12891785811206594,0.806135748029971
left_leg_vas,ONE_THREE_RIGHT,66.5,64.0,69.0,53,18,19,22,-0.014817805391399031,0.9161308894412151,-0.06940869,-0.10391669159683754,0.8582468229799289
left_leg_vas,ONE_THREE_RIGHT,67.5,65.0,70.0,53,18,19,22,-0.07905100628309815,0.5736672474664009,-0.15408278,-0.2305372724403054,0.6747166612197387
left_leg_vas,ONE_THREE_RIGHT,68.5,66.0,71.0,53,18,19,22,-0.07633562914494253,0.5869411983345287,-0.096745975,-0.14240868539645163,0.7720735896637432
left_leg_vas,ONE_THREE_RIGHT,69.5,67.0,72.0,53,18,19,22,-0.010800280073685088,0.9388188213602955,0.06100262,0.08541831706012926,0.8599591417265428
left_leg_vas,ONE_THREE_RIGHT,70.5,68.0,73.0,53,18,19,22,-0.05012339313614228,0.7215209905613035,-0.022460625,-0.03425662786478485,0.944421062034382
left_leg_vas,ONE_THREE_RIGHT,71.5,69.0,74.0,53,18,19,22,-0.07641136037928291,0.586569126934773,-0.1665457,-0.26220669764971005,0.5961058114365947
left_leg_vas,ONE_THREE_RIGHT,72.5,70.0,75.0,53,18,19,22,-0.05077640798397616,0.7180424009387997,-0.1841062,-0.2805566595684494,0.5848768619644062
left_leg_vas,ONE_THREE_RIGHT,73.5,71.0,76.0,53,18,19,22,-0.05234100858894366,0.7097309770431134,-0.18653046,-0.2622772580790104,0.6054390045771012
left_leg_vas,ONE_THREE_RIGHT,74.5,72.0,77.0,53,18,19,22,-0.09644067210886774,0.4921073976314952,-0.35703668,-0.5837353589777792,0.330789325504543
left_leg_vas,ONE_THREE_RIGHT,75.5,73.0,78.0,53,18,19,22,-0.11431942894804145,0.4150209062455595,-0.37333152,-0.5900599467718973,0.2587033877243581
left_leg_vas,ONE_THREE_RIGHT,76.5,74.0,79.0,53,18,19,22,-0.042888975534905345,0.7604183707126632,-0.14761317,-0.20056270759866995,0.6082021054479718
left_leg_vas,ONE_THREE_RIGHT,77.5,75.0,80.0,53,18,19,22,-0.1251982782180611,0.37172599346819013,-0.21138442,-0.3047500609382743,0.4151185699809483
left_leg_vas,ONE_THREE_RIGHT,78.5,76.0,81.0,53,18,19,22,-0.11307412074400851,0.420154604640387,-0.12813231,-0.21655476935719925,0.6631102680610488
left_leg_vas,ONE_THREE_RIGHT,79.5,77.0,82.0,53,18,19,22,-0.01584309295317856,0.9103507252850518,0.03391803,0.05350995366255827,0.9240580623846586
left_leg_vas,ONE_THREE_RIGHT,80.5,78.0,83.0,53,18,19,22,0.10357989507200212,0.4604654268395049,0.23855679,0.3730761793873019,0.6209598507771786
left_leg_vas,ONE_THREE_RIGHT,81.5,79.0,84.0,53,18,19,22,0.10152998167875062,0.46943617650268465,0.26561183,0.45119755516475135,0.5576173904528221
left_leg_vas,ONE_THREE_RIGHT,82.5,80.0,85.0,53,18,19,22,0.18706877036773037,0.1798289088441528,0.41813788,0.8459018263317108,0.372130971023221
left_leg_vas,ONE_THREE_RIGHT,83.5,81.0,86.0,53,18,19,22,0.13379758700360153,0.3395078686643009,0.28196776,0.49224744529379555,0.49225575656893816
left_leg_vas,ONE_THREE_RIGHT,84.5,82.0,87.0,53,18,19,22,0.1105152467775404,0.43081621869800624,0.23329373,0.4418983571131178,0.5551673159206614
left_leg_vas,ONE_THREE_RIGHT,85.5,83.0,88.0,53,18,19,22,-0.024661475728506035,0.8608567133697824,-0.06332603,-0.12515287709509534,0.8609748461052218
left_leg_vas,ONE_THREE_RIGHT,86.5,84.0,89.0,53,18,19,22,0.01789238520075596,0.8988117080435976,-0.0024734642,-0.005039303775815073,0.9953563645427971
left_leg_vas,ONE_THREE_RIGHT,87.5,85.0,90.0,53,18,19,22,0.0316181528323663,0.8221730041372151,0.0063281804,0.01169980466988577,0.9884920871452428
left_leg_vas,ONE_THREE_RIGHT,88.5,86.0,91.0,53,18,19,22,-0.028148867441726694,0.841418095248097,-0.19496123,-0.3277392336152022,0.676439558624722
left_leg_vas,ONE_THREE_RIGHT,89.5,87.0,92.0,53,18,19,22,0.011824574061177198,0.9330290906576709,-0.041137118,-0.06647634742025525,0.9282639672514691
left_leg_vas,ONE_THREE_RIGHT,90.5,88.0,93.0,53,18,19,22,0.0284428736235323,0.8397834247963593,0.027216079,0.04437973859115355,0.9497867224194511
left_leg_vas,ONE_THREE_RIGHT,91.5,89.0,94.0,53,18,19,22,-0.036544345060008504,0.7950260410073368,-0.14904678,-0.2617816612118144,0.7116975552058697
left_leg_vas,ONE_THREE_RIGHT,92.5,90.0,95.0,53,18,19,22,-0.12385900146004308,0.37690410822601156,-0.22632344,-0.39719937682823764,0.5438153878657934
left_leg_vas,ONE_THREE_RIGHT,93.5,91.0,96.0,53,18,19,22,-0.053783537586469886,0.7020975696124439,-0.03899835,-0.07305139322956575,0.9105540644446779
left_leg_vas,ONE_THREE_RIGHT,94.5,92.0,97.0,53,18,19,22,-0.15339099061796568,0.27282488336911076,-0.30278453,-0.5790453764909343,0.3699632066212095
left_leg_vas,ONE_THREE_RIGHT,95.5,93.0,98.0,53,18,19,22,-0.13297623803356243,0.34250777862777104,-0.26029548,-0.5074986491910602,0.4114106589435147
left_leg_vas,ONE_THREE_RIGHT,96.5,94.0,99.0,53,18,19,22,-0.1496350473417991,0.2848810882444049,-0.3424708,-0.6299465237327049,0.3039906484330692
left_leg_vas,ONE_THREE_RIGHT,97.5,95.0,100.0,53,18,19,22,-0.11794435757697608,0.40028371653197636,-0.44557008,-0.8615407438265098,0.2530624918712625
left_leg_vas,ONE_THREE_RIGHT,98.5,96.0,101.0,53,18,19,22,-0.044240411918330634,0.7531039917825606,-0.2662751,-0.46011848058918703,0.48566937173963354
left_leg_vas,ZERO_THREE_LEFT,6.5,4.0,9.0,63,24,21,23,-0.2850216147055723,0.023563420956339183,-0.5761107,-1.2574162596549745,0.08770593410466163
left_leg_vas,ZERO_THREE_LEFT,7.5,5.0,10.0,63,24,21,23,-0.16572470373374928,0.19426837480006828,-0.2776488,-0.42586846525857364,0.3982403237693909
left_leg_vas,ZERO_THREE_LEFT,8.5,6.0,11.0,63,24,21,23,-0.12727229212613858,0.32021650193459167,-0.21022551,-0.3180996309694249,0.5452893966589776
left_leg_vas,ZERO_THREE_LEFT,9.5,7.0,12.0,63,24,21,23,-0.09225570542777967,0.4720612491357931,-0.121710576,-0.17772991735101995,0.7374108510076645
left_leg_vas,ZERO_THREE_LEFT,10.5,8.0,13.0,63,24,21,23,-0.03763263879502036,0.7696581404600429,-0.008176123,-0.011735979597459324,0.9831430663033823
left_leg_vas,ZERO_THREE_LEFT,11.5,9.0,14.0,63,24,21,23,-0.0027726066879235705,0.9827939729483249,0.07670454,0.11521178560123736,0.8448164399409922
left_leg_vas,ZERO_THREE_LEFT,12.5,10.0,15.0,63,24,21,23,0.0017564954208894178,0.9890991839886911,0.0973597,0.17896201732616904,0.8005121520589134
left_leg_vas,ZERO_THREE_LEFT,13.5,11.0,16.0,63,24,21,23,-0.003012370140882595,0.981306322501224,0.09623091,0.1787981387355178,0.7954271509828353
left_leg_vas,ZERO_THREE_LEFT,14.5,12.0,17.0,63,24,21,23,-0.012073066288364276,0.9251795001159344,0.09548986,0.19489878785337966,0.7999586641979256
left_leg_vas,ZERO_THREE_LEFT,15.5,13.0,18.0,63,24,21,23,0.03631464999562555,0.7775142759774072,0.21688117,0.443665264818417,0.5630323937801907
left_leg_vas,ZERO_THREE_LEFT,16.5,14.0,19.0,63,24,21,23,0.02077340407426147,0.8716213436305249,0.15799387,0.3192899474826802,0.6701672518228425
left_leg_vas,ZERO_THREE_LEFT,17.5,15.0,20.0,63,24,21,23,0.016467042886588124,0.8980742537677147,0.12231096,0.22958322314092908,0.734552594533155
left_leg_vas,ZERO_THREE_LEFT,18.5,16.0,21.0,63,24,21,23,0.0733266063344902,0.5679136542638991,0.2933262,0.5220806639477612,0.4032229047560425
left_leg_vas,ZERO_THREE_LEFT,19.5,17.0,22.0,63,24,21,23,0.17660619167575453,0.16617220522134843,0.52649367,1.002074456619439,0.13312178216524953
left_leg_vas,ZERO_THREE_LEFT,20.5,18.0,23.0,63,24,21,23,0.14701103344876937,0.25024378989513363,0.5088715,1.005885136134471,0.16201347406654054
left_leg_vas,ZERO_THREE_LEFT,21.5,19.0,24.0,63,24,21,23,0.2464498071573805,0.051521442398189454,0.7469516,1.4012400991736975,0.04028808414366531
left_leg_vas,ZERO_THREE_LEFT,22.5,20.0,25.0,63,24,21,23,0.3048048592594686,0.015141710182118122,0.87717825,1.5967490360907208,0.01058770145882129
left_leg_vas,ZERO_THREE_LEFT,23.5,21.0,26.0,63,24,21,23,0.35797151269848837,0.003970045855541022,0.9334556,1.7644019442607546,0.011018162207802239
left_leg_vas,ZERO_THREE_LEFT,24.5,22.0,27.0,63,24,21,23,0.374826078564614,0.002472468890865048,0.9237766,1.7316762433106587,0.008715497955580315
left_leg_vas,ZERO_THREE_LEFT,25.5,23.0,28.0,63,24,21,23,0.3006085768519705,0.016671110276363435,0.6377171,1.1008305090263606,0.06869147161737649
left_leg_vas,ZERO_THREE_LEFT,26.5,24.0,29.0,63,24,21,23,0.24941548268780805,0.04868881988594067,0.5221329,0.9749543627268276,0.1558688863904002
left_leg_vas,ZERO_THREE_LEFT,27.5,25.0,30.0,63,24,21,23,0.160235088899349,0.20966672659502344,0.35902473,0.7431778971560278,0.37219462187167707
left_leg_vas,ZERO_THREE_LEFT,28.5,26.0,31.0,63,24,21,23,0.12685512691528014,0.32181826462158386,0.32051855,0.6693146355784053,0.36997597480064504
left_leg_vas,ZERO_THREE_LEFT,29.5,27.0,32.0,63,24,21,23,0.08986059091468579,0.4836884760516273,0.24907486,0.5241332058649971,0.3872511284921206
left_leg_vas,ZERO_THREE_LEFT,30.5,28.0,33.0,63,24,21,23,0.07284363050336827,0.5704730307843043,0.2943755,0.6968443282185781,0.29700904896899327
left_leg_vas,ZERO_THREE_LEFT,31.5,29.0,34.0,63,24,21,23,-0.02844572001828901,0.824855428902469,0.05540123,0.13802516409397478,0.8554484998770658
left_leg_vas,ZERO_THREE_LEFT,32.5,30.0,35.0,63,24,21,23,-0.09582190157391682,0.4550309540635381,-0.10419513,-0.26010160792907766,0.7414502819334028
left_leg_vas,ZERO_THREE_LEFT,33.5,31.0,36.0,63,24,21,23,-0.1929405995603654,0.1297656339799725,-0.39228523,-0.9994054669876734,0.2396802775597393
left_leg_vas,ZERO_THREE_LEFT,34.5,32.0,37.0,63,24,21,23,-0.2312975162988038,0.06816363896944673,-0.45223215,-1.1547313415599783,0.14582647276174632
left_leg_vas,ZERO_THREE_LEFT,35.5,33.0,38.0,63,24,21,23,-0.20339329998065708,0.1098610511495341,-0.35293227,-0.9856647967585559,0.2716646557068454
left_leg_vas,ZERO_THREE_LEFT,36.5,34.0,39.0,63,24,21,23,-0.1819283880120128,0.15356970277385512,-0.30511704,-0.8559872192325734,0.4278239913940308
left_leg_vas,ZERO_THREE_LEFT,37.5,35.0,40.0,63,24,21,23,-0.05388387609065614,0.674901551939408,0.03785954,0.08338097750488888,0.9050949803977981
left_leg_vas,ZERO_THREE_LEFT,38.5,36.0,41.0,63,24,21,23,-0.02538146342111845,0.8434701818754676,0.113400854,0.2395505604813879,0.685326390199887
left_leg_vas,ZERO_THREE_LEFT,39.5,37.0,42.0,63,24,21,23,-0.10600522740888524,0.408307896474071,-0.07201861,-0.1535717522751768,0.8471617138905434
left_leg_vas,ZERO_THREE_LEFT,40.5,38.0,43.0,63,24,21,23,-0.15085856682506424,0.23792325160209513,-0.23395157,-0.5309787891771202,0.5578006931726964
left_leg_vas,ZERO_THREE_LEFT,41.5,39.0,44.0,63,24,21,23,-0.15775432908998374,0.2169007257949105,-0.2561423,-0.569417183456826,0.548736866628559
left_leg_vas,ZERO_THREE_LEFT,42.5,40.0,45.0,63,24,21,23,-0.28356027923754684,0.024318309838513144,-0.5651664,-1.343924465690392,0.24051807867071173
left_leg_vas,ZERO_THREE_LEFT,43.5,41.0,46.0,63,24,21,23,-0.3038284666531678,0.015486375069323079,-0.6101318,-1.307705753883004,0.23944709599261427
left_leg_vas,ZERO_THREE_LEFT,44.5,42.0,47.0,63,24,21,23,-0.311786212732834,0.012863827479619238,-0.6949383,-1.511065986158155,0.20978173214750606
left_leg_vas,ZERO_THREE_LEFT,45.5,43.0,48.0,63,24,21,23,-0.34862178166462426,0.005108402918793914,-0.75615263,-1.6288741010588048,0.292089619253468
left_leg_vas,ZERO_THREE_LEFT,46.5,44.0,49.0,63,24,21,23,-0.36199258448780103,0.003553931487959219,-0.79355264,-1.6957246866843867,0.17761600403178324
left_leg_vas,ZERO_THREE_LEFT,47.5,45.0,50.0,63,24,21,23,-0.35404940538926327,0.004416900291284587,-0.82032424,-1.8878910619560958,0.1853996602828889
left_leg_vas,ZERO_THREE_LEFT,48.5,46.0,51.0,63,24,21,23,-0.36897961401371643,0.002922138861577998,-0.902977,-2.0589902879578488,0.08393508914675127
left_leg_vas,ZERO_THREE_LEFT,49.5,47.0,52.0,63,24,21,23,-0.37547759936998415,0.002426395542884758,-0.88434887,-2.0485053374310427,0.05745102731488694
left_leg_vas,ZERO_THREE_LEFT,50.5,48.0,53.0,63,24,21,23,-0.39624059249869387,0.0013054984779375441,-0.9175385,-2.159779446632347,0.034417048014115846
left_leg_vas,ZERO_THREE_LEFT,51.5,49.0,54.0,63,24,21,23,-0.4345958055244071,0.0003722062022753414,-0.98532605,-2.445598140036863,0.03637221649023035
left_leg_vas,ZERO_THREE_LEFT,52.5,50.0,55.0,63,24,21,23,-0.43041113635795025,0.0004299495821268082,-0.9985663,-2.7397092744288547,0.024549938571342304
left_leg_vas,ZERO_THREE_LEFT,53.5,51.0,56.0,63,24,21,23,-0.4692240474457084,0.00010479563376970222,-1.0601394,-2.6921384804794255,0.021313477720337124
left_leg_vas,ZERO_THREE_LEFT,54.5,52.0,57.0,63,24,21,23,-0.44529542460173493,0.000255225809773306,-1.068652,-2.6615644735722137,0.07229378991324661
left_leg_vas,ZERO_THREE_LEFT,55.5,53.0,58.0,63,24,21,23,-0.40009937268377316,0.0011582818579314081,-0.96669006,-2.300973212970118,0.08797918576420971
left_leg_vas,ZERO_THREE_LEFT,56.5,54.0,59.0,63,24,21,23,-0.4138299261925654,0.0007478628961600002,-1.1003093,-2.682182328794176,0.0857342594705774
left_leg_vas,ZERO_THREE_LEFT,57.5,55.0,60.0,63,24,21,23,-0.4296842861657878,0.00044077275744771563,-1.1329163,-2.825577666159887,0.10126199280863239
left_leg_vas,ZERO_THREE_LEFT,58.5,56.0,61.0,63,24,21,23,-0.38134954998570725,0.002044481943080025,-1.0230356,-3.0429782222844506,0.12738815304013593
left_leg_vas,ZERO_THREE_LEFT,59.5,57.0,62.0,63,24,21,23,-0.3417093152034585,0.006126081593125668,-0.926748,-2.920263458442895,0.0679857780590211
left_leg_vas,ZERO_THREE_LEFT,60.5,58.0,63.0,63,24,21,23,-0.33878677172160515,0.006607304084872581,-0.9682261,-3.514464667325357,0.04294237713565619
left_leg_vas,ZERO_THREE_LEFT,61.5,59.0,64.0,63,24,21,23,-0.2304988152474998,0.0691483009564053,-0.5784716,-2.156836846449695,0.18511848853564739
left_leg_vas,ZERO_THREE_LEFT,62.5,60.0,65.0,63,24,21,23,-0.24285095281301713,0.05513797291449448,-0.58817625,-2.0406310042932887,0.15632153484616787
left_leg_vas,ZERO_THREE_LEFT,63.5,61.0,66.0,63,24,21,23,-0.2121140078562304,0.0951294814381911,-0.5158611,-1.4983871932963568,0.22638385494674695
left_leg_vas,ZERO_THREE_LEFT,64.5,62.0,67.0,63,24,21,23,-0.2555422021487655,0.043240079320714046,-0.70051014,-2.185717750536484,0.13453122046974322
left_leg_vas,ZERO_THREE_LEFT,65.5,63.0,68.0,63,24,21,23,-0.21894743444363002,0.0847028976260634,-0.49591586,-1.369483915352047,0.2517653015031479
left_leg_vas,ZERO_THREE_LEFT,66.5,64.0,69.0,63,24,21,23,-0.3002124231261297,0.01682209756754931,-0.7846932,-2.1430136203957533,0.13167551332584418
left_leg_vas,ZERO_THREE_LEFT,67.5,65.0,70.0,63,24,21,23,-0.2995832786151031,0.017064290522000893,-0.82242274,-2.266862848487937,0.14523311826884244
left_leg_vas,ZERO_THREE_LEFT,68.5,66.0,71.0,63,24,21,23,-0.37851169170023385,0.0022217701217397997,-0.9754327,-2.7849964330226635,0.05917475820550141
left_leg_vas,ZERO_THREE_LEFT,69.5,67.0,72.0,63,24,21,23,-0.3133482350524667,0.01239673256031801,-0.7685439,-1.9931598657374399,0.06065960403090527
left_leg_vas,ZERO_THREE_LEFT,70.5,68.0,73.0,63,24,21,23,-0.3586119129148189,0.003901016158737131,-1.0173199,-2.242471559529528,0.008373093868318734
left_leg_vas,ZERO_THREE_LEFT,71.5,69.0,74.0,63,24,21,23,-0.37888746923522043,0.0021975313536151658,-1.0069976,-2.5083817156737855,0.005598941692904873
left_leg_vas,ZERO_THREE_LEFT,72.5,70.0,75.0,63,24,21,23,-0.33086004226090937,0.008083112382047668,-0.91216284,-2.4018074141424615,0.005133371750799622
left_leg_vas,ZERO_THREE_LEFT,73.5,71.0,76.0,63,24,21,23,-0.2699471989737304,0.032384767265556,-0.8516432,-2.5331083035477135,0.04097352188349935
left_leg_vas,ZERO_THREE_LEFT,74.5,72.0,77.0,63,24,21,23,-0.25687033818371535,0.04212778137246206,-0.7612745,-2.3316804709958596,0.07035597114932073
left_leg_vas,ZERO_THREE_LEFT,75.5,73.0,78.0,63,24,21,23,-0.15408764074424341,0.22791072428934034,-0.3219068,-0.8594237701709422,0.3805175819753801
left_leg_vas,ZERO_THREE_LEFT,76.5,74.0,79.0,63,24,21,23,-0.12423623518011813,0.33199010463338047,-0.24866372,-0.6636467270638331,0.5547922164170358
left_leg_vas,ZERO_THREE_LEFT,77.5,75.0,80.0,63,24,21,23,-0.13127861715723324,0.3050930567378984,-0.21939988,-0.4690866315717442,0.592816637849922
left_leg_vas,ZERO_THREE_LEFT,78.5,76.0,81.0,63,24,21,23,-0.20431628069706487,0.10822337607823355,-0.40214655,-1.0360516755504698,0.3201033286231474
left_leg_vas,ZERO_THREE_LEFT,79.5,77.0,82.0,63,24,21,23,-0.20218725211777344,0.11202968219608082,-0.40356976,-0.900275282975401,0.314036413827286
left_leg_vas,ZERO_THREE_LEFT,80.5,78.0,83.0,63,24,21,23,-0.23122970842303184,0.06824679535000693,-0.47320324,-0.9841888719383144,0.22979547389709898
left_leg_vas,ZERO_THREE_LEFT,81.5,79.0,84.0,63,24,21,23,-0.31253539590610163,0.012637936426423522,-0.67332375,-1.5037566688369448,0.07149305395163985
left_leg_vas,ZERO_THREE_LEFT,82.5,80.0,85.0,63,24,21,23,-0.35496556996766476,0.004308719963634763,-0.8008773,-2.030372729466167,0.0805026847395413
left_leg_vas,ZERO_THREE_LEFT,83.5,81.0,86.0,63,24,21,23,-0.3911463629644526,0.0015255726576344775,-0.81521887,-1.9742534637957072,0.06533660141830501
left_leg_vas,ZERO_THREE_LEFT,84.5,82.0,87.0,63,24,21,23,-0.4272437088492527,0.0004789531233858418,-0.88673246,-2.0677013931622787,0.037739694844268826
left_leg_vas,ZERO_THREE_LEFT,85.5,83.0,88.0,63,24,21,23,-0.35566976822118196,0.004227167499492937,-0.755574,-1.7247222233051624,0.12584065524367422
left_leg_vas,ZERO_THREE_LEFT,86.5,84.0,89.0,63,24,21,23,-0.2264758684250987,0.07428239528328054,-0.42685452,-0.9106864462907684,0.2535662549913491
left_leg_vas,ZERO_THREE_LEFT,87.5,85.0,90.0,63,24,21,23,-0.1658594398197011,0.19390090325773193,-0.3427457,-0.7128898407249126,0.3260781013369851
left_leg_vas,ZERO_THREE_LEFT,88.5,86.0,91.0,63,24,21,23,-0.13655845915572395,0.28588006577390906,-0.32995293,-0.739676098519868,0.3578370291051838
left_leg_vas,ZERO_THREE_LEFT,89.5,87.0,92.0,63,24,21,23,-0.08469221904207926,0.5092861420917963,-0.19072714,-0.4283865652053421,0.6041678816403029
left_leg_vas,ZERO_THREE_LEFT,90.5,88.0,93.0,63,24,21,23,-0.14017561304915963,0.27318806902166815,-0.31242254,-0.72550534736735,0.4300059080427011
left_leg_vas,ZERO_THREE_LEFT,91.5,89.0,94.0,63,24,21,23,-0.19092859512104074,0.13389209821601744,-0.45757073,-0.9564475962467025,0.2558272124960036
left_leg_vas,ZERO_THREE_LEFT,92.5,90.0,95.0,63,24,21,23,-0.3116910154073591,0.012892778964815908,-0.7065786,-1.7956223534153612,0.07726271600237238
left_leg_vas,ZERO_THREE_LEFT,93.5,91.0,96.0,63,24,21,23,-0.25796021743357883,0.04123275137304767,-0.5872358,-1.4238956587101668,0.2067449095003806
left_leg_vas,ZERO_THREE_LEFT,94.5,92.0,97.0,63,24,21,23,-0.28726570596323053,0.022442826418869747,-0.6070924,-1.4295447854296672,0.1810697199600635
left_leg_vas,ZERO_THREE_LEFT,95.5,93.0,98.0,63,24,21,23,-0.20453573274817727,0.10783678163372247,-0.33122987,-0.7454710864338986,0.3655921570083336
left_leg_vas,ZERO_THREE_LEFT,96.5,94.0,99.0,63,24,21,23,-0.17692051846083262,0.16540746377924598,-0.18329795,-0.38014255888423504,0.6241870988796212
left_leg_vas,ZERO_THREE_LEFT,97.5,95.0,100.0,63,24,21,23,-0.08776429479242139,0.49398807835435044,-0.04028142,-0.08714725446817972,0.9139761552144594
left_leg_vas,ZERO_THREE_LEFT,98.5,96.0,101.0,63,24,21,23,-0.09584181745295708,0.454936803751534,-0.045583647,-0.10213258727936603,0.8970523933886857
left_leg_vas,ZERO_THREE_RIGHT,6.5,4.0,9.0,94,32,31,32,0.0648753558236835,0.5344489546155519,0.11618158,0.143856859243559,0.6808530577593639
left_leg_vas,ZERO_THREE_RIGHT,7.5,5.0,10.0,94,32,31,32,0.06908462040299476,0.5082086989109844,0.14118825,0.18233274114916723,0.6106673756878709
left_leg_vas,ZERO_THREE_RIGHT,8.5,6.0,11.0,94,32,31,32,0.1085864973351456,0.29751224344649035,0.279908,0.38054456571586776,0.29866936657901644
left_leg_vas,ZERO_THREE_RIGHT,9.5,7.0,12.0,94,32,31,32,0.13484700393930682,0.1950358387709578,0.35634613,0.5104243102767538,0.19527882848769307
left_leg_vas,ZERO_THREE_RIGHT,10.5,8.0,13.0,94,32,31,32,0.1040932214694131,0.31806924535709363,0.3074735,0.4670362247037149,0.2689501904872247
left_leg_vas,ZERO_THREE_RIGHT,11.5,9.0,14.0,94,32,31,32,0.1446262401087818,0.1642964336356514,0.43823546,0.7044146848236175,0.13096246740262513
left_leg_vas,ZERO_THREE_RIGHT,12.5,10.0,15.0,94,32,31,32,0.14984386367005814,0.14944226600841856,0.44852096,0.705032517522083,0.13383170962882954
left_leg_vas,ZERO_THREE_RIGHT,13.5,11.0,16.0,94,32,31,32,0.12246515770518891,0.23963909897646904,0.34651574,0.5595865774937046,0.2490389238173233
left_leg_vas,ZERO_THREE_RIGHT,14.5,12.0,17.0,94,32,31,32,0.11374827489796048,0.2749992304251451,0.34455135,0.5810254478194505,0.24416775890442655
left_leg_vas,ZERO_THREE_RIGHT,15.5,13.0,18.0,94,32,31,32,0.13704392830046,0.18779293308343442,0.4087089,0.6913808547136565,0.16363161701728202
left_leg_vas,ZERO_THREE_RIGHT,16.5,14.0,19.0,94,32,31,32,0.13076290618422032,0.20903180094975107,0.422092,0.728718141266049,0.150852832150591
left_leg_vas,ZERO_THREE_RIGHT,17.5,15.0,20.0,94,32,31,32,0.13437161091782063,0.1966293024491194,0.4354041,0.7848838297677289,0.14273878975410248
left_leg_vas,ZERO_THREE_RIGHT,18.5,16.0,21.0,94,32,31,32,0.16737681851463568,0.10686126314736455,0.5628692,1.017482825892313,0.05498250293410377
left_leg_vas,ZERO_THREE_RIGHT,19.5,17.0,22.0,94,32,31,32,0.14857516021347497,0.15295786526374777,0.5000282,0.8696533732177514,0.08917428126861815
left_leg_vas,ZERO_THREE_RIGHT,20.5,18.0,23.0,94,32,31,32,0.13568437119877588,0.19225177136470048,0.42917877,0.7257632483564406,0.13034742662892973
left_leg_vas,ZERO_THREE_RIGHT,21.5,19.0,24.0,94,32,31,32,0.1199843970674553,0.24936464360985078,0.3332057,0.5447273828590705,0.254275922227416
left_leg_vas,ZERO_THREE_RIGHT,22.5,20.0,25.0,94,32,31,32,0.1396718264280609,0.179388104469131,0.39667082,0.6444480937746073,0.17628070858689682
left_leg_vas,ZERO_THREE_RIGHT,23.5,21.0,26.0,94,32,31,32,0.12133616671034697,0.24403206099298175,0.32266146,0.5147422350532762,0.2775055270050596
left_leg_vas,ZERO_THREE_RIGHT,24.5,22.0,27.0,94,32,31,32,0.14136063458499737,0.1741339894626007,0.37810972,0.6564462238795371,0.23430109494569717
left_leg_vas,ZERO_THREE_RIGHT,25.5,23.0,28.0,94,32,31,32,0.16968481148047918,0.10204414682781116,0.46154585,0.8041304529477545,0.18420577895704093
left_leg_vas,ZERO_THREE_RIGHT,26.5,24.0,29.0,94,32,31,32,0.1929764658176119,0.062391987345497654,0.5321425,0.9294805749333022,0.12341288213749976
left_leg_vas,ZERO_THREE_RIGHT,27.5,25.0,30.0,94,32,31,32,0.15849184761581966,0.1270754889636203,0.46737856,0.8390675081133321,0.15952743497380928
left_leg_vas,ZERO_THREE_RIGHT,28.5,26.0,31.0,94,32,31,32,0.12905352841409692,0.21509727728339056,0.3954398,0.6980606436203456,0.20537936169974835
left_leg_vas,ZERO_THREE_RIGHT,29.5,27.0,32.0,94,32,31,32,0.1087967770133825,0.29657209800443907,0.3415539,0.5961061054237637,0.25035184663635424
left_leg_vas,ZERO_THREE_RIGHT,30.5,28.0,33.0,94,32,31,32,0.09946577069438965,0.3401740740259861,0.3192839,0.5261229822681798,0.24069908279244323
left_leg_vas,ZERO_THREE_RIGHT,31.5,29.0,34.0,94,32,31,32,0.08169611245624864,0.43375335812674803,0.31353152,0.5344439890636498,0.27016497150607655
left_leg_vas,ZERO_THREE_RIGHT,32.5,30.0,35.0,94,32,31,32,0.08294863868612629,0.42671381085310794,0.25280014,0.4223905846334068,0.37755613237752994
left_leg_vas,ZERO_THREE_RIGHT,33.5,31.0,36.0,94,32,31,32,0.13622441406458102,0.19047155541100594,0.36141342,0.6207988499046516,0.1903268374122956
left_leg_vas,ZERO_THREE_RIGHT,34.5,32.0,37.0,94,32,31,32,0.1401828159125267,0.17778626014796253,0.3806351,0.6709051156373358,0.1903471033318358
left_leg_vas,ZERO_THREE_RIGHT,35.5,33.0,38.0,94,32,31,32,0.16622054408664982,0.1093402983455981,0.40212142,0.6932414357800146,0.17458549494315756
left_leg_vas,ZERO_THREE_RIGHT,36.5,34.0,39.0,94,32,31,32,0.15049409887489792,0.1476641282936892,0.33300114,0.5593374968702033,0.24053998489160755
left_leg_vas,ZERO_THREE_RIGHT,37.5,35.0,40.0,94,32,31,32,0.17959825621071576,0.08325839748945382,0.44173545,0.7411817606499382,0.1382329306077617
left_leg_vas,ZERO_THREE_RIGHT,38.5,36.0,41.0,94,32,31,32,0.1657094329820939,0.11045026631359972,0.42440793,0.6710568718639085,0.16506247563189336
left_leg_vas,ZERO_THREE_RIGHT,39.5,37.0,42.0,94,32,31,32,0.17934083804849527,0.08370865180060279,0.45487413,0.737387053643184,0.16951849863289759
left_leg_vas,ZERO_THREE_RIGHT,40.5,38.0,43.0,94,32,31,32,0.15392775941597145,0.1385372185650196,0.4163617,0.6794705000413903,0.18998277968577404
left_leg_vas,ZERO_THREE_RIGHT,41.5,39.0,44.0,94,32,31,32,0.14809499560143774,0.1543044292375567,0.42366365,0.7177038432266843,0.18213457828685997
left_leg_vas,ZERO_THREE_RIGHT,42.5,40.0,45.0,94,32,31,32,0.11601259572075014,0.2654941921401823,0.34679344,0.5889095423228186,0.26011924053884405
left_leg_vas,ZERO_THREE_RIGHT,43.5,41.0,46.0,94,32,31,32,0.10022283281567061,0.33649292630082434,0.29569915,0.47735060925512846,0.34870019024378685
left_leg_vas,ZERO_THREE_RIGHT,44.5,42.0,47.0,94,32,31,32,0.11343097204030483,0.27634921301407805,0.30822408,0.48379956928744766,0.3388688258929654
left_leg_vas,ZERO_THREE_RIGHT,45.5,43.0,48.0,94,32,31,32,0.13292448973496,0.2015375668591139,0.33547246,0.5403504072537126,0.29561596341371654
left_leg_vas,ZERO_THREE_RIGHT,46.5,44.0,49.0,94,32,31,32,0.1390487566727168,0.18135554526146003,0.3179053,0.4783571837729699,0.3534388376661902
left_leg_vas,ZERO_THREE_RIGHT,47.5,45.0,50.0,94,32,31,32,0.13909393399518225,0.1812123632772332,0.30582044,0.4439559034684353,0.3615404518690649
left_leg_vas,ZERO_THREE_RIGHT,48.5,46.0,51.0,94,32,31,32,0.14505211675428334,0.16304447348666806,0.29531527,0.41645018592931193,0.3825790006539521
left_leg_vas,ZERO_THREE_RIGHT,49.5,47.0,52.0,94,32,31,32,0.18898827462855353,0.0681112733949858,0.41957614,0.614628487095024,0.21072336477570774
left_leg_vas,ZERO_THREE_RIGHT,50.5,48.0,53.0,94,32,31,32,0.13305261648728245,0.20109948064163038,0.30286303,0.42152566496044347,0.38763179683443383
left_leg_vas,ZERO_THREE_RIGHT,51.5,49.0,54.0,94,32,31,32,0.11003598525247248,0.29107142580483686,0.2662481,0.37277557741308076,0.42246777258124923
left_leg_vas,ZERO_THREE_RIGHT,52.5,50.0,55.0,94,32,31,32,0.0863449810756572,0.4079584539595781,0.19340391,0.2673283803444869,0.5751059390529333
left_leg_vas,ZERO_THREE_RIGHT,53.5,51.0,56.0,94,32,31,32,0.04984208522923855,0.6333137369270936,0.113163054,0.15763130759047075,0.7442450074167211
left_leg_vas,ZERO_THREE_RIGHT,54.5,52.0,57.0,94,32,31,32,0.009167423675399869,0.9301198331891143,-0.016890293,-0.022054539447449752,0.9603656899329073
left_leg_vas,ZERO_THREE_RIGHT,55.5,53.0,58.0,94,32,31,32,0.03595665773890535,0.7308014638846331,0.02121885,0.027818883399119716,0.9500425992425335
left_leg_vas,ZERO_THREE_RIGHT,56.5,54.0,59.0,94,32,31,32,0.06637717743819116,0.5250101035530493,0.07733965,0.0959005908234578,0.8223855504999931
left_leg_vas,ZERO_THREE_RIGHT,57.5,55.0,60.0,94,32,31,32,0.07717695774841161,0.4596942231292953,0.1031374,0.13415566723960567,0.7675841794619523
left_leg_vas,ZERO_THREE_RIGHT,58.5,56.0,61.0,94,32,31,32,0.0922677609406558,0.37643251814752454,0.13036877,0.1634082095735052,0.710301199978967
left_leg_vas,ZERO_THREE_RIGHT,59.5,57.0,62.0,94,32,31,32,0.06456001323133315,0.5364415078973989,0.097516544,0.12307762300576804,0.7740718549155259
left_leg_vas,ZERO_THREE_RIGHT,60.5,58.0,63.0,94,32,31,32,0.04893520425084114,0.6395149150748313,0.08468281,0.10675826673144136,0.7979920180356349
left_leg_vas,ZERO_THREE_RIGHT,61.5,59.0,64.0,94,32,31,32,0.03324337057876159,0.7504227937063177,0.026986266,0.03438539814612428,0.93335406027102
left_leg_vas,ZERO_THREE_RIGHT,62.5,60.0,65.0,94,32,31,32,0.040129248567416745,0.7009661851671359,0.046463422,0.056099591714567444,0.8843168464051692
left_leg_vas,ZERO_THREE_RIGHT,63.5,61.0,66.0,94,32,31,32,0.03879015168910775,0.7104943538773988,0.055831216,0.0674015897134973,0.8594239084073858
left_leg_vas,ZERO_THREE_RIGHT,64.5,62.0,67.0,94,32,31,32,0.021857072087903044,0.8343687963389504,0.009379418,0.0112656385520987,0.9760228180931562
left_leg_vas,ZERO_THREE_RIGHT,65.5,63.0,68.0,94,32,31,32,0.028394479446745814,0.7858788184959788,0.014995113,0.017979332551977714,0.9620737727530975
left_leg_vas,ZERO_THREE_RIGHT,66.5,64.0,69.0,94,32,31,32,0.018213100848199125,0.8616813051194777,0.017497752,0.020623787823841028,0.9549995342634433
left_leg_vas,ZERO_THREE_RIGHT,67.5,65.0,70.0,94,32,31,32,-0.0006187890194404455,0.995277260899287,-0.025981471,-0.03012835347425632,0.9325347235748818
left_leg_vas,ZERO_THREE_RIGHT,68.5,66.0,71.0,94,32,31,32,0.015023408828315968,0.8857242962589675,0.012675624,0.014917904894305379,0.9667372743676534
left_leg_vas,ZERO_THREE_RIGHT,69.5,67.0,72.0,94,32,31,32,0.0702471227565556,0.5010807333814482,0.12631267,0.1542170789535513,0.6835117150097385
left_leg_vas,ZERO_THREE_RIGHT,70.5,68.0,73.0,94,32,31,32,0.08579160341899966,0.4109809439989516,0.15999559,0.19353209578794944,0.6103316651506949
left_leg_vas,ZERO_THREE_RIGHT,71.5,69.0,74.0,94,32,31,32,0.08036696739312975,0.44129522264607735,0.14976567,0.17612305530833677,0.6399229785907343
left_leg_vas,ZERO_THREE_RIGHT,72.5,70.0,75.0,94,32,31,32,0.07606211347667537,0.4662225109335175,0.13946718,0.16205641651675204,0.6600836030234996
left_leg_vas,ZERO_THREE_RIGHT,73.5,71.0,76.0,94,32,31,32,0.0672393704328271,0.5196294618425998,0.12816288,0.14724359290864872,0.6904080916440422
left_leg_vas,ZERO_THREE_RIGHT,74.5,72.0,77.0,94,32,31,32,0.037407514342320085,0.7203792330518506,0.07224164,0.0805191734039295,0.8195707406649124
left_leg_vas,ZERO_THREE_RIGHT,75.5,73.0,78.0,94,32,31,32,0.013290424512499833,0.8988319952381129,0.017716072,0.018525259327774657,0.9540480427137285
left_leg_vas,ZERO_THREE_RIGHT,76.5,74.0,79.0,94,32,31,32,-0.017372387551430266,0.8680070639579477,-0.050252076,-0.052206806623738576,0.8690013001470756
left_leg_vas,ZERO_THREE_RIGHT,77.5,75.0,80.0,94,32,31,32,0.009272646293111135,0.9293198119616227,-0.00303932,-0.003082427687408692,0.9920180756785494
left_leg_vas,ZERO_THREE_RIGHT,78.5,76.0,81.0,94,32,31,32,-0.006673110087892183,0.9491030071152456,-0.035216812,-0.035453918177721325,0.9019437234808262
left_leg_vas,ZERO_THREE_RIGHT,79.5,77.0,82.0,94,32,31,32,-0.025892912440640153,0.8043481877789358,-0.07701137,-0.07741362451506426,0.7866965045130088
left_leg_vas,ZERO_THREE_RIGHT,80.5,78.0,83.0,94,32,31,32,-0.04565659853889086,0.6621386157206236,-0.12219482,-0.12689726208181726,0.6672391725180946
left_leg_vas,ZERO_THREE_RIGHT,81.5,79.0,84.0,94,32,31,32,-0.037334031820282165,0.7209058868361325,-0.0996128,-0.10419309912423846,0.7225338243714907
left_leg_vas,ZERO_THREE_RIGHT,82.5,80.0,85.0,94,32,31,32,-0.06755264834233808,0.5176813606223524,-0.13995853,-0.1487800476644754,0.6269106641509634
left_leg_vas,ZERO_THREE_RIGHT,83.5,81.0,86.0,94,32,31,32,-0.04486434642741514,0.667652286120411,-0.11222256,-0.11856957186013736,0.6950512206027211
left_leg_vas,ZERO_THREE_RIGHT,84.5,82.0,87.0,94,32,31,32,-0.026116275829212297,0.8026945309620798,-0.07389888,-0.07626203930871786,0.7887427494019872
left_leg_vas,ZERO_THREE_RIGHT,85.5,83.0,88.0,94,32,31,32,-0.013110731828888724,0.9001927453603633,-0.042056937,-0.043340853137764104,0.8802391702731807
left_leg_vas,ZERO_THREE_RIGHT,86.5,84.0,89.0,94,32,31,32,0.02040660867107076,0.8452187593413557,0.024152007,0.02503145569312243,0.9354113630594572
left_leg_vas,ZERO_THREE_RIGHT,87.5,85.0,90.0,94,32,31,32,0.04269780414752893,0.682819944655437,0.040336035,0.04129170703213247,0.894953170545696
left_leg_vas,ZERO_THREE_RIGHT,88.5,86.0,91.0,94,32,31,32,0.06644414401383493,0.5245911863266071,0.064753264,0.06546920015095674,0.8349029766989291
left_leg_vas,ZERO_THREE_RIGHT,89.5,87.0,92.0,94,32,31,32,0.07030587754331792,0.5007218626654718,0.07391524,0.07658112091793466,0.81943049192891
left_leg_vas,ZERO_THREE_RIGHT,90.5,88.0,93.0,94,32,31,32,0.08084702632577515,0.4385627748391938,0.08718831,0.08917419864376788,0.7902520110208826
left_leg_vas,ZERO_THREE_RIGHT,91.5,89.0,94.0,94,32,31,32,0.10673134833312732,0.3058912963796113,0.12634028,0.12740073800603874,0.7059125972499468
left_leg_vas,ZERO_THREE_RIGHT,92.5,90.0,95.0,94,32,31,32,0.12735556732174003,0.2212447111351723,0.18768962,0.19341045611964525,0.5877846188139162
left_leg_vas,ZERO_THREE_RIGHT,93.5,91.0,96.0,94,32,31,32,0.11344998486980568,0.27626819692145965,0.19582765,0.20547489471251704,0.5717513664970806
left_leg_vas,ZERO_THREE_RIGHT,94.5,92.0,97.0,94,32,31,32,0.10640996661292298,0.30735835105870013,0.16215459,0.1679208075103726,0.6252462944636699
left_leg_vas,ZERO_THREE_RIGHT,95.5,93.0,98.0,94,32,31,32,0.13638524926589862,0.18994368728385663,0.2106908,0.21928414921096206,0.5337319123475024
left_leg_vas,ZERO_THREE_RIGHT,96.5,94.0,99.0,94,32,31,32,0.1247659293755105,0.23085719298831625,0.1882166,0.1991353329787049,0.5716901065068959
left_leg_vas,ZERO_THREE_RIGHT,97.5,95.0,100.0,94,32,31,32,0.11718625837908046,0.2606560781278797,0.16112886,0.17487597053896395,0.6203568737817238
left_leg_vas,ZERO_THREE_RIGHT,98.5,96.0,101.0,94,32,31,32,0.14496595563961717,0.16329719075508653,0.1988598,0.21824569331443935,0.5337173025636501
left_leg_vas,ZERO_TWO_LEFT,6.5,4.0,9.0,56,20,20,23,-0.37648449611453993,0.004238408907547997,-0.86731416,-1.4857876885812862,0.06772443023441964
left_leg_vas,ZERO_TWO_LEFT,7.5,5.0,10.0,56,20,20,23,-0.3053662394929483,0.022104046340882116,-0.66799754,-1.0025335741290384,0.10449947435524869
left_leg_vas,ZERO_TWO_LEFT,8.5,6.0,11.0,56,20,20,23,-0.28123995546234104,0.03575309212439284,-0.6425046,-0.9575870615168254,0.10814484220092603
left_leg_vas,ZERO_TWO_LEFT,9.5,7.0,12.0,56,20,20,23,-0.269193658079956,0.04483198747482846,-0.5848664,-0.8031590925103675,0.1317993733445734
left_leg_vas,ZERO_TWO_LEFT,10.5,8.0,13.0,56,20,20,23,-0.2252154647909721,0.09514466565459789,-0.44089562,-0.5838579509755082,0.25724869289733954
left_leg_vas,ZERO_TWO_LEFT,11.5,9.0,14.0,56,20,20,23,-0.1944073819984155,0.15107688544982806,-0.3475513,-0.504284973371226,0.3965993783336291
left_leg_vas,ZERO_TWO_LEFT,12.5,10.0,15.0,56,20,20,23,-0.1296383420856227,0.34095983422088055,-0.20863059,-0.32755897321190597,0.6241659849389767
left_leg_vas,ZERO_TWO_LEFT,13.5,11.0,16.0,56,20,20,23,-0.09799320003453693,0.47244500634833797,-0.12626287,-0.21017987864679458,0.7629168189693981
left_leg_vas,ZERO_TWO_LEFT,14.5,12.0,17.0,56,20,20,23,-0.033797923084350666,0.8046863941026643,-0.025724359,-0.04734669878223838,0.9500369011136993
left_leg_vas,ZERO_TWO_LEFT,15.5,13.0,18.0,56,20,20,23,-0.008314891025191099,0.9515021119068625,0.078623526,0.15764996591117453,0.843629359460234
left_leg_vas,ZERO_TWO_LEFT,16.5,14.0,19.0,56,20,20,23,0.002628944225403961,0.9846580065460948,0.0590348,0.11488673254389094,0.886053705219571
left_leg_vas,ZERO_TWO_LEFT,17.5,15.0,20.0,56,20,20,23,-0.06486514072969987,0.6348162334394337,-0.09547093,-0.17428001442604005,0.7977520081456178
left_leg_vas,ZERO_TWO_LEFT,18.5,16.0,21.0,56,20,20,23,-0.07743857069973148,0.5705239940269262,-0.10896167,-0.18243385935465575,0.7850478942542121
left_leg_vas,ZERO_TWO_LEFT,19.5,17.0,22.0,56,20,20,23,-0.05786867163243913,0.6718300928072927,-0.053711176,-0.0875551555372926,0.8924325424455852
left_leg_vas,ZERO_TWO_LEFT,20.5,18.0,23.0,56,20,20,23,-0.06400756432145999,0.6393080049685606,-0.1042468,-0.15888828916839712,0.7943973954844596
left_leg_vas,ZERO_TWO_LEFT,21.5,19.0,24.0,56,20,20,23,0.056488423931027196,0.6792279287457119,0.17123379,0.25739688250369985,0.6841075442637825
left_leg_vas,ZERO_TWO_LEFT,22.5,20.0,25.0,56,20,20,23,0.12453870857817473,0.3604490759991246,0.32226518,0.4864693445879543,0.4332110403840075
left_leg_vas,ZERO_TWO_LEFT,23.5,21.0,26.0,56,20,20,23,0.23181999838863288,0.0855851387997415,0.4963483,0.8114063550959988,0.23359194338351763
left_leg_vas,ZERO_TWO_LEFT,24.5,22.0,27.0,56,20,20,23,0.2936493259120451,0.028050167545212258,0.55985147,0.951463264985543,0.14979431775999688
left_leg_vas,ZERO_TWO_LEFT,25.5,23.0,28.0,56,20,20,23,0.27320235837568274,0.04162150649051736,0.45900938,0.8189190084877364,0.24130195953909384
left_leg_vas,ZERO_TWO_LEFT,26.5,24.0,29.0,56,20,20,23,0.11172485168594061,0.4123379504064486,0.06202001,0.11995937426633653,0.8753867222891963
left_leg_vas,ZERO_TWO_LEFT,27.5,25.0,30.0,56,20,20,23,-0.030113466973113442,0.8256251626290203,-0.2620246,-0.5514287319154835,0.5076355379064248
left_leg_vas,ZERO_TWO_LEFT,28.5,26.0,31.0,56,20,20,23,-0.04728323044966301,0.729306334961443,-0.24014013,-0.4953210395243633,0.5120545711309529
left_leg_vas,ZERO_TWO_LEFT,29.5,27.0,32.0,56,20,20,23,-0.1174920272242497,0.3884719673702141,-0.36293277,-0.8060917964548997,0.30723899189556414
left_leg_vas,ZERO_TWO_LEFT,30.5,28.0,33.0,56,20,20,23,-0.19864582702324135,0.14219324246141038,-0.45116666,-0.8962786083624918,0.2603589380403386
left_leg_vas,ZERO_TWO_LEFT,31.5,29.0,34.0,56,20,20,23,-0.22634309797347626,0.09345616936248159,-0.49170616,-0.9587682864095194,0.24572969734768946
left_leg_vas,ZERO_TWO_LEFT,32.5,30.0,35.0,56,20,20,23,-0.22473127395485554,0.09587693099878104,-0.49882075,-0.9200643208657522,0.23371997382660226
left_leg_vas,ZERO_TWO_LEFT,33.5,31.0,36.0,56,20,20,23,-0.35123675240047325,0.007947699512473995,-0.85886294,-1.7225411188345436,0.010694763834592141
left_leg_vas,ZERO_TWO_LEFT,34.5,32.0,37.0,56,20,20,23,-0.34637602455563765,0.008920740412197582,-0.8214351,-1.5818107326295006,0.02171476906994475
left_leg_vas,ZERO_TWO_LEFT,35.5,33.0,38.0,56,20,20,23,-0.374009983158149,0.004517648833638835,-0.97602546,-2.235276397871754,0.0017899156059556461
left_leg_vas,ZERO_TWO_LEFT,36.5,34.0,39.0,56,20,20,23,-0.42131952179219934,0.0012218755231491838,-1.1318445,-2.516965722470523,0.0006565537128240043
left_leg_vas,ZERO_TWO_LEFT,37.5,35.0,40.0,56,20,20,23,-0.34280632407608325,0.009699677434198627,-0.96117485,-2.0544561984532614,0.0016170764242250258
left_leg_vas,ZERO_TWO_LEFT,38.5,36.0,41.0,56,20,20,23,-0.3306084342294047,0.012822456824475456,-0.88020086,-1.981697831923214,0.0269332711725765
left_leg_vas,ZERO_TWO_LEFT,39.5,37.0,42.0,56,20,20,23,-0.43089388661862255,0.0009157767291599146,-1.2609028,-3.276877873598874,0.0075752715284486995
left_leg_vas,ZERO_TWO_LEFT,40.5,38.0,43.0,56,20,20,23,-0.4248161073132367,0.0011008104786493589,-1.2551321,-3.064558334045191,0.042896933710849
left_leg_vas,ZERO_TWO_LEFT,41.5,39.0,44.0,56,20,20,23,-0.3921135324252819,0.0028005538000959273,-1.0377275,-2.265615655591638,0.09492061715799827
left_leg_vas,ZERO_TWO_LEFT,42.5,40.0,45.0,56,20,20,23,-0.4244863075143046,0.001111750337999904,-1.052051,-2.1443678388710405,0.08937800919592401
left_leg_vas,ZERO_TWO_LEFT,43.5,41.0,46.0,56,20,20,23,-0.4400865455773999,0.0006887477593830065,-1.1777369,-2.286168017337644,0.06845367550377614
left_leg_vas,ZERO_TWO_LEFT,44.5,42.0,47.0,56,20,20,23,-0.4269576944918099,0.0010320939458302346,-1.1425288,-2.2473583985302596,0.08373866566163937
left_leg_vas,ZERO_TWO_LEFT,45.5,43.0,48.0,56,20,20,23,-0.38702725154485573,0.0032118687164630613,-1.0804597,-2.101391673366928,0.1094839953838541
left_leg_vas,ZERO_TWO_LEFT,46.5,44.0,49.0,56,20,20,23,-0.3752072188955175,0.004380585171861313,-1.0747206,-2.311261657161426,0.17591285168833615
left_leg_vas,ZERO_TWO_LEFT,47.5,45.0,50.0,56,20,20,23,-0.3718121035075764,0.004779122543980049,-1.1094221,-2.4659542982785894,0.13120778355068133
left_leg_vas,ZERO_TWO_LEFT,48.5,46.0,51.0,56,20,20,23,-0.38882400225200425,0.0030608354817372643,-1.1636606,-2.3904175695160506,0.03857165786332978
left_leg_vas,ZERO_TWO_LEFT,49.5,47.0,52.0,56,20,20,23,-0.3363455279881386,0.01125996025700519,-0.96345896,-1.9818030658668115,0.04854636726570413
left_leg_vas,ZERO_TWO_LEFT,50.5,48.0,53.0,56,20,20,23,-0.3878433887664023,0.0031424658277552095,-1.069517,-2.225168194307587,0.023000439723326264
left_leg_vas,ZERO_TWO_LEFT,51.5,49.0,54.0,56,20,20,23,-0.32847441193986504,0.013449459327286407,-0.8979881,-1.8429136818600367,0.023369622278801242
left_leg_vas,ZERO_TWO_LEFT,52.5,50.0,55.0,56,20,20,23,-0.40537605755168465,0.0019392737866951646,-1.060936,-2.127022721027393,0.020856634535304508
left_leg_vas,ZERO_TWO_LEFT,53.5,51.0,56.0,56,20,20,23,-0.39826036289287187,0.002366325752095979,-1.0285896,-1.9218243233596697,0.018169639308066126
left_leg_vas,ZERO_TWO_LEFT,54.5,52.0,57.0,56,20,20,23,-0.5039745526788375,7.498728288381397e-05,-1.3598238,-3.5958398433383696,0.020103249379920057
left_leg_vas,ZERO_TWO_LEFT,55.5,53.0,58.0,56,20,20,23,-0.446595770987123,0.0005601824975951721,-1.187775,-2.7402892761289843,0.006886733470093894
left_leg_vas,ZERO_TWO_LEFT,56.5,54.0,59.0,56,20,20,23,-0.4397691507726907,0.0006956490449978821,-1.188527,-2.8370915471580966,0.02565669342423215
left_leg_vas,ZERO_TWO_LEFT,57.5,55.0,60.0,56,20,20,23,-0.4061057440104023,0.0018996298124247803,-1.1419863,-2.8809522666196923,0.016910435681683687
left_leg_vas,ZERO_TWO_LEFT,58.5,56.0,61.0,56,20,20,23,-0.3678197282693223,0.005288275922954661,-1.1138389,-3.0224419895999093,0.010564979932413914
left_leg_vas,ZERO_TWO_LEFT,59.5,57.0,62.0,56,20,20,23,-0.23215511947344428,0.0851209791262665,-0.72277147,-1.857191014386329,0.07257352256241173
left_leg_vas,ZERO_TWO_LEFT,60.5,58.0,63.0,56,20,20,23,-0.3390181384684723,0.010590059848517035,-1.0565557,-3.2093225589606234,0.030001324539183097
left_leg_vas,ZERO_TWO_LEFT,61.5,59.0,64.0,56,20,20,23,-0.38327629435475674,0.003548601837349293,-1.1968648,-3.331289246211421,0.03516202855260761
left_leg_vas,ZERO_TWO_LEFT,62.5,60.0,65.0,56,20,20,23,-0.4052206623335689,0.001947811152491543,-1.2015213,-2.98928541298802,0.05813319631403378
left_leg_vas,ZERO_TWO_LEFT,63.5,61.0,66.0,56,20,20,23,-0.40672088603970374,0.0018667725978078753,-1.1800898,-2.5146290942290923,0.08470269477365454
left_leg_vas,ZERO_TWO_LEFT,64.5,62.0,67.0,56,20,20,23,-0.3756339579144763,0.004332623640811934,-1.0341617,-2.0689821209041503,0.08581172771706512
left_leg_vas,ZERO_TWO_LEFT,65.5,63.0,68.0,56,20,20,23,-0.3747433296358584,0.004433251943313981,-0.9756865,-1.996347278862535,0.07313466439074454
left_leg_vas,ZERO_TWO_LEFT,66.5,64.0,69.0,56,20,20,23,-0.35725097184107607,0.006872604487846174,-0.9262802,-1.8423562592763376,0.042864186672102386
left_leg_vas,ZERO_TWO_LEFT,67.5,65.0,70.0,56,20,20,23,-0.3648783588685263,0.005693266600022062,-0.97594625,-2.120031440854844,0.055978270603609284
left_leg_vas,ZERO_TWO_LEFT,68.5,66.0,71.0,56,20,20,23,-0.3387610293597621,0.010652971648428817,-0.8476576,-2.0673238297050505,0.09407563218776908
left_leg_vas,ZERO_TWO_LEFT,69.5,67.0,72.0,56,20,20,23,-0.38630585698980946,0.003274341330999671,-1.090929,-2.689616499341595,0.06470522195706829
left_leg_vas,ZERO_TWO_LEFT,70.5,68.0,73.0,56,20,20,23,-0.3773636882401314,0.004142922556250592,-1.0453565,-2.270425701286972,0.07067016549161541
left_leg_vas,ZERO_TWO_LEFT,71.5,69.0,74.0,56,20,20,23,-0.31875312065005834,0.016649744348432596,-0.77249986,-1.7739712661711404,0.11241793390556633
left_leg_vas,ZERO_TWO_LEFT,72.5,70.0,75.0,56,20,20,23,-0.3146610247407471,0.018179601144792813,-0.7537177,-1.6602155135908643,0.07883267345937861
left_leg_vas,ZERO_TWO_LEFT,73.5,71.0,76.0,56,20,20,23,-0.4402514021877312,0.0006851876452896953,-1.204413,-2.871863045163536,0.03370478367848174
left_leg_vas,ZERO_TWO_LEFT,74.5,72.0,77.0,56,20,20,23,-0.34082835339212025,0.010156140292525664,-0.85005033,-1.981609005705317,0.061896333099134
left_leg_vas,ZERO_TWO_LEFT,75.5,73.0,78.0,56,20,20,23,-0.28466648250555904,0.03346887734214477,-0.72157747,-1.721094353645773,0.10234354586511471
left_leg_vas,ZERO_TWO_LEFT,76.5,74.0,79.0,56,20,20,23,-0.4492036252354357,0.0005150831555692723,-1.1603208,-2.566631002016968,0.041388606628829476
left_leg_vas,ZERO_TWO_LEFT,77.5,75.0,80.0,56,20,20,23,-0.399407120340426,0.0022922990235963473,-1.0319636,-2.229162900106086,0.1288178302079597
left_leg_vas,ZERO_TWO_LEFT,78.5,76.0,81.0,56,20,20,23,-0.3602019571472098,0.00639318832552962,-0.8636191,-1.9361004258692947,0.13299789304667925
left_leg_vas,ZERO_TWO_LEFT,79.5,77.0,82.0,56,20,20,23,-0.38880582697615484,0.00306233120949818,-0.9771726,-2.443139650745249,0.10081586764267145
left_leg_vas,ZERO_TWO_LEFT,80.5,78.0,83.0,56,20,20,23,-0.3259466683387615,0.014226040957929549,-0.803397,-1.5812964483412917,0.1305360024376033
left_leg_vas,ZERO_TWO_LEFT,81.5,79.0,84.0,56,20,20,23,-0.2354497585055108,0.08066235526770708,-0.67122686,-1.2433647507508245,0.20834184855551896
left_leg_vas,ZERO_TWO_LEFT,82.5,80.0,85.0,56,20,20,23,-0.24418121526258788,0.06973419274254414,-0.6994498,-1.3126535512322381,0.14856077621843744
left_leg_vas,ZERO_TWO_LEFT,83.5,81.0,86.0,56,20,20,23,-0.33192016678048075,0.012449662094791269,-0.96653754,-1.9343001292928053,0.08820810616731983
left_leg_vas,ZERO_TWO_LEFT,84.5,82.0,87.0,56,20,20,23,-0.33521234022405955,0.011554852752292025,-0.96912146,-2.067028317860367,0.11271239575920977
left_leg_vas,ZERO_TWO_LEFT,85.5,83.0,88.0,56,20,20,23,-0.39149088670878646,0.002848257522176205,-1.0643191,-2.6442962505237273,0.039460150889201184
left_leg_vas,ZERO_TWO_LEFT,86.5,84.0,89.0,56,20,20,23,-0.4536112583494485,0.0004462776287205124,-1.2163817,-3.036617857950119,0.018228783560018197
left_leg_vas,ZERO_TWO_LEFT,87.5,85.0,90.0,56,20,20,23,-0.43930812609828157,0.0007057845973301995,-1.2651274,-3.7701913688626867,0.00825442124022518
left_leg_vas,ZERO_TWO_LEFT,88.5,86.0,91.0,56,20,20,23,-0.34643006568082696,0.008909378182265221,-0.87954825,-2.466247661535649,0.011363426479853184
left_leg_vas,ZERO_TWO_LEFT,89.5,87.0,92.0,56,20,20,23,-0.4178289974914428,0.0013545160042633634,-1.0600275,-2.887899409784616,0.006340656740678601
left_leg_vas,ZERO_TWO_LEFT,90.5,88.0,93.0,56,20,20,23,-0.4520621214557251,0.00046944773223443504,-1.0907321,-2.853757717156634,0.000489618208312528
left_leg_vas,ZERO_TWO_LEFT,91.5,89.0,94.0,56,20,20,23,-0.357799091314736,0.006781254345960125,-0.8345511,-2.2582957639686354,0.02531124079025101
left_leg_vas,ZERO_TWO_LEFT,92.5,90.0,95.0,56,20,20,23,-0.42823538451210585,0.000992958322631379,-1.0030735,-2.960158295267542,0.004697473489791838
left_leg_vas,ZERO_TWO_LEFT,93.5,91.0,96.0,56,20,20,23,-0.37863317751605985,0.004008394237601192,-0.80696523,-1.9251810860040162,0.033276961537179815
left_leg_vas,ZERO_TWO_LEFT,94.5,92.0,97.0,56,20,20,23,-0.37454891833883375,0.004455489339408286,-0.76268107,-1.7731892484627443,0.07415876896790564
left_leg_vas,ZERO_TWO_LEFT,95.5,93.0,98.0,56,20,20,23,-0.20408931842946834,0.13136319649051087,-0.42762527,-1.0042732696390289,0.2912772391995523
left_leg_vas,ZERO_TWO_LEFT,96.5,94.0,99.0,56,20,20,23,-0.2222983077141172,0.09962299129216934,-0.5372555,-1.2222029699727455,0.18324900683820433
left_leg_vas,ZERO_TWO_LEFT,97.5,95.0,100.0,56,20,20,23,-0.24751894146601627,0.06588284975055157,-0.65497845,-1.7024116102257856,0.08369146551597911
left_leg_vas,ZERO_TWO_LEFT,98.5,96.0,101.0,56,20,20,23,-0.29210174815844014,0.028927481608066734,-0.81535214,-2.1872962619771124,0.01634770017060666
left_leg_vas,ZERO_TWO_RIGHT,6.5,4.0,9.0,53,18,19,22,0.06434316959285201,0.6471461114983962,0.13357563,0.14515854769510933,0.6990082520604168
left_leg_vas,ZERO_TWO_RIGHT,7.5,5.0,10.0,53,18,19,22,0.052448615703764356,0.7091605665434766,0.09328553,0.1029982894018208,0.7835311536362112
left_leg_vas,ZERO_TWO_RIGHT,8.5,6.0,11.0,53,18,19,22,0.07666969675619499,0.5853007059762122,0.1827362,0.20867004425945931,0.5879064298736416
left_leg_vas,ZERO_TWO_RIGHT,9.5,7.0,12.0,53,18,19,22,0.06059462451385197,0.6664589324600488,0.1848987,0.2203726196690499,0.5604114883134501
left_leg_vas,ZERO_TWO_RIGHT,10.5,8.0,13.0,53,18,19,22,0.022409536086266373,0.873453312086369,0.10037255,0.12620627364874357,0.7530029831540125
left_leg_vas,ZERO_TWO_RIGHT,11.5,9.0,14.0,53,18,19,22,0.029082246802318953,0.8362308410468202,0.13287053,0.1740617531191215,0.6641636513941505
left_leg_vas,ZERO_TWO_RIGHT,12.5,10.0,15.0,53,18,19,22,0.038158754340290486,0.7861799187149061,0.16426171,0.2060337825527256,0.5647146778631218
left_leg_vas,ZERO_TWO_RIGHT,13.5,11.0,16.0,53,18,19,22,-0.024513294072891607,0.8616845724945909,-0.009470116,-0.011503395224540459,0.973278900582139
left_leg_vas,ZERO_TWO_RIGHT,14.5,12.0,17.0,53,18,19,22,0.021947504198472835,0.8760417221998721,0.042444866,0.05569579143563362,0.8882620879202112
left_leg_vas,ZERO_TWO_RIGHT,15.5,13.0,18.0,53,18,19,22,0.06584707042107626,0.6394613285231415,0.093637265,0.1324757163684775,0.7495877729384699
left_leg_vas,ZERO_TWO_RIGHT,16.5,14.0,19.0,53,18,19,22,0.024193461696953376,0.8634719088207428,0.019362252,0.027586324350028116,0.9501654352170835
left_leg_vas,ZERO_TWO_RIGHT,17.5,15.0,20.0,53,18,19,22,0.037117626866872956,0.7918817640086653,0.04921946,0.07729773062355681,0.8793957360587991
left_leg_vas,ZERO_TWO_RIGHT,18.5,16.0,21.0,53,18,19,22,0.12668592467478795,0.36602469181945374,0.25928903,0.4055795785263467,0.4310463622522691
left_leg_vas,ZERO_TWO_RIGHT,19.5,17.0,22.0,53,18,19,22,0.0860718171314624,0.5400023173907603,0.18244694,0.28323585361061676,0.5982051510118058
left_leg_vas,ZERO_TWO_RIGHT,20.5,18.0,23.0,53,18,19,22,0.041056770858545116,0.7703679796512428,0.09214139,0.13495361377401766,0.7854506420988396
left_leg_vas,ZERO_TWO_RIGHT,21.5,19.0,24.0,53,18,19,22,0.14775383810497186,0.2910490036967409,0.27279684,0.3842889204472406,0.444978848481019
left_leg_vas,ZERO_TWO_RIGHT,22.5,20.0,25.0,53,18,19,22,0.17101279724200008,0.2208209309630019,0.36596897,0.5202431314146916,0.338849212173152
left_leg_vas,ZERO_TWO_RIGHT,23.5,21.0,26.0,53,18,19,22,0.1666149678093737,0.2331012794864151,0.3550435,0.5481572477910335,0.27174727810228505
left_leg_vas,ZERO_TWO_RIGHT,24.5,22.0,27.0,53,18,19,22,0.1538041301241213,0.2715197394446853,0.31103292,0.5063492482367271,0.3334623366327034
left_leg_vas,ZERO_TWO_RIGHT,25.5,23.0,28.0,53,18,19,22,0.10628706207229952,0.4487623857450152,0.27562553,0.46758510652359603,0.38397527983400415
left_leg_vas,ZERO_TWO_RIGHT,26.5,24.0,29.0,53,18,19,22,0.036876261165478846,0.7932051845596717,0.13091777,0.21589910249960417,0.6718958878445651
left_leg_vas,ZERO_TWO_RIGHT,27.5,25.0,30.0,53,18,19,22,-0.04326902217937284,0.7583593120522673,-0.07447757,-0.1268398251643533,0.8081871684993254
left_leg_vas,ZERO_TWO_RIGHT,28.5,26.0,31.0,53,18,19,22,-0.11992545867353334,0.39236023748399546,-0.2337765,-0.3981317839255567,0.5032464870420317
left_leg_vas,ZERO_TWO_RIGHT,29.5,27.0,32.0,53,18,19,22,-0.12465953761641818,0.3738037860184911,-0.19671276,-0.31522622437173514,0.5729535106452512
left_leg_vas,ZERO_TWO_RIGHT,30.5,28.0,33.0,53,18,19,22,-0.12507306836360585,0.37220827670330464,-0.26124483,-0.38065827008372005,0.4608691778333548
left_leg_vas,ZERO_TWO_RIGHT,31.5,29.0,34.0,53,18,19,22,-0.16113822279442863,0.2490406532218663,-0.32962903,-0.5120673080618365,0.3383151755416731
left_leg_vas,ZERO_TWO_RIGHT,32.5,30.0,35.0,53,18,19,22,-0.13208694157043274,0.34577433888381304,-0.23770978,-0.40326539463503014,0.4724945381162903
left_leg_vas,ZERO_TWO_RIGHT,33.5,31.0,36.0,53,18,19,22,-0.17160022360226296,0.21921535884819698,-0.3721786,-0.6028423742398464,0.23064091381250484
left_leg_vas,ZERO_TWO_RIGHT,34.5,32.0,37.0,53,18,19,22,-0.1759807997880957,0.20749840558970625,-0.37287706,-0.5986405142124216,0.173374344881027
left_leg_vas,ZERO_TWO_RIGHT,35.5,33.0,38.0,53,18,19,22,-0.18593131018895517,0.18253818389307708,-0.4717811,-0.8233825766481173,0.09072691774149494
left_leg_vas,ZERO_TWO_RIGHT,36.5,34.0,39.0,53,18,19,22,-0.19601704654206764,0.15952044017574188,-0.5702312,-1.0457366901248883,0.08413469692851452
left_leg_vas,ZERO_TWO_RIGHT,37.5,35.0,40.0,53,18,19,22,-0.20988420999395152,0.13145161304163705,-0.6252987,-1.0493415513563953,0.044834613494049304
left_leg_vas,ZERO_TWO_RIGHT,38.5,36.0,41.0,53,18,19,22,-0.17336966547041988,0.21442826622078964,-0.52355856,-0.8152267384406321,0.12412908445162833
left_leg_vas,ZERO_TWO_RIGHT,39.5,37.0,42.0,53,18,19,22,-0.17824243496116995,0.20162477643713342,-0.5537178,-0.8874585329844357,0.09927038744983017
left_leg_vas,ZERO_TWO_RIGHT,40.5,38.0,43.0,53,18,19,22,-0.16814120503686306,0.22878734210665025,-0.45927292,-0.7171874985040434,0.14858276086884661
left_leg_vas,ZERO_TWO_RIGHT,41.5,39.0,44.0,53,18,19,22,-0.16216403139292615,0.24600029120389907,-0.3878245,-0.5719033403230024,0.2102931598178197
left_leg_vas,ZERO_TWO_RIGHT,42.5,40.0,45.0,53,18,19,22,-0.16227438136096178,0.245674739044175,-0.3820621,-0.566821451167572,0.22149307757308323
left_leg_vas,ZERO_TWO_RIGHT,43.5,41.0,46.0,53,18,19,22,-0.15853682411046105,0.25686477181058104,-0.43572995,-0.7177371885002548,0.168292641612248
left_leg_vas,ZERO_TWO_RIGHT,44.5,42.0,47.0,53,18,19,22,-0.17371561084310008,0.2135009508599657,-0.5548008,-0.9646190546982047,0.0997698712202555
left_leg_vas,ZERO_TWO_RIGHT,45.5,43.0,48.0,53,18,19,22,-0.15558388182545513,0.2659448364495872,-0.52338976,-0.863066039474131,0.1520113636620104
left_leg_vas,ZERO_TWO_RIGHT,46.5,44.0,49.0,53,18,19,22,-0.18163583545925646,0.1930341067597474,-0.6932807,-1.23542063816021,0.05033883184626009
left_leg_vas,ZERO_TWO_RIGHT,47.5,45.0,50.0,53,18,19,22,-0.2158921031336319,0.12051554203840835,-0.7573957,-1.332061427261452,0.011637951404520824
left_leg_vas,ZERO_TWO_RIGHT,48.5,46.0,51.0,53,18,19,22,-0.23744123362948472,0.086904543409065,-0.83093613,-1.56759161385554,0.03294433179912534
left_leg_vas,ZERO_TWO_RIGHT,49.5,47.0,52.0,53,18,19,22,-0.21293880294908044,0.1258016928473446,-0.69530344,-1.34057910667744,0.034613461437286
left_leg_vas,ZERO_TWO_RIGHT,50.5,48.0,53.0,53,18,19,22,-0.21959179590263866,0.11413350719074206,-0.7037111,-1.3777086271384027,0.036466404706041684
left_leg_vas,ZERO_TWO_RIGHT,51.5,49.0,54.0,53,18,19,22,-0.20350033249835414,0.14387267316124144,-0.54125905,-0.9241239804897493,0.08002514932247086
left_leg_vas,ZERO_TWO_RIGHT,52.5,50.0,55.0,53,18,19,22,-0.16484789918628606,0.2381654490624705,-0.41259333,-0.6185311801265145,0.14838702046605126
left_leg_vas,ZERO_TWO_RIGHT,53.5,51.0,56.0,53,18,19,22,-0.20730409781186793,0.1363708270122499,-0.48317972,-0.6608638526374472,0.10562259592163839
left_leg_vas,ZERO_TWO_RIGHT,54.5,52.0,57.0,53,18,19,22,-0.18926554726265343,0.17467878724054717,-0.40232718,-0.5054908864690741,0.1670492465115867
left_leg_vas,ZERO_TWO_RIGHT,55.5,53.0,58.0,53,18,19,22,-0.20787814816510336,0.13526460270253768,-0.43849474,-0.5555498637032256,0.12728955537948233
left_leg_vas,ZERO_TWO_RIGHT,56.5,54.0,59.0,53,18,19,22,-0.23354530852241492,0.09236417865923602,-0.5078656,-0.7223215748605716,0.0562392324191801
left_leg_vas,ZERO_TWO_RIGHT,57.5,55.0,60.0,53,18,19,22,-0.19488727188434207,0.1619873260776235,-0.43603244,-0.6431939667862957,0.14750691968554697
left_leg_vas,ZERO_TWO_RIGHT,58.5,56.0,61.0,53,18,19,22,-0.11368607791405694,0.4176273438446178,-0.22679232,-0.3597214893655398,0.5376474170376642
left_leg_vas,ZERO_TWO_RIGHT,59.5,57.0,62.0,53,18,19,22,-0.15880550159206155,0.25604910269427883,-0.36866695,-0.6466667628457368,0.3143695676652385
left_leg_vas,ZERO_TWO_RIGHT,60.5,58.0,63.0,53,18,19,22,-0.14047460881094279,0.3157303523344517,-0.29522294,-0.5104225485353381,0.4026066321600117
left_leg_vas,ZERO_TWO_RIGHT,61.5,59.0,64.0,53,18,19,22,-0.08507854465835857,0.544706216823347,-0.17304735,-0.26448884027133185,0.6443338839310248
left_leg_vas,ZERO_TWO_RIGHT,62.5,60.0,65.0,53,18,19,22,-0.12722695408439044,0.36396443313096066,-0.28320733,-0.4427219163742619,0.4157529382424393
left_leg_vas,ZERO_TWO_RIGHT,63.5,61.0,66.0,53,18,19,22,-0.13654586377404238,0.32958935920165655,-0.28416783,-0.4350096893887834,0.35294377059560755
left_leg_vas,ZERO_TWO_RIGHT,64.5,62.0,67.0,53,18,19,22,-0.13419091757802298,0.33807706857532804,-0.26268983,-0.42431243447792594,0.4581316169418346
left_leg_vas,ZERO_TWO_RIGHT,65.5,63.0,68.0,53,18,19,22,-0.08969583988672562,0.52300891102496,-0.15351708,-0.26702946392615445,0.6429546066655679
left_leg_vas,ZERO_TWO_RIGHT,66.5,64.0,69.0,53,18,19,22,-0.1371166380297655,0.32755251560779813,-0.26533017,-0.48955808612130497,0.4044998253115093
left_leg_vas,ZERO_TWO_RIGHT,67.5,65.0,70.0,53,18,19,22,-0.08013095787567795,0.5684266267659521,-0.14783876,-0.24040903670449992,0.6020833986876797
left_leg_vas,ZERO_TWO_RIGHT,68.5,66.0,71.0,53,18,19,22,-0.031781254818669634,0.8212706890946612,-0.09115214,-0.15033919177934252,0.7671450123105339
left_leg_vas,ZERO_TWO_RIGHT,69.5,67.0,72.0,53,18,19,22,-0.028214515563363272,0.8410530347907346,-0.08176485,-0.14296406244079118,0.782413884347312
left_leg_vas,ZERO_TWO_RIGHT,70.5,68.0,73.0,53,18,19,22,-0.10091009594620866,0.472167236729759,-0.2665201,-0.4456217261168843,0.34900044324250323
left_leg_vas,ZERO_TWO_RIGHT,71.5,69.0,74.0,53,18,19,22,-0.08006496460986173,0.5687462304950984,-0.15826182,-0.23733942002574157,0.5846016388172398
left_leg_vas,ZERO_TWO_RIGHT,72.5,70.0,75.0,53,18,19,22,-0.10418840033197917,0.4578205335337715,-0.18532573,-0.29316168613247323,0.5610888777338816
left_leg_vas,ZERO_TWO_RIGHT,73.5,71.0,76.0,53,18,19,22,-0.20663963861900675,0.13765971692148643,-0.39191687,-0.6343647859009357,0.25910272712419
left_leg_vas,ZERO_TWO_RIGHT,74.5,72.0,77.0,53,18,19,22,-0.15345100883437637,0.2726350225095468,-0.29723457,-0.45829559685595017,0.4018982803155464
left_leg_vas,ZERO_TWO_RIGHT,75.5,73.0,78.0,53,18,19,22,-0.2091849759089205,0.13277138224329083,-0.42387718,-0.6677454971766853,0.2605183959199714
left_leg_vas,ZERO_TWO_RIGHT,76.5,74.0,79.0,53,18,19,22,-0.2005551432599505,0.14988889155487006,-0.46400696,-0.7252383648277543,0.17186408041505985
left_leg_vas,ZERO_TWO_RIGHT,77.5,75.0,80.0,53,18,19,22,-0.2335738448670131,0.09232323951585927,-0.517161,-0.7986659114484699,0.09628817890068327
left_leg_vas,ZERO_TWO_RIGHT,78.5,76.0,81.0,53,18,19,22,-0.11553407232740408,0.41004845340952756,-0.23770308,-0.3577796862094872,0.462174558496272
left_leg_vas,ZERO_TWO_RIGHT,79.5,77.0,82.0,53,18,19,22,-0.11680623257050028,0.404877568453397,-0.26461497,-0.4396443892817354,0.47251046823584986
left_leg_vas,ZERO_TWO_RIGHT,80.5,78.0,83.0,53,18,19,22,0.010650102189787352,0.9396679594856169,-0.023571623,-0.04390168224925223,0.9528140737704592
left_leg_vas,ZERO_TWO_RIGHT,81.5,79.0,84.0,53,18,19,22,0.05673334884019176,0.6865792589762999,0.17408259,0.3436723070672523,0.6866267643268076
left_leg_vas,ZERO_TWO_RIGHT,82.5,80.0,85.0,53,18,19,22,0.027416167360773895,0.8454947708699153,0.11405652,0.21964631143526747,0.7763275341098947
left_leg_vas,ZERO_TWO_RIGHT,83.5,81.0,86.0,53,18,19,22,0.07885207098936245,0.5746350271431397,0.34044215,0.7163529243213472,0.3445558956535204
left_leg_vas,ZERO_TWO_RIGHT,84.5,82.0,87.0,53,18,19,22,0.012046619467488341,0.9317744416595988,0.13480224,0.2514173961814822,0.6451242714803133
left_leg_vas,ZERO_TWO_RIGHT,85.5,83.0,88.0,53,18,19,22,-0.021983687671204573,0.8758389671741597,0.03484551,0.06564246106155855,0.9120088770807098
left_leg_vas,ZERO_TWO_RIGHT,86.5,84.0,89.0,53,18,19,22,-0.02832819565979522,0.8404209533866696,-0.057237294,-0.11200870531505837,0.8482016550207172
left_leg_vas,ZERO_TWO_RIGHT,87.5,85.0,90.0,53,18,19,22,0.0022921960648573936,0.9870034069908561,-0.09035868,-0.1847088929225933,0.7505684566851615
left_leg_vas,ZERO_TWO_RIGHT,88.5,86.0,91.0,53,18,19,22,-0.09994447283620128,0.4764383924807374,-0.39378083,-0.7672963793079108,0.18639935585359257
left_leg_vas,ZERO_TWO_RIGHT,89.5,87.0,92.0,53,18,19,22,-0.0785925872983822,0.5758984875982501,-0.33200657,-0.7106420576975226,0.29001941422657995
left_leg_vas,ZERO_TWO_RIGHT,90.5,88.0,93.0,53,18,19,22,-0.09772520887365077,0.4863320056638532,-0.3489469,-0.7204007248093137,0.30650735572365717
left_leg_vas,ZERO_TWO_RIGHT,91.5,89.0,94.0,53,18,19,22,-0.15102859789865977,0.28036777778616523,-0.47265273,-1.0019516345539838,0.20951644734002162
left_leg_vas,ZERO_TWO_RIGHT,92.5,90.0,95.0,53,18,19,22,-0.13786590532865467,0.3248907695146402,-0.2969786,-0.5673548076856414,0.4429937406304447
left_leg_vas,ZERO_TWO_RIGHT,93.5,91.0,96.0,53,18,19,22,-0.1888521312346441,0.1756397459455988,-0.35163298,-0.6808304566129834,0.30532467491146664
left_leg_vas,ZERO_TWO_RIGHT,94.5,92.0,97.0,53,18,19,22,-0.1688616103477354,0.2267703831962104,-0.3250419,-0.6585750002274982,0.422606693414898
left_leg_vas,ZERO_TWO_RIGHT,95.5,93.0,98.0,53,18,19,22,-0.1000262270480211,0.4760759823909393,-0.15685889,-0.3274362893945391,0.6558954775137671
left_leg_vas,ZERO_TWO_RIGHT,96.5,94.0,99.0,53,18,19,22,-0.07368520453480396,0.600029109971015,-0.018792374,-0.03864642440135179,0.9541250897832405
left_leg_vas,ZERO_TWO_RIGHT,97.5,95.0,100.0,53,18,19,22,-0.09286609066049958,0.508365016227603,-0.06743512,-0.1475998158626139,0.8219251735522771
left_leg_vas,ZERO_TWO_RIGHT,98.5,96.0,101.0,53,18,19,22,-0.03911866573885104,0.7809326947446835,-0.0253116,-0.05409185974685432,0.9353817926449154
back_vas,ONE_THREE_LEFT,6.5,4.0,9.0,65,22,26,27,-0.4284779473585892,0.00036962949251239866,-0.84683365,-1.8674168919424303,0.19181049812808815
back_vas,ONE_THREE_LEFT,7.5,5.0,10.0,65,22,26,27,-0.425065215505168,0.0004164014937259535,-0.77735907,-1.6838552977378305,0.22619637921303004
back_vas,ONE_THREE_LEFT,8.5,6.0,11.0,65,22,26,27,-0.4224070836883628,0.0004565000623817127,-0.79607815,-1.536878107332579,0.1825953332051592
back_vas,ONE_THREE_LEFT,9.5,7.0,12.0,65,22,26,27,-0.39440299350467684,0.0011502085880138232,-0.67328334,-1.207868509853804,0.22603609875961483
back_vas,ONE_THREE_LEFT,10.5,8.0,13.0,65,22,26,27,-0.3198486991023663,0.009396431354276907,-0.44486633,-0.7361782266968522,0.3411257926933987
back_vas,ONE_THREE_LEFT,11.5,9.0,14.0,65,22,26,27,-0.24921402138726376,0.045290092344082725,-0.24709103,-0.38518387161402906,0.5549085398661652
back_vas,ONE_THREE_LEFT,12.5,10.0,15.0,65,22,26,27,-0.22988046526541667,0.06545323605451579,-0.2189758,-0.36149439125132826,0.6061680883809553
back_vas,ONE_THREE_LEFT,13.5,11.0,16.0,65,22,26,27,-0.2101231760329638,0.09295544884401849,-0.14852294,-0.23524275261440208,0.7102219454039272
back_vas,ONE_THREE_LEFT,14.5,12.0,17.0,65,22,26,27,-0.16095238437122603,0.20025318544010176,-0.034575526,-0.05424746101512809,0.9261369612119629
back_vas,ONE_THREE_LEFT,15.5,13.0,18.0,65,22,26,27,-0.12935216665327562,0.3044403868014242,0.020339152,0.03505162675710344,0.9549869500326472
back_vas,ONE_THREE_LEFT,16.5,14.0,19.0,65,22,26,27,-0.12199063269190494,0.3330152896136168,0.0046438593,0.00830445246631617,0.9897293294043634
back_vas,ONE_THREE_LEFT,17.5,15.0,20.0,65,22,26,27,-0.07057859177328218,0.5763805603930006,0.12483126,0.2201384740186616,0.7403070940443541
back_vas,ONE_THREE_LEFT,18.5,16.0,21.0,65,22,26,27,0.011772487707714998,0.9258444507221192,0.33064067,0.5980026977558097,0.394808192015619
back_vas,ONE_THREE_LEFT,19.5,17.0,22.0,65,22,26,27,0.0848623432851008,0.5015068465043828,0.4357653,0.8585214429614594,0.23382739283666665
back_vas,ONE_THREE_LEFT,20.5,18.0,23.0,65,22,26,27,0.13426503412140348,0.28628223916840967,0.51810503,0.9601783296130473,0.16818175941748614
back_vas,ONE_THREE_LEFT,21.5,19.0,24.0,65,22,26,27,0.24210453158869075,0.052010243610932594,0.7324348,1.3182232442647042,0.0653174484383042
back_vas,ONE_THREE_LEFT,22.5,20.0,25.0,65,22,26,27,0.31079706709587995,0.011740509447817094,0.8726993,1.5840492701783417,0.05939142476263216
back_vas,ONE_THREE_LEFT,23.5,21.0,26.0,65,22,26,27,0.31810569418626994,0.009813180344190826,0.81978685,1.4915033461440579,0.14034548248960377
back_vas,ONE_THREE_LEFT,24.5,22.0,27.0,65,22,26,27,0.2816762739376629,0.02301883647496297,0.7281666,1.287012882275174,0.20473612444543587
back_vas,ONE_THREE_LEFT,25.5,23.0,28.0,65,22,26,27,0.20560061646332517,0.1003730800631556,0.5455944,0.9265034372271763,0.30439449526771656
back_vas,ONE_THREE_LEFT,26.5,24.0,29.0,65,22,26,27,0.1673084445985185,0.18281991411949297,0.5057829,0.8905035096387874,0.3009334108849906
back_vas,ONE_THREE_LEFT,27.5,25.0,30.0,65,22,26,27,0.083412111422878,0.5088726539155178,0.33729288,0.6356340482103012,0.4767399707072971
back_vas,ONE_THREE_LEFT,28.5,26.0,31.0,65,22,26,27,0.0516047709565405,0.6830898243888456,0.29228085,0.5744678619752038,0.5219956590247932
back_vas,ONE_THREE_LEFT,29.5,27.0,32.0,65,22,26,27,0.02712274176439093,0.8301828711128898,0.28775057,0.6068990957049087,0.5044064326439747
back_vas,ONE_THREE_LEFT,30.5,28.0,33.0,65,22,26,27,0.034523072121388484,0.7848419157754688,0.32222208,0.6361827733275055,0.4143140858357397
back_vas,ONE_THREE_LEFT,31.5,29.0,34.0,65,22,26,27,-0.015262285224417041,0.9039540645528913,0.19168806,0.37907953833021757,0.6169978940072209
back_vas,ONE_THREE_LEFT,32.5,30.0,35.0,65,22,26,27,-0.0644280668984615,0.6101304755476523,0.08584301,0.17881946324164177,0.8310517994935716
back_vas,ONE_THREE_LEFT,33.5,31.0,36.0,65,22,26,27,-0.10740938830450297,0.3944210291816088,-0.023669316,-0.04760248291673269,0.9553063582776647
back_vas,ONE_THREE_LEFT,34.5,32.0,37.0,65,22,26,27,-0.1891015901437001,0.13138775115790796,-0.23898855,-0.41395170848705376,0.5687572059638637
back_vas,ONE_THREE_LEFT,35.5,33.0,38.0,65,22,26,27,-0.2574465470787673,0.03841809969776454,-0.4560245,-0.8293331367402716,0.28026693269806047
back_vas,ONE_THREE_LEFT,36.5,34.0,39.0,65,22,26,27,-0.29821999174914104,0.01582807705428716,-0.5133666,-0.9526661415383071,0.21714688746217548
back_vas,ONE_THREE_LEFT,37.5,35.0,40.0,65,22,26,27,-0.20823765049792847,0.09599399823415561,-0.29797938,-0.5849516480813066,0.44217403988251835
back_vas,ONE_THREE_LEFT,38.5,36.0,41.0,65,22,26,27,-0.24278311472195838,0.05133558280793119,-0.33292556,-0.6329507635871823,0.397250623830833
back_vas,ONE_THREE_LEFT,39.5,37.0,42.0,65,22,26,27,-0.16093813018572153,0.20029356779032945,-0.10768205,-0.21479179394427633,0.7944571688674713
back_vas,ONE_THREE_LEFT,40.5,38.0,43.0,65,22,26,27,-0.11276763206638067,0.3711194430595442,0.010810837,0.020896023502388478,0.9797128812439078
back_vas,ONE_THREE_LEFT,41.5,39.0,44.0,65,22,26,27,-0.094555459245118,0.45372475572172283,-0.01614146,-0.02975840127904056,0.9688817660343649
back_vas,ONE_THREE_LEFT,42.5,40.0,45.0,65,22,26,27,-0.11103449087112122,0.37856348377128546,-0.021336216,-0.03663233885487821,0.9583923335695478
back_vas,ONE_THREE_LEFT,43.5,41.0,46.0,65,22,26,27,-0.11573634896293392,0.35857623728176274,-0.09334449,-0.17733041758058726,0.818792691699956
back_vas,ONE_THREE_LEFT,44.5,42.0,47.0,65,22,26,27,-0.22500734078569368,0.07153699506785198,-0.33851042,-0.6423832536514764,0.4063514914752836
back_vas,ONE_THREE_LEFT,45.5,43.0,48.0,65,22,26,27,-0.1990559419392696,0.11191269362481941,-0.2419929,-0.45478037749244193,0.5550957691427104
back_vas,ONE_THREE_LEFT,46.5,44.0,49.0,65,22,26,27,-0.2355539848299228,0.058902263936589275,-0.30810827,-0.5500318665182465,0.4676934210623328
back_vas,ONE_THREE_LEFT,47.5,45.0,50.0,65,22,26,27,-0.3296910979248644,0.007320260734125949,-0.6244006,-1.063857597223953,0.14945864948629778
back_vas,ONE_THREE_LEFT,48.5,46.0,51.0,65,22,26,27,-0.30387864200906334,0.013858520592940564,-0.5486412,-0.8899238693303165,0.21860005371734337
back_vas,ONE_THREE_LEFT,49.5,47.0,52.0,65,22,26,27,-0.2890938675234173,0.019510166814486887,-0.5176542,-0.8051573073745031,0.22917537775533803
back_vas,ONE_THREE_LEFT,50.5,48.0,53.0,65,22,26,27,-0.34276962625509616,0.005188478269263202,-0.7004631,-1.1760655075635582,0.1559639087379269
back_vas,ONE_THREE_LEFT,51.5,49.0,54.0,65,22,26,27,-0.3031985698500722,0.014083469383114272,-0.62436956,-1.030111346326342,0.16791320315040037
back_vas,ONE_THREE_LEFT,52.5,50.0,55.0,65,22,26,27,-0.265740980345081,0.03239251017215142,-0.51207817,-0.8418123232560513,0.23069646435794755
back_vas,ONE_THREE_LEFT,53.5,51.0,56.0,65,22,26,27,-0.3411508474933733,0.005418541001169126,-0.6461991,-1.0495542595643848,0.12038705671162861
back_vas,ONE_THREE_LEFT,54.5,52.0,57.0,65,22,26,27,-0.3448489452671992,0.004905625172957082,-0.65328264,-1.0409331608602097,0.1034848851366848
back_vas,ONE_THREE_LEFT,55.5,53.0,58.0,65,22,26,27,-0.322162637520456,0.008867027379108845,-0.58573574,-0.9337886998918628,0.12014041819349462
back_vas,ONE_THREE_LEFT,56.5,54.0,59.0,65,22,26,27,-0.3652448991907354,0.002774654128593322,-0.65413773,-1.0844558242751585,0.11245790673736897
back_vas,ONE_THREE_LEFT,57.5,55.0,60.0,65,22,26,27,-0.38540617360445495,0.0015223073180244554,-0.67226726,-1.1430806040373742,0.11796268062198541
back_vas,ONE_THREE_LEFT,58.5,56.0,61.0,65,22,26,27,-0.3488061147374046,0.004404696203120622,-0.6198604,-1.0805171668472793,0.1696170265055802
back_vas,ONE_THREE_LEFT,59.5,57.0,62.0,65,22,26,27,-0.32693181498964247,0.007857305736696884,-0.59347194,-1.0590551616620218,0.18718635856160282
back_vas,ONE_THREE_LEFT,60.5,58.0,63.0,65,22,26,27,-0.30156116483219736,0.014638015851110953,-0.52030927,-0.813827386354098,0.22212044493848504
back_vas,ONE_THREE_LEFT,61.5,59.0,64.0,65,22,26,27,-0.26741219180586157,0.03127947223271185,-0.4999773,-0.8378497973004521,0.24734129444821673
back_vas,ONE_THREE_LEFT,62.5,60.0,65.0,65,22,26,27,-0.2105398600397046,0.0922942331003103,-0.41144216,-0.7125214657571107,0.3407659941687262
back_vas,ONE_THREE_LEFT,63.5,61.0,66.0,65,22,26,27,-0.18206602335683075,0.14662819793684018,-0.30567375,-0.5397356736872887,0.49127355086168556
back_vas,ONE_THREE_LEFT,64.5,62.0,67.0,65,22,26,27,-0.1930996150827077,0.12327878812805286,-0.31712282,-0.5494049469632285,0.460237640117545
back_vas,ONE_THREE_LEFT,65.5,63.0,68.0,65,22,26,27,-0.1968514079324818,0.11602150053039263,-0.34474802,-0.6503626711806615,0.4311818062879328
back_vas,ONE_THREE_LEFT,66.5,64.0,69.0,65,22,26,27,-0.18834198693573456,0.13297301175900125,-0.30326942,-0.5977412140933427,0.5128541118841615
back_vas,ONE_THREE_LEFT,67.5,65.0,70.0,65,22,26,27,-0.1706844757947217,0.17401970258988633,-0.27048853,-0.525619337894453,0.5302113024726335
back_vas,ONE_THREE_LEFT,68.5,66.0,71.0,65,22,26,27,-0.16270233042201598,0.1953395417617167,-0.30239758,-0.6274622114571344,0.4791600278279019
back_vas,ONE_THREE_LEFT,69.5,67.0,72.0,65,22,26,27,-0.0850195770647967,0.5007115719126878,-0.12770548,-0.2752402768258553,0.7608021645231784
back_vas,ONE_THREE_LEFT,70.5,68.0,73.0,65,22,26,27,-0.14768279748177776,0.2403930979967158,-0.2413117,-0.4854254562834026,0.5641085742134212
back_vas,ONE_THREE_LEFT,71.5,69.0,74.0,65,22,26,27,-0.17993342496903392,0.15149880982303998,-0.33868593,-0.6806528727415799,0.4042574839118096
back_vas,ONE_THREE_LEFT,72.5,70.0,75.0,65,22,26,27,-0.16077036256324495,0.20076929238111502,-0.24066621,-0.4727162659959093,0.5467732796525868
back_vas,ONE_THREE_LEFT,73.5,71.0,76.0,65,22,26,27,-0.17543125187037167,0.16217454595533,-0.29843086,-0.5666299127189819,0.4447618444937361
back_vas,ONE_THREE_LEFT,74.5,72.0,77.0,65,22,26,27,-0.15105908259007025,0.2296916230199359,-0.24949643,-0.4682517931935878,0.5038008205035034
back_vas,ONE_THREE_LEFT,75.5,73.0,78.0,65,22,26,27,-0.12080175844946593,0.33778358953254145,-0.24907438,-0.48791210441178423,0.532375936334071
back_vas,ONE_THREE_LEFT,76.5,74.0,79.0,65,22,26,27,-0.08622843878377687,0.4946191150859263,-0.20278364,-0.43437625747663045,0.5990983774882974
back_vas,ONE_THREE_LEFT,77.5,75.0,80.0,65,22,26,27,-0.04500058099058897,0.7218802037218015,-0.13264635,-0.27932472844489065,0.7352083015194529
back_vas,ONE_THREE_LEFT,78.5,76.0,81.0,65,22,26,27,0.043096822448011045,0.7331981948012384,0.06403307,0.13008290912565917,0.8686941149228903
back_vas,ONE_THREE_LEFT,79.5,77.0,82.0,65,22,26,27,-0.049335077813621286,0.696335250553165,-0.16576986,-0.3018514443107755,0.6232983698134817
back_vas,ONE_THREE_LEFT,80.5,78.0,83.0,65,22,26,27,-0.06248019833451073,0.6209947774371835,-0.14633504,-0.24366249282212937,0.6348578607397
back_vas,ONE_THREE_LEFT,81.5,79.0,84.0,65,22,26,27,-0.10330882029238199,0.41282302590861225,-0.25545093,-0.3758765256202514,0.4016271569729173
back_vas,ONE_THREE_LEFT,82.5,80.0,85.0,65,22,26,27,-0.1390929365801077,0.2691482650179076,-0.3520264,-0.5508993539670701,0.24204510558296433
back_vas,ONE_THREE_LEFT,83.5,81.0,86.0,65,22,26,27,-0.18455094064279687,0.14110150848125488,-0.4208677,-0.7083433861341393,0.19083890006164705
back_vas,ONE_THREE_LEFT,84.5,82.0,87.0,65,22,26,27,-0.1402349624546567,0.26519793257927077,-0.3190836,-0.46330630136678325,0.22010187503223944
back_vas,ONE_THREE_LEFT,85.5,83.0,88.0,65,22,26,27,-0.13743432642314654,0.27495535972105983,-0.31826186,-0.5118718155226416,0.20152990539854998
back_vas,ONE_THREE_LEFT,86.5,84.0,89.0,65,22,26,27,-0.11848447545669989,0.34720000867243056,-0.23107474,-0.3854923715296791,0.3715873392796837
back_vas,ONE_THREE_LEFT,87.5,85.0,90.0,65,22,26,27,-0.08982202952034103,0.4767389111785511,-0.11185971,-0.1938417060313683,0.679569088947677
back_vas,ONE_THREE_LEFT,88.5,86.0,91.0,65,22,26,27,-0.030653670834716797,0.8084706550125574,-0.01731364,-0.03474454917023119,0.9544957712629197
back_vas,ONE_THREE_LEFT,89.5,87.0,92.0,65,22,26,27,-0.01577146778754637,0.900765680754213,0.03017673,0.06826698695542546,0.9253688328999006
back_vas,ONE_THREE_LEFT,90.5,88.0,93.0,65,22,26,27,0.057558471953549184,0.6488034941888821,0.2409759,0.5951924933230679,0.5142628705774289
back_vas,ONE_THREE_LEFT,91.5,89.0,94.0,65,22,26,27,0.019471653249110005,0.8776459965975298,0.16199006,0.3976396377165815,0.6520911740170723
back_vas,ONE_THREE_LEFT,92.5,90.0,95.0,65,22,26,27,-0.004595651707239872,0.9710171639187739,0.1437351,0.3635779282580045,0.7026461313070882
back_vas,ONE_THREE_LEFT,93.5,91.0,96.0,65,22,26,27,-0.05622426307061972,0.6564272224803489,0.13729319,0.3450165058375855,0.7265250977331128
back_vas,ONE_THREE_LEFT,94.5,92.0,97.0,65,22,26,27,-0.07996348516634656,0.5266080087848871,0.0967465,0.24003160982470534,0.7972524240388769
back_vas,ONE_THREE_LEFT,95.5,93.0,98.0,65,22,26,27,-0.059465135731527834,0.6379709427507911,0.04862481,0.11530823872161147,0.8960657030407846
back_vas,ONE_THREE_LEFT,96.5,94.0,99.0,65,22,26,27,0.061077642434614124,0.6288680214466995,0.41512215,1.013964891902109,0.2632371821045326
back_vas,ONE_THREE_LEFT,97.5,95.0,100.0,65,22,26,27,0.06836947130893369,0.5884035968164257,0.32345214,0.8148674837610256,0.40940483128395266
back_vas,ONE_THREE_LEFT,98.5,96.0,101.0,65,22,26,27,0.07078754212647796,0.5752492389242303,0.2899582,0.6792560029944996,0.41713317109403936
back_vas,ONE_THREE_RIGHT,6.5,4.0,9.0,53,18,20,24,-0.345668729215303,0.011238963147272832,-0.79629284,-1.1811715571859003,0.0671218583381654
back_vas,ONE_THREE_RIGHT,7.5,5.0,10.0,53,18,20,24,-0.3472834218683816,0.010839962392253029,-0.73860353,-1.167155238643158,0.11521833900151869
back_vas,ONE_THREE_RIGHT,8.5,6.0,11.0,53,18,20,24,-0.34194048938949695,0.012208852521585305,-0.623383,-1.0569698425400655,0.19562672083009125
back_vas,ONE_THREE_RIGHT,9.5,7.0,12.0,53,18,20,24,-0.21750944709193518,0.11769304638865784,-0.28711623,-0.4914522747014723,0.49477657381036433
back_vas,ONE_THREE_RIGHT,10.5,8.0,13.0,53,18,20,24,-0.18738910016625218,0.17907118646596087,-0.17368396,-0.2845936697302894,0.6671536181593771
back_vas,ONE_THREE_RIGHT,11.5,9.0,14.0,53,18,20,24,-0.1114030848410481,0.4270998817190891,-0.010221919,-0.016304881479450365,0.979453573065529
back_vas,ONE_THREE_RIGHT,12.5,10.0,15.0,53,18,20,24,-0.09146679892574579,0.5148027437848857,0.022068342,0.0322135044059512,0.9566912568968393
back_vas,ONE_THREE_RIGHT,13.5,11.0,16.0,53,18,20,24,-0.06583428243343276,0.6395265173339243,0.04469329,0.06637814164403413,0.9158554708312483
back_vas,ONE_THREE_RIGHT,14.5,12.0,17.0,53,18,20,24,-0.09230750542931083,0.510929979821229,-0.079942234,-0.11650909826411471,0.8434449426879518
back_vas,ONE_THREE_RIGHT,15.5,13.0,18.0,53,18,20,24,-0.0960045147898358,0.49407648538448395,-0.09106747,-0.12937110075634076,0.8248482267259898
back_vas,ONE_THREE_RIGHT,16.5,14.0,19.0,53,18,20,24,-0.05682349878080878,0.6861069734804314,-0.029700816,-0.041614261333596574,0.9432609922023724
back_vas,ONE_THREE_RIGHT,17.5,15.0,20.0,53,18,20,24,0.008523535087202161,0.951698732514695,0.13024712,0.20261656375265508,0.7643278005651187
back_vas,ONE_THREE_RIGHT,18.5,16.0,21.0,53,18,20,24,0.06633800597586265,0.6369607525273847,0.20915356,0.3365809003919601,0.6119454342510424
back_vas,ONE_THREE_RIGHT,19.5,17.0,22.0,53,18,20,24,0.07405152831589917,0.5982125751507201,0.25807706,0.394666980578621,0.5393099820268221
back_vas,ONE_THREE_RIGHT,20.5,18.0,23.0,53,18,20,24,0.11902912322807678,0.3959336655004831,0.29886577,0.49694421184537974,0.4396426753947126
back_vas,ONE_THREE_RIGHT,21.5,19.0,24.0,53,18,20,24,0.11286632833738247,0.42101472410967794,0.25310043,0.4156328496045586,0.5205204940728927
back_vas,ONE_THREE_RIGHT,22.5,20.0,25.0,53,18,20,24,0.055641073476091374,0.6923109570352854,0.12204512,0.19084868940585129,0.7649784192634013
back_vas,ONE_THREE_RIGHT,23.5,21.0,26.0,53,18,20,24,-0.0015608737361998029,0.9911497503102812,-0.026349638,-0.039726293258956095,0.9503541294449005
back_vas,ONE_THREE_RIGHT,24.5,22.0,27.0,53,18,20,24,-0.016103431014040995,0.9088837633238378,-0.084766135,-0.13671677038367658,0.8431791818095697
back_vas,ONE_THREE_RIGHT,25.5,23.0,28.0,53,18,20,24,-0.11370090019936131,0.4175662387727771,-0.24482244,-0.38604087158642925,0.5609496025364509
back_vas,ONE_THREE_RIGHT,26.5,24.0,29.0,53,18,20,24,-0.11959645358692057,0.39366967480460674,-0.1814532,-0.2899459171131448,0.654776953336912
back_vas,ONE_THREE_RIGHT,27.5,25.0,30.0,53,18,20,24,-0.17266324752156142,0.21633057996576194,-0.33087698,-0.5400152924835722,0.4101089550760436
back_vas,ONE_THREE_RIGHT,28.5,26.0,31.0,53,18,20,24,-0.16645762184708687,0.23354918172092598,-0.3185156,-0.47197041937408296,0.41902910055328135
back_vas,ONE_THREE_RIGHT,29.5,27.0,32.0,53,18,20,24,-0.20149351522562217,0.14795218628757545,-0.38608685,-0.5368098566115359,0.27627811170083294
back_vas,ONE_THREE_RIGHT,30.5,28.0,33.0,53,18,20,24,-0.15307523722949512,0.273825178590494,-0.24125096,-0.32021400384070264,0.49187380629571276
back_vas,ONE_THREE_RIGHT,31.5,29.0,34.0,53,18,20,24,-0.237723160663437,0.08651948486894113,-0.45009047,-0.6192093792737591,0.19466186135308328
back_vas,ONE_THREE_RIGHT,32.5,30.0,35.0,53,18,20,24,-0.22715880076392542,0.1018877379759326,-0.43906572,-0.6205662720302316,0.20569708825150468
back_vas,ONE_THREE_RIGHT,33.5,31.0,36.0,53,18,20,24,-0.23865492651741652,0.08525637285301264,-0.42696276,-0.5827238055456416,0.20095272414573273
back_vas,ONE_THREE_RIGHT,34.5,32.0,37.0,53,18,20,24,-0.21632790512606656,0.11974999581459003,-0.3875238,-0.49451107538300226,0.23890564171156448
back_vas,ONE_THREE_RIGHT,35.5,33.0,38.0,53,18,20,24,-0.23035847807202486,0.09702577308631112,-0.46642712,-0.64887972946912,0.120495074988217
back_vas,ONE_THREE_RIGHT,36.5,34.0,39.0,53,18,20,24,-0.1564719313249559,0.26319190368955747,-0.34720626,-0.47606670062299966,0.256654217449963
back_vas,ONE_THREE_RIGHT,37.5,35.0,40.0,53,18,20,24,-0.19266488158973416,0.16692127953060915,-0.4540232,-0.7001940342186176,0.15234074172575848
back_vas,ONE_THREE_RIGHT,38.5,36.0,41.0,53,18,20,24,-0.2265101937976574,0.102895854140824,-0.5281897,-0.8119589888563709,0.09048217807404459
back_vas,ONE_THREE_RIGHT,39.5,37.0,42.0,53,18,20,24,-0.20939651249975091,0.13237107177346283,-0.45625505,-0.6768855479649301,0.13649440822713704
back_vas,ONE_THREE_RIGHT,40.5,38.0,43.0,53,18,20,24,-0.22805527008944737,0.10050695280260559,-0.54187286,-0.853098079139426,0.09136739801772766
back_vas,ONE_THREE_RIGHT,41.5,39.0,44.0,53,18,20,24,-0.2772596800856505,0.044437038797485916,-0.6755219,-1.1789494906535192,0.10084842991299123
back_vas,ONE_THREE_RIGHT,42.5,40.0,45.0,53,18,20,24,-0.26565816097646344,0.05452945567407246,-0.65650064,-1.1947541855344568,0.10880069930653928
back_vas,ONE_THREE_RIGHT,43.5,41.0,46.0,53,18,20,24,-0.23867363061489777,0.0852311662832071,-0.5561087,-0.9081162214877941,0.06275053538515807
back_vas,ONE_THREE_RIGHT,44.5,42.0,47.0,53,18,20,24,-0.31376478643551187,0.0221441964962248,-0.7117641,-1.3702416679939393,0.025803986137187842
back_vas,ONE_THREE_RIGHT,45.5,43.0,48.0,53,18,20,24,-0.27499700601509197,0.0462750694399022,-0.54122955,-0.8166646459356991,0.043408843836484134
back_vas,ONE_THREE_RIGHT,46.5,44.0,49.0,53,18,20,24,-0.23392515232897587,0.09182040033947288,-0.44004834,-0.5764898552040106,0.06761549725680585
back_vas,ONE_THREE_RIGHT,47.5,45.0,50.0,53,18,20,24,-0.2043945695412698,0.1420820388392884,-0.3577835,-0.4391662529313212,0.1623383094666061
back_vas,ONE_THREE_RIGHT,48.5,46.0,51.0,53,18,20,24,-0.2129542757932175,0.12577354851758454,-0.36731213,-0.4281448817670572,0.17897347335043745
back_vas,ONE_THREE_RIGHT,49.5,47.0,52.0,53,18,20,24,-0.22620339744327927,0.10337537429956352,-0.3718237,-0.4174051526495456,0.13719511185364852
back_vas,ONE_THREE_RIGHT,50.5,48.0,53.0,53,18,20,24,-0.21338170467192585,0.12499795702009614,-0.3624801,-0.40744130000522394,0.19309363331843143
back_vas,ONE_THREE_RIGHT,51.5,49.0,54.0,53,18,20,24,-0.25571851545577917,0.06458394354140243,-0.4562952,-0.5426646194337487,0.12072987244906468
back_vas,ONE_THREE_RIGHT,52.5,50.0,55.0,53,18,20,24,-0.28625636731998355,0.03771038294932026,-0.5353005,-0.6620748475302898,0.03230854576711016
back_vas,ONE_THREE_RIGHT,53.5,51.0,56.0,53,18,20,24,-0.3587439555423364,0.008343119849345104,-0.7052545,-0.9442740790891054,0.005543543905197347
back_vas,ONE_THREE_RIGHT,54.5,52.0,57.0,53,18,20,24,-0.31865973988808466,0.020042829068725683,-0.6139179,-0.7211933578679467,0.015708019292986715
back_vas,ONE_THREE_RIGHT,55.5,53.0,58.0,53,18,20,24,-0.28245528720902946,0.0404419907696192,-0.53673285,-0.5949434573645946,0.07305709474196131
back_vas,ONE_THREE_RIGHT,56.5,54.0,59.0,53,18,20,24,-0.2985169641900363,0.02991710897715119,-0.56969,-0.6282384390204603,0.052434007159527625
back_vas,ONE_THREE_RIGHT,57.5,55.0,60.0,53,18,20,24,-0.2957735252404081,0.03153275224600132,-0.51523507,-0.5358392352149147,0.08435875776044724
back_vas,ONE_THREE_RIGHT,58.5,56.0,61.0,53,18,20,24,-0.2329543587435985,0.09321515730566012,-0.39222652,-0.4241390132302363,0.1916319233373499
back_vas,ONE_THREE_RIGHT,59.5,57.0,62.0,53,18,20,24,-0.20127745557559387,0.1483964591719604,-0.3186716,-0.37193030485789363,0.3029898412475629
back_vas,ONE_THREE_RIGHT,60.5,58.0,63.0,53,18,20,24,-0.23572860911778856,0.08927257850006536,-0.44462243,-0.5849469676555211,0.1557001660898205
back_vas,ONE_THREE_RIGHT,61.5,59.0,64.0,53,18,20,24,-0.17908480157361928,0.19946744982520992,-0.31451562,-0.39163784625161485,0.3430631021945322
back_vas,ONE_THREE_RIGHT,62.5,60.0,65.0,53,18,20,24,-0.0821631650280075,0.558625726742505,-0.15565239,-0.21530032736890994,0.6791438770931104
back_vas,ONE_THREE_RIGHT,63.5,61.0,66.0,53,18,20,24,-0.04873902924202503,0.7289138858825922,-0.042197973,-0.059235943739189896,0.9167617043968694
back_vas,ONE_THREE_RIGHT,64.5,62.0,67.0,53,18,20,24,-0.08363949479871124,0.5515560468660978,-0.17567022,-0.2531111642717295,0.6275762043602267
back_vas,ONE_THREE_RIGHT,65.5,63.0,68.0,53,18,20,24,-0.06160573874878065,0.6612277587428306,-0.01958619,-0.028705304535921128,0.9605457160147869
back_vas,ONE_THREE_RIGHT,66.5,64.0,69.0,53,18,20,24,-0.05494170058567066,0.6959899282487981,0.031644776,0.048849062310128005,0.9391963719794589
back_vas,ONE_THREE_RIGHT,67.5,65.0,70.0,53,18,20,24,-0.1528374215258835,0.27458017360253634,-0.14269716,-0.22004712572748988,0.6947905082239966
back_vas,ONE_THREE_RIGHT,68.5,66.0,71.0,53,18,20,24,-0.12798121869037118,0.36110393632611737,-0.16886462,-0.260601358799697,0.6037330227685253
back_vas,ONE_THREE_RIGHT,69.5,67.0,72.0,53,18,20,24,-0.04586598521488901,0.7443343578215137,0.04996695,0.07612867588492801,0.888377819637054
back_vas,ONE_THREE_RIGHT,70.5,68.0,73.0,53,18,20,24,-0.07934624602792306,0.5722323494126044,-0.05522138,-0.09157206689625076,0.8659281653405644
back_vas,ONE_THREE_RIGHT,71.5,69.0,74.0,53,18,20,24,-0.15848637129659607,0.2570181347904366,-0.29724374,-0.5023700601242131,0.31570835035173894
back_vas,ONE_THREE_RIGHT,72.5,70.0,75.0,53,18,20,24,-0.12247480956992518,0.38230098356204,-0.20746027,-0.3415144506834905,0.5323998118817694
back_vas,ONE_THREE_RIGHT,73.5,71.0,76.0,53,18,20,24,-0.13433154370273054,0.3375664327479477,-0.20864253,-0.31363656495186343,0.5547614463930258
back_vas,ONE_THREE_RIGHT,74.5,72.0,77.0,53,18,20,24,-0.24379440729007354,0.07854716538860787,-0.42905626,-0.8207178124098814,0.275999504850576
back_vas,ONE_THREE_RIGHT,75.5,73.0,78.0,53,18,20,24,-0.2550174608166767,0.0653456923099261,-0.4115684,-0.7640347998757802,0.20221440376535393
back_vas,ONE_THREE_RIGHT,76.5,74.0,79.0,53,18,20,24,-0.14208270751463595,0.31016636884436305,-0.16610667,-0.24836668751792476,0.5332842798045727
back_vas,ONE_THREE_RIGHT,77.5,75.0,80.0,53,18,20,24,-0.1622105483923191,0.24586302197189566,-0.22769463,-0.34373336678695954,0.35024357793721583
back_vas,ONE_THREE_RIGHT,78.5,76.0,81.0,53,18,20,24,-0.1186671171160416,0.3973822672881297,-0.07802521,-0.13638748542260865,0.7890099866761536
back_vas,ONE_THREE_RIGHT,79.5,77.0,82.0,53,18,20,24,-0.02005326998185311,0.8866668315640817,0.11342289,0.1868933716217444,0.7558529276100037
back_vas,ONE_THREE_RIGHT,80.5,78.0,83.0,53,18,20,24,0.03295198241373834,0.8148007740287575,0.14075065,0.2249223514846071,0.7575698359075969
back_vas,ONE_THREE_RIGHT,81.5,79.0,84.0,53,18,20,24,0.03837248497202438,0.7850107647968714,0.17976195,0.31439398688586073,0.6718697619283613
back_vas,ONE_THREE_RIGHT,82.5,80.0,85.0,53,18,20,24,0.08621630498530945,0.5393197046422648,0.28424713,0.6119235379109922,0.533635920196018
back_vas,ONE_THREE_RIGHT,83.5,81.0,86.0,53,18,20,24,0.02976086117379298,0.8324637631809589,0.14065853,0.2629019921659678,0.7236189717461384
back_vas,ONE_THREE_RIGHT,84.5,82.0,87.0,53,18,20,24,0.00037906826998268577,0.997850619448242,0.07132083,0.1538051313802218,0.8557685439665568
back_vas,ONE_THREE_RIGHT,85.5,83.0,88.0,53,18,20,24,-0.11026475202984397,0.4318680288194559,-0.02478588,-0.05399779735419969,0.9456339462558562
back_vas,ONE_THREE_RIGHT,86.5,84.0,89.0,53,18,20,24,-0.10372555732873756,0.45983154603058435,-0.026157595,-0.055861039096931124,0.9513698493017244
back_vas,ONE_THREE_RIGHT,87.5,85.0,90.0,53,18,20,24,-0.12238890586667053,0.38263742439557485,-0.0076911245,-0.014731112713171237,0.9860646983855597
back_vas,ONE_THREE_RIGHT,88.5,86.0,91.0,53,18,20,24,-0.18608110454430282,0.18217972512817546,-0.19555826,-0.35176658209718087,0.6821269459970456
back_vas,ONE_THREE_RIGHT,89.5,87.0,92.0,53,18,20,24,-0.10173619767552881,0.4685295229871303,0.03228577,0.05468125766318686,0.9449533707250586
back_vas,ONE_THREE_RIGHT,90.5,88.0,93.0,53,18,20,24,-0.08442229485861895,0.5478248534101567,-0.035080016,-0.05779718342529536,0.9353377609333157
back_vas,ONE_THREE_RIGHT,91.5,89.0,94.0,53,18,20,24,-0.1809401894837649,0.19477356943674723,-0.14929071,-0.2744197085255469,0.7155391168092506
back_vas,ONE_THREE_RIGHT,92.5,90.0,95.0,53,18,20,24,-0.21943821888569753,0.11439318775309569,-0.2733797,-0.5028052403055228,0.47080504106456544
back_vas,ONE_THREE_RIGHT,93.5,91.0,96.0,53,18,20,24,-0.12296273224664936,0.38039338080228013,-0.11288784,-0.2181848284280506,0.7503880212812986
back_vas,ONE_THREE_RIGHT,94.5,92.0,97.0,53,18,20,24,-0.26296031563317473,0.0571240653508832,-0.5435872,-1.152824742687223,0.13830024957080925
back_vas,ONE_THREE_RIGHT,95.5,93.0,98.0,53,18,20,24,-0.22741189494793884,0.10149643448708832,-0.39926845,-0.9329789400760595,0.23713898224274255
back_vas,ONE_THREE_RIGHT,96.5,94.0,99.0,53,18,20,24,-0.21700642173617973,0.1185654513745287,-0.3473033,-0.7272645630284819,0.3005199231761928
back_vas,ONE_THREE_RIGHT,97.5,95.0,100.0,53,18,20,24,-0.2488353513249014,0.07237849922658357,-0.375765,-0.8565592034456021,0.3270973891521546
back_vas,ONE_THREE_RIGHT,98.5,96.0,101.0,53,18,20,24,-0.2234378185155479,0.10777609100570146,-0.24624932,-0.5120494754896806,0.4960457980058576
back_vas,ZERO_THREE_LEFT,6.5,4.0,9.0,63,21,23,25,-0.316170853983549,0.011589753422896875,-0.52869934,-0.9627522117900943,0.14956405411062698
back_vas,ZERO_THREE_LEFT,7.5,5.0,10.0,63,21,23,25,-0.19503863001314153,0.12556603359323423,-0.16876037,-0.23010087844283034,0.6435010055044325
back_vas,ZERO_THREE_LEFT,8.5,6.0,11.0,63,21,23,25,-0.11900013437294471,0.3529271805933316,-0.053585954,-0.07408375738829301,0.8926550894319106
back_vas,ZERO_THREE_LEFT,9.5,7.0,12.0,63,21,23,25,-0.04688219341294927,0.7152121787071178,0.13711749,0.18646309039035436,0.756124958028684
back_vas,ZERO_THREE_LEFT,10.5,8.0,13.0,63,21,23,25,0.006585576673630242,0.9591460748014577,0.28896844,0.40422379984786283,0.5545730326693616
back_vas,ZERO_THREE_LEFT,11.5,9.0,14.0,63,21,23,25,0.07462710481668798,0.5610488478675847,0.43229952,0.626872882466606,0.3899117733078946
back_vas,ZERO_THREE_LEFT,12.5,10.0,15.0,63,21,23,25,0.10220117035463692,0.42542625487940244,0.47486472,0.8004344408495832,0.3086746270088536
back_vas,ZERO_THREE_LEFT,13.5,11.0,16.0,63,21,23,25,0.08723752237754101,0.49659410625457967,0.46240163,0.779083924079494,0.30262198196179313
back_vas,ZERO_THREE_LEFT,14.5,12.0,17.0,63,21,23,25,0.09536593654436061,0.4571894073514376,0.5275355,1.014810209167877,0.2555404129997967
back_vas,ZERO_THREE_LEFT,15.5,13.0,18.0,63,21,23,25,0.11809341062045411,0.35663378227078185,0.5705629,1.1266047241754567,0.13936641869781777
back_vas,ZERO_THREE_LEFT,16.5,14.0,19.0,63,21,23,25,0.09274598599133328,0.4696998139639626,0.5063199,0.9699205987892406,0.15565627395435674
back_vas,ZERO_THREE_LEFT,17.5,15.0,20.0,63,21,23,25,0.11047376008988426,0.3887195443464496,0.5342911,0.9361076140363388,0.15205291002938678
back_vas,ZERO_THREE_LEFT,18.5,16.0,21.0,63,21,23,25,0.19592169170543905,0.12382962598272942,0.74038434,1.2649562412284836,0.0362642919196166
back_vas,ZERO_THREE_LEFT,19.5,17.0,22.0,63,21,23,25,0.2781318281945925,0.02730395567585993,0.93869525,1.7520123512818833,0.01259164994664007
back_vas,ZERO_THREE_LEFT,20.5,18.0,23.0,63,21,23,25,0.30893204399453655,0.01375661252419011,0.97895306,1.9381096762761418,0.018760908518611338
back_vas,ZERO_THREE_LEFT,21.5,19.0,24.0,63,21,23,25,0.4127041953587452,0.000775716802386319,1.266023,2.5864461468926767,0.001653380403055719
back_vas,ZERO_THREE_LEFT,22.5,20.0,25.0,63,21,23,25,0.4527823848797663,0.00019454337600653766,1.3167452,2.555936230429229,0.0001629131626282059
back_vas,ZERO_THREE_LEFT,23.5,21.0,26.0,63,21,23,25,0.48669369872352103,5.242228286143382e-05,1.4729065,2.907749794004671,0.0002262647749293028
back_vas,ZERO_THREE_LEFT,24.5,22.0,27.0,63,21,23,25,0.492842295070145,4.070978576311671e-05,1.4072654,2.908486940891312,0.000952770812045866
back_vas,ZERO_THREE_LEFT,25.5,23.0,28.0,63,21,23,25,0.40553518839144154,0.0009762430989904767,1.1439697,2.114602792656909,0.007403744817579186
back_vas,ZERO_THREE_LEFT,26.5,24.0,29.0,63,21,23,25,0.3589516026506497,0.0038648336933702746,1.049526,2.2676697524631413,0.012076118400257588
back_vas,ZERO_THREE_LEFT,27.5,25.0,30.0,63,21,23,25,0.3043116088233686,0.0153149944339084,0.9707771,2.562528254230228,0.02250017328137765
back_vas,ZERO_THREE_LEFT,28.5,26.0,31.0,63,21,23,25,0.284433884476855,0.023864609194766823,0.8012098,2.084210358637953,0.011649735319133348
back_vas,ZERO_THREE_LEFT,29.5,27.0,32.0,63,21,23,25,0.2247543350345253,0.07657021257805742,0.6115666,1.5186584950570343,0.020393373704667723
back_vas,ZERO_THREE_LEFT,30.5,28.0,33.0,63,21,23,25,0.1876323673081113,0.1408651996634074,0.54130054,1.269369382288685,0.029887212264119452
back_vas,ZERO_THREE_LEFT,31.5,29.0,34.0,63,21,23,25,0.09306437621075346,0.46816970494035304,0.27983862,0.6575357615913497,0.3102163985374612
back_vas,ZERO_THREE_LEFT,32.5,30.0,35.0,63,21,23,25,0.012478936576045867,0.9226717666323442,0.13155748,0.32108421335052706,0.6347873458156397
back_vas,ZERO_THREE_LEFT,33.5,31.0,36.0,63,21,23,25,-0.13225148314114143,0.3014915213360514,-0.14338733,-0.3574464481136495,0.6576184272689429
back_vas,ZERO_THREE_LEFT,34.5,32.0,37.0,63,21,23,25,-0.1558794322413976,0.2224829411103963,-0.17033273,-0.41617762804037933,0.573067329714607
back_vas,ZERO_THREE_LEFT,35.5,33.0,38.0,63,21,23,25,-0.12425960782231517,0.3318984383885217,-0.18732129,-0.45338191345052625,0.5490943532626127
back_vas,ZERO_THREE_LEFT,36.5,34.0,39.0,63,21,23,25,-0.09293373133460793,0.4687972278068163,-0.12931542,-0.32589532436744567,0.710815123873016
back_vas,ZERO_THREE_LEFT,37.5,35.0,40.0,63,21,23,25,0.03765068479777752,0.7695507315033517,0.14858414,0.29729234734039905,0.6224503201655873
back_vas,ZERO_THREE_LEFT,38.5,36.0,41.0,63,21,23,25,0.09168444773853351,0.47482073729685775,0.21480606,0.41363072111218224,0.4433489920535235
back_vas,ZERO_THREE_LEFT,39.5,37.0,42.0,63,21,23,25,0.06669682769708517,0.6035044400928885,0.13639748,0.27831616067292797,0.6899479240004656
back_vas,ZERO_THREE_LEFT,40.5,38.0,43.0,63,21,23,25,0.03729013462145069,0.771697524126377,0.14807379,0.34183104566366224,0.6675857546288532
back_vas,ZERO_THREE_LEFT,41.5,39.0,44.0,63,21,23,25,0.015989878915443883,0.901012701702503,-0.011779665,-0.025468260069119814,0.9749741464927766
back_vas,ZERO_THREE_LEFT,42.5,40.0,45.0,63,21,23,25,-0.12487709845805571,0.32948245219603506,-0.31134424,-0.7180748467868461,0.4552772693200988
back_vas,ZERO_THREE_LEFT,43.5,41.0,46.0,63,21,23,25,-0.17038479282102917,0.18184629053340404,-0.46758068,-0.9880496203509573,0.33766570362812587
back_vas,ZERO_THREE_LEFT,44.5,42.0,47.0,63,21,23,25,-0.22160089713446415,0.0809059573802621,-0.5777452,-1.2093141301488233,0.25651948517716605
back_vas,ZERO_THREE_LEFT,45.5,43.0,48.0,63,21,23,25,-0.2304473470362192,0.06921214116361916,-0.6443648,-1.3005956076509366,0.31269586048392684
back_vas,ZERO_THREE_LEFT,46.5,44.0,49.0,63,21,23,25,-0.2595224878145699,0.03997722731337281,-0.6417256,-1.2722512608930796,0.20866386799997338
back_vas,ZERO_THREE_LEFT,47.5,45.0,50.0,63,21,23,25,-0.27240216162367165,0.030783953703439604,-0.7279977,-1.563572749844326,0.19715464027231344
back_vas,ZERO_THREE_LEFT,48.5,46.0,51.0,63,21,23,25,-0.31079458325320586,0.013168170678867736,-0.7632667,-1.5663979016947733,0.10565202023491121
back_vas,ZERO_THREE_LEFT,49.5,47.0,52.0,63,21,23,25,-0.3064529881734368,0.014574860669680018,-0.7336562,-1.588023505854529,0.09544060602302662
back_vas,ZERO_THREE_LEFT,50.5,48.0,53.0,63,21,23,25,-0.3438225636423383,0.005797561085853455,-0.80137,-1.7734876905104793,0.05920614857348004
back_vas,ZERO_THREE_LEFT,51.5,49.0,54.0,63,21,23,25,-0.3839092589834747,0.0018955411364652269,-0.9290817,-2.142602424920984,0.047630016386356715
back_vas,ZERO_THREE_LEFT,52.5,50.0,55.0,63,21,23,25,-0.42440903122547546,0.0005270583498298242,-0.9766847,-2.423486357117042,0.033109276845735836
back_vas,ZERO_THREE_LEFT,53.5,51.0,56.0,63,21,23,25,-0.4307090336728914,0.00042558405777833416,-0.96685714,-2.4147928489124837,0.03491436642028541
back_vas,ZERO_THREE_LEFT,54.5,52.0,57.0,63,21,23,25,-0.41913915245912325,0.0006283129228835992,-1.053258,-2.6065403009808223,0.0728548793929075
back_vas,ZERO_THREE_LEFT,55.5,53.0,58.0,63,21,23,25,-0.406231235462797,0.0009549032341589996,-0.9399235,-2.122824284924932,0.07944693364751892
back_vas,ZERO_THREE_LEFT,56.5,54.0,59.0,63,21,23,25,-0.41721385920256354,0.0006694999683962546,-1.0128621,-2.280045278841998,0.0777586642768951
back_vas,ZERO_THREE_LEFT,57.5,55.0,60.0,63,21,23,25,-0.38162578201021075,0.0020279199109676117,-0.9900414,-2.2441444032303837,0.09720103982608366
back_vas,ZERO_THREE_LEFT,58.5,56.0,61.0,63,21,23,25,-0.36242236731305183,0.003511830225706053,-0.94009894,-2.338847527193847,0.10337156269154078
back_vas,ZERO_THREE_LEFT,59.5,57.0,62.0,63,21,23,25,-0.34277163592887366,0.005958947393610901,-0.9559961,-2.548182351823312,0.05504794508232842
back_vas,ZERO_THREE_LEFT,60.5,58.0,63.0,63,21,23,25,-0.33411021817225334,0.007446394582498542,-1.0157744,-3.0421637052824675,0.026536994907484044
back_vas,ZERO_THREE_LEFT,61.5,59.0,64.0,63,21,23,25,-0.25543202538262044,0.043333427820486894,-0.69105107,-2.356983420864528,0.13145715873106498
back_vas,ZERO_THREE_LEFT,62.5,60.0,65.0,63,21,23,25,-0.26611294382414,0.03502374812016563,-0.60238737,-1.8749912808318485,0.13707538669873062
back_vas,ZERO_THREE_LEFT,63.5,61.0,66.0,63,21,23,25,-0.2571990031219441,0.04185620303015931,-0.59856874,-1.5463348295153903,0.1530072400180529
back_vas,ZERO_THREE_LEFT,64.5,62.0,67.0,63,21,23,25,-0.2632883003164162,0.037080353381396015,-0.6485837,-1.7989810580271182,0.13145450116726395
back_vas,ZERO_THREE_LEFT,65.5,63.0,68.0,63,21,23,25,-0.23349629455864554,0.0655108987608641,-0.5273288,-1.3634160266732105,0.22101965453549244
back_vas,ZERO_THREE_LEFT,66.5,64.0,69.0,63,21,23,25,-0.3065776469822514,0.01453273819325003,-0.74496865,-1.8143962388604675,0.12830001373129807
back_vas,ZERO_THREE_LEFT,67.5,65.0,70.0,63,21,23,25,-0.32985286758256405,0.008289832442007589,-0.8389929,-2.0320279296488333,0.11906012481093939
back_vas,ZERO_THREE_LEFT,68.5,66.0,71.0,63,21,23,25,-0.35857369948090556,0.0039051052216155916,-0.8162883,-2.2054488171651423,0.1091233744170627
back_vas,ZERO_THREE_LEFT,69.5,67.0,72.0,63,21,23,25,-0.3189675907705655,0.010835404590556718,-0.6379755,-1.5373674830405146,0.1342209551348239
back_vas,ZERO_THREE_LEFT,70.5,68.0,73.0,63,21,23,25,-0.3738718653206567,0.0025413564688945636,-0.9965578,-2.229836323956085,0.01593560269732815
back_vas,ZERO_THREE_LEFT,71.5,69.0,74.0,63,21,23,25,-0.4102591820890718,0.0008394737039100278,-1.0617545,-2.6145482153750383,0.013628043470803004
back_vas,ZERO_THREE_LEFT,72.5,70.0,75.0,63,21,23,25,-0.3432145179124127,0.005890460971763131,-0.89717734,-2.363089695098265,0.02242626008923127
back_vas,ZERO_THREE_LEFT,73.5,71.0,76.0,63,21,23,25,-0.3009802595542388,0.01653050616043971,-0.9384001,-2.6821805957644247,0.04937227280014327
back_vas,ZERO_THREE_LEFT,74.5,72.0,77.0,63,21,23,25,-0.28556774462910806,0.02328644031012942,-0.8807556,-2.6248808982730116,0.06634643589447312
back_vas,ZERO_THREE_LEFT,75.5,73.0,78.0,63,21,23,25,-0.19496732730684674,0.12570704277399405,-0.4756869,-1.2588164442554222,0.24639412981133635
back_vas,ZERO_THREE_LEFT,76.5,74.0,79.0,63,21,23,25,-0.17982170531542135,0.15847059145637285,-0.48000276,-1.2975724400331474,0.3214647436295709
back_vas,ZERO_THREE_LEFT,77.5,75.0,80.0,63,21,23,25,-0.21177696234567941,0.0956685880396806,-0.4827636,-1.060258450582273,0.31699457978814505
back_vas,ZERO_THREE_LEFT,78.5,76.0,81.0,63,21,23,25,-0.29053268883437544,0.02089239443367166,-0.6680385,-1.7540463490658522,0.18127022581324637
back_vas,ZERO_THREE_LEFT,79.5,77.0,82.0,63,21,23,25,-0.30800155330746787,0.014058974183131883,-0.61737037,-1.3838086963186909,0.18109634713208955
back_vas,ZERO_THREE_LEFT,80.5,78.0,83.0,63,21,23,25,-0.3215490998058766,0.010177253965770025,-0.7002168,-1.447159273764617,0.11240690969149766
back_vas,ZERO_THREE_LEFT,81.5,79.0,84.0,63,21,23,25,-0.37464551520555367,0.002485375077339713,-0.76989865,-1.655930292641725,0.04737503750177107
back_vas,ZERO_THREE_LEFT,82.5,80.0,85.0,63,21,23,25,-0.40299701829406814,0.001057756701278282,-0.92674726,-2.1962586482807653,0.05791353467567806
back_vas,ZERO_THREE_LEFT,83.5,81.0,86.0,63,21,23,25,-0.41812102098129417,0.0006497978876926073,-0.94520426,-2.1824975940428955,0.052649667975135137
back_vas,ZERO_THREE_LEFT,84.5,82.0,87.0,63,21,23,25,-0.43426244837412736,0.0003765327109458178,-1.0334121,-2.30760111846981,0.02809175112678927
back_vas,ZERO_THREE_LEFT,85.5,83.0,88.0,63,21,23,25,-0.3366433253111161,0.006981004537415093,-0.75483483,-1.644925251294818,0.13515626712911163
back_vas,ZERO_THREE_LEFT,86.5,84.0,89.0,63,21,23,25,-0.19166858622107058,0.1323630795342634,-0.42128617,-0.9410492509984414,0.3084911422468607
back_vas,ZERO_THREE_LEFT,87.5,85.0,90.0,63,21,23,25,-0.10044337277194403,0.43347235598763845,-0.17112245,-0.35680901513070384,0.6043438536374632
back_vas,ZERO_THREE_LEFT,88.5,86.0,91.0,63,21,23,25,-0.12256687991288964,0.3385784629154662,-0.19546069,-0.4461608989423395,0.5806528937105062
back_vas,ZERO_THREE_LEFT,89.5,87.0,92.0,63,21,23,25,-0.08398836543701967,0.5128248794658001,-0.021484844,-0.04943681212815503,0.9491763280942012
back_vas,ZERO_THREE_LEFT,90.5,88.0,93.0,63,21,23,25,-0.15065968196864976,0.2385496905210094,-0.14830604,-0.34792637655637987,0.6797846247607421
back_vas,ZERO_THREE_LEFT,91.5,89.0,94.0,63,21,23,25,-0.23770263289011348,0.06066763816587088,-0.32458332,-0.6899592148266234,0.40938954531498983
back_vas,ZERO_THREE_LEFT,92.5,90.0,95.0,63,21,23,25,-0.353928929594075,0.004431303103695553,-0.63988256,-1.5953585023314805,0.11011198787267934
back_vas,ZERO_THREE_LEFT,93.5,91.0,96.0,63,21,23,25,-0.2798275155401523,0.026339876762952835,-0.54764855,-1.263273642676248,0.24110081647072878
back_vas,ZERO_THREE_LEFT,94.5,92.0,97.0,63,21,23,25,-0.3105070359712097,0.013257575284448651,-0.69395006,-1.583430286021402,0.16287328679614188
back_vas,ZERO_THREE_LEFT,95.5,93.0,98.0,63,21,23,25,-0.21842944185556198,0.08546025186062813,-0.46138576,-1.0191019307173186,0.26245530591850597
back_vas,ZERO_THREE_LEFT,96.5,94.0,99.0,63,21,23,25,-0.146131022587023,0.2531217157970366,-0.41175547,-0.8781720889237169,0.3402041329184621
back_vas,ZERO_THREE_LEFT,97.5,95.0,100.0,63,21,23,25,-0.10701734757838612,0.4038216619999154,-0.31651798,-0.7250975437120629,0.4306068586986921
back_vas,ZERO_THREE_LEFT,98.5,96.0,101.0,63,21,23,25,-0.06344282171529382,0.6213230577075127,-0.20987763,-0.5029037781072069,0.5760594617869277
back_vas,ZERO_THREE_RIGHT,6.5,4.0,9.0,94,33,31,34,0.07197999283621298,0.49055303431048053,-0.004318637,-0.005465954354609143,0.9883581134308093
back_vas,ZERO_THREE_RIGHT,7.5,5.0,10.0,94,33,31,34,0.07338893564418605,0.482080288488092,0.015226522,0.020093803890402606,0.9583597435435155
back_vas,ZERO_THREE_RIGHT,8.5,6.0,11.0,94,33,31,34,0.11807559779108019,0.2570302043314843,0.15928097,0.21673705286811037,0.5700074789049692
back_vas,ZERO_THREE_RIGHT,9.5,7.0,12.0,94,33,31,34,0.14754608515553438,0.15585461331782094,0.27397335,0.3920611642360797,0.3256873680852884
back_vas,ZERO_THREE_RIGHT,10.5,8.0,13.0,94,33,31,34,0.14542453763485994,0.1619554701217535,0.2583339,0.4004583502991764,0.35960770299935874
back_vas,ZERO_THREE_RIGHT,11.5,9.0,14.0,94,33,31,34,0.1816702435906316,0.07970414344756403,0.3973227,0.6516855389997385,0.16583333026289582
back_vas,ZERO_THREE_RIGHT,12.5,10.0,15.0,94,33,31,34,0.19058255016899572,0.06577610355665016,0.43857065,0.7128907477677247,0.1423841985553627
back_vas,ZERO_THREE_RIGHT,13.5,11.0,16.0,94,33,31,34,0.16890418153949022,0.10365403379757374,0.35456175,0.6037016578366711,0.23535338881270573
back_vas,ZERO_THREE_RIGHT,14.5,12.0,17.0,94,33,31,34,0.15606939185964797,0.13306507166103904,0.2964689,0.5348734072609307,0.3107596814235073
back_vas,ZERO_THREE_RIGHT,15.5,13.0,18.0,94,33,31,34,0.16161496572141956,0.11966070968072814,0.3094291,0.5668033066726395,0.2914149983764832
back_vas,ZERO_THREE_RIGHT,16.5,14.0,19.0,94,33,31,34,0.16348241652839768,0.11538908198565315,0.2651013,0.5028099521472574,0.3617840485448427
back_vas,ZERO_THREE_RIGHT,17.5,15.0,20.0,94,33,31,34,0.15201208061533006,0.14357500553596936,0.2239715,0.4473496163398287,0.45536051151599777
back_vas,ZERO_THREE_RIGHT,18.5,16.0,21.0,94,33,31,34,0.1623243014328885,0.11802404061897179,0.2465505,0.4910553945492895,0.40781519520056997
back_vas,ZERO_THREE_RIGHT,19.5,17.0,22.0,94,33,31,34,0.13395943330651125,0.1980184477150459,0.17936806,0.34178098183807026,0.5562614350323392
back_vas,ZERO_THREE_RIGHT,20.5,18.0,23.0,94,33,31,34,0.09276081857748865,0.37387650607704226,0.09773419,0.1790855816555439,0.7446185656870632
back_vas,ZERO_THREE_RIGHT,21.5,19.0,24.0,94,33,31,34,0.06811033648580524,0.514222629687692,0.03558099,0.0639927489393898,0.9057417069904247
back_vas,ZERO_THREE_RIGHT,22.5,20.0,25.0,94,33,31,34,0.08991281164105193,0.38878623234843357,0.08747215,0.1596228935769482,0.7662297084863212
back_vas,ZERO_THREE_RIGHT,23.5,21.0,26.0,94,33,31,34,0.08591166869470847,0.41032405165294533,0.07794584,0.13860719806583213,0.7922590838384205
back_vas,ZERO_THREE_RIGHT,24.5,22.0,27.0,94,33,31,34,0.10182476118493795,0.3287871373609321,0.110821016,0.21665725949937542,0.7228557742488535
back_vas,ZERO_THREE_RIGHT,25.5,23.0,28.0,94,33,31,34,0.1329082772354886,0.2015930487840076,0.15796566,0.3086748410706487,0.6365617867342757
back_vas,ZERO_THREE_RIGHT,26.5,24.0,29.0,94,33,31,34,0.15894827531929137,0.1259704338474808,0.2072892,0.409291782158426,0.5315731453223218
back_vas,ZERO_THREE_RIGHT,27.5,25.0,30.0,94,33,31,34,0.12260599634403735,0.239094960946481,0.113452345,0.2314893876122584,0.7206868682341308
back_vas,ZERO_THREE_RIGHT,28.5,26.0,31.0,94,33,31,34,0.1087432117517441,0.296811398706702,0.08706936,0.17939364536661812,0.7744243233469741
back_vas,ZERO_THREE_RIGHT,29.5,27.0,32.0,94,33,31,34,0.0782514836290336,0.453449969819997,0.0025196488,0.0052041130734025165,0.9931896112410307
back_vas,ZERO_THREE_RIGHT,30.5,28.0,33.0,94,33,31,34,0.05800728443653926,0.5786590215805425,-0.029663708,-0.05776623459383953,0.9139522270255458
back_vas,ZERO_THREE_RIGHT,31.5,29.0,34.0,94,33,31,34,0.0289707363905402,0.7816405855235733,-0.102807336,-0.207890682882192,0.7263043449247548
back_vas,ZERO_THREE_RIGHT,32.5,30.0,35.0,94,33,31,34,-0.004002155667959449,0.9694617958697027,-0.23942967,-0.4710967643677773,0.3996811087165262
back_vas,ZERO_THREE_RIGHT,33.5,31.0,36.0,94,33,31,34,0.017547947492722156,0.8666854019252984,-0.21969336,-0.44892212405903276,0.44126739478613275
back_vas,ZERO_THREE_RIGHT,34.5,32.0,37.0,94,33,31,34,0.04022457809145973,0.7002896204232764,-0.19503744,-0.4226744928554992,0.4914734422382032
back_vas,ZERO_THREE_RIGHT,35.5,33.0,38.0,94,33,31,34,0.0891319667954069,0.3929354159764414,-0.062748566,-0.13458390920906044,0.8175991465994541
back_vas,ZERO_THREE_RIGHT,36.5,34.0,39.0,94,33,31,34,0.0568060379452156,0.5865616703955362,-0.11928839,-0.2522130953982828,0.6473796681893459
back_vas,ZERO_THREE_RIGHT,37.5,35.0,40.0,94,33,31,34,0.10903002663924038,0.2955315447803668,0.071854636,0.15031092439945476,0.7995347969045078
back_vas,ZERO_THREE_RIGHT,38.5,36.0,41.0,94,33,31,34,0.09374731536054659,0.3687943094038542,0.015568228,0.031132425735852898,0.95670386938685
back_vas,ZERO_THREE_RIGHT,39.5,37.0,42.0,94,33,31,34,0.10020249066018794,0.33659150748921407,0.057920717,0.1169424610726868,0.8453752621619804
back_vas,ZERO_THREE_RIGHT,40.5,38.0,43.0,94,33,31,34,0.07695902671577316,0.46096640774285436,-0.011095862,-0.02288008561752436,0.9681676639001531
back_vas,ZERO_THREE_RIGHT,41.5,39.0,44.0,94,33,31,34,0.11150083599242568,0.2846567358332085,0.04957385,0.10875825664976285,0.8605437298724059
back_vas,ZERO_THREE_RIGHT,42.5,40.0,45.0,94,33,31,34,0.08036048631284898,0.4413321778133375,-0.05955299,-0.13280631044845284,0.8170403985358614
back_vas,ZERO_THREE_RIGHT,43.5,41.0,46.0,94,33,31,34,0.04321898053439309,0.6791594538906833,-0.1530099,-0.3149412797213595,0.5728522246926882
back_vas,ZERO_THREE_RIGHT,44.5,42.0,47.0,94,33,31,34,0.04274613836942644,0.6824801580202607,-0.16293058,-0.3251593146332166,0.5492675888059941
back_vas,ZERO_THREE_RIGHT,45.5,43.0,48.0,94,33,31,34,0.039545375666545264,0.7051150729662683,-0.19016252,-0.38551204749100043,0.5024432088285835
back_vas,ZERO_THREE_RIGHT,46.5,44.0,49.0,94,33,31,34,0.010399659583869441,0.9207555501042644,-0.24880943,-0.45699995696864815,0.4064592545310278
back_vas,ZERO_THREE_RIGHT,47.5,45.0,50.0,94,33,31,34,-0.012378055563471928,0.9057439935834035,-0.29408845,-0.5224665223321807,0.33114990084984186
back_vas,ZERO_THREE_RIGHT,48.5,46.0,51.0,94,33,31,34,-0.009259403258828073,0.9294204966228449,-0.24703887,-0.41952728271340367,0.4180727719125459
back_vas,ZERO_THREE_RIGHT,49.5,47.0,52.0,94,33,31,34,0.012834922899247835,0.9022819104374127,-0.15090294,-0.25568176176178986,0.6309763256396488
back_vas,ZERO_THREE_RIGHT,50.5,48.0,53.0,94,33,31,34,-0.0318808478746706,0.7603370999090574,-0.22191869,-0.3607719639982123,0.4597550155996437
back_vas,ZERO_THREE_RIGHT,51.5,49.0,54.0,94,33,31,34,-0.051329191325536434,0.6231998159737554,-0.25127426,-0.4214525357107655,0.3889477943129751
back_vas,ZERO_THREE_RIGHT,52.5,50.0,55.0,94,33,31,34,-0.05326297202556897,0.6101520918260042,-0.23706177,-0.375779592940837,0.4138023043094827
back_vas,ZERO_THREE_RIGHT,53.5,51.0,56.0,94,33,31,34,-0.08251994511440847,0.4291157828071459,-0.29552314,-0.47935773741926313,0.32809126898443897
back_vas,ZERO_THREE_RIGHT,54.5,52.0,57.0,94,33,31,34,-0.10801053330321679,0.30009735977953056,-0.35937095,-0.5594780082640062,0.23319365533094194
back_vas,ZERO_THREE_RIGHT,55.5,53.0,58.0,94,33,31,34,-0.10418818177095363,0.31762554879139704,-0.3607642,-0.5645144509224271,0.20948897116655896
back_vas,ZERO_THREE_RIGHT,56.5,54.0,59.0,94,33,31,34,-0.07889311875895313,0.44974388493419876,-0.29145572,-0.42793387243467834,0.32367374254618897
back_vas,ZERO_THREE_RIGHT,57.5,55.0,60.0,94,33,31,34,-0.0915922820050818,0.3799513707309731,-0.3388346,-0.5321893832829179,0.26402447058880196
back_vas,ZERO_THREE_RIGHT,58.5,56.0,61.0,94,33,31,34,-0.07767907980178412,0.4567704300902702,-0.306256,-0.4622871466210253,0.2957486856953412
back_vas,ZERO_THREE_RIGHT,59.5,57.0,62.0,94,33,31,34,-0.12394124720374615,0.23397871644140406,-0.40727985,-0.6269798717734235,0.16382427767615015
back_vas,ZERO_THREE_RIGHT,60.5,58.0,63.0,94,33,31,34,-0.13611376957322935,0.19083531177681642,-0.44738346,-0.7051409616316484,0.1279000873940026
back_vas,ZERO_THREE_RIGHT,61.5,59.0,64.0,94,33,31,34,-0.1512941483630227,0.14549818699774544,-0.47402632,-0.7444636165886369,0.1052859486464784
back_vas,ZERO_THREE_RIGHT,62.5,60.0,65.0,94,33,31,34,-0.1312384175490893,0.20736640054365188,-0.3945785,-0.5723122311600632,0.16220445242632298
back_vas,ZERO_THREE_RIGHT,63.5,61.0,66.0,94,33,31,34,-0.12556566209364076,0.22785801965194663,-0.408954,-0.6079581912474527,0.15365181602766562
back_vas,ZERO_THREE_RIGHT,64.5,62.0,67.0,94,33,31,34,-0.1267808152181768,0.22335337670241312,-0.45142236,-0.6804144978093413,0.09254392478024714
back_vas,ZERO_THREE_RIGHT,65.5,63.0,68.0,94,33,31,34,-0.11243772594515948,0.2806037260194799,-0.41821125,-0.6070826875991434,0.1330404028888866
back_vas,ZERO_THREE_RIGHT,66.5,64.0,69.0,94,33,31,34,-0.11958640096799086,0.2509498445940283,-0.43792355,-0.6351473082888125,0.1095651754265721
back_vas,ZERO_THREE_RIGHT,67.5,65.0,70.0,94,33,31,34,-0.1405110080785547,0.1767629859420204,-0.5089747,-0.795014549899814,0.07316708327492949
back_vas,ZERO_THREE_RIGHT,68.5,66.0,71.0,94,33,31,34,-0.12736056606878932,0.2212264333742146,-0.49850476,-0.8065282885629395,0.07747720949412525
back_vas,ZERO_THREE_RIGHT,69.5,67.0,72.0,94,33,31,34,-0.08086954958025826,0.43843481005805834,-0.3706985,-0.5725662058469465,0.19883211155874103
back_vas,ZERO_THREE_RIGHT,70.5,68.0,73.0,94,33,31,34,-0.0651595578427668,0.5326563223034836,-0.3376976,-0.5101213496671054,0.23331462509713463
back_vas,ZERO_THREE_RIGHT,71.5,69.0,74.0,94,33,31,34,-0.06660893448936357,0.5235610378589322,-0.33972058,-0.5183025403359246,0.23012407812582414
back_vas,ZERO_THREE_RIGHT,72.5,70.0,75.0,94,33,31,34,-0.057420473560046224,0.5825133302749739,-0.33160946,-0.4879085437048227,0.23456087147544857
back_vas,ZERO_THREE_RIGHT,73.5,71.0,76.0,94,33,31,34,-0.04559584698260055,0.6625607830682672,-0.29911622,-0.42086623683793245,0.27997722997082564
back_vas,ZERO_THREE_RIGHT,74.5,72.0,77.0,94,33,31,34,-0.06911587765228454,0.5080163608987939,-0.39374408,-0.6280661521307449,0.17055002511650696
back_vas,ZERO_THREE_RIGHT,75.5,73.0,78.0,94,33,31,34,-0.08542009257756288,0.4130174134200743,-0.4232107,-0.6807761374903577,0.15556261717040495
back_vas,ZERO_THREE_RIGHT,76.5,74.0,79.0,94,33,31,34,-0.11469767762317558,0.27098642597995043,-0.5363922,-1.0146059234618576,0.05879595829595632
back_vas,ZERO_THREE_RIGHT,77.5,75.0,80.0,94,33,31,34,-0.10025991199109083,0.3363132819638915,-0.4978536,-0.9002467899262321,0.08282727716759246
back_vas,ZERO_THREE_RIGHT,78.5,76.0,81.0,94,33,31,34,-0.13293146214690416,0.2015137094503474,-0.5413234,-1.1185762033383893,0.06503615368237418
back_vas,ZERO_THREE_RIGHT,79.5,77.0,82.0,94,33,31,34,-0.1510021668679264,0.14628586670098936,-0.5637985,-1.2996119648623392,0.03841520833183741
back_vas,ZERO_THREE_RIGHT,80.5,78.0,83.0,94,33,31,34,-0.1766694899229851,0.08849649205915476,-0.6177555,-1.5584464385602033,0.02699849197815485
back_vas,ZERO_THREE_RIGHT,81.5,79.0,84.0,94,33,31,34,-0.15848886659850997,0.12708273060068587,-0.5471767,-1.3623454636574437,0.054020476479456785
back_vas,ZERO_THREE_RIGHT,82.5,80.0,85.0,94,33,31,34,-0.16630556524052673,0.10915650436532387,-0.5783835,-1.5554986271666587,0.051300327091674536
back_vas,ZERO_THREE_RIGHT,83.5,81.0,86.0,94,33,31,34,-0.14002780610427823,0.17827107247263588,-0.538416,-1.4706127495038188,0.07709747154510707
back_vas,ZERO_THREE_RIGHT,84.5,82.0,87.0,94,33,31,34,-0.11465846824013062,0.2711513653778612,-0.4641351,-1.0315338144450532,0.10560297722336023
back_vas,ZERO_THREE_RIGHT,85.5,83.0,88.0,94,33,31,34,-0.10414525953453546,0.31782605103637435,-0.4459521,-0.9313631134294043,0.14198197752100009
back_vas,ZERO_THREE_RIGHT,86.5,84.0,89.0,94,33,31,34,-0.08735225399326438,0.40249039514688384,-0.40704393,-0.7471690340327077,0.18473864764651127
back_vas,ZERO_THREE_RIGHT,87.5,85.0,90.0,94,33,31,34,-0.09215708818809863,0.37700769999556283,-0.4142257,-0.7826634573998399,0.19132134136020018
back_vas,ZERO_THREE_RIGHT,88.5,86.0,91.0,94,33,31,34,-0.0856774377357753,0.41160612820986797,-0.38609052,-0.6588641396759876,0.21194703494663958
back_vas,ZERO_THREE_RIGHT,89.5,87.0,92.0,94,33,31,34,-0.0813977509923399,0.4354399180318001,-0.3909655,-0.6863491897504463,0.21495141903335524
back_vas,ZERO_THREE_RIGHT,90.5,88.0,93.0,94,33,31,34,-0.07034047051365871,0.5005106335711065,-0.35577098,-0.5484787287120882,0.22849550104017302
back_vas,ZERO_THREE_RIGHT,91.5,89.0,94.0,94,33,31,34,-0.04544882006693955,0.6635829209921194,-0.34215507,-0.5227894975770153,0.24090957078367747
back_vas,ZERO_THREE_RIGHT,92.5,90.0,95.0,94,33,31,34,-0.013667480201771866,0.8959776392395142,-0.28094858,-0.3976937350965543,0.2935775132681354
back_vas,ZERO_THREE_RIGHT,93.5,91.0,96.0,94,33,31,34,-0.013962936763942016,0.8937419215141766,-0.29634613,-0.422845779816251,0.27312949872645176
back_vas,ZERO_THREE_RIGHT,94.5,92.0,97.0,94,33,31,34,-0.03227136246766448,0.7574915058353716,-0.37391192,-0.5984376263558957,0.18383456574823998
back_vas,ZERO_THREE_RIGHT,95.5,93.0,98.0,94,33,31,34,-0.00717637641634591,0.9452702248157047,-0.32822853,-0.5095315214172813,0.2226552802070887
back_vas,ZERO_THREE_RIGHT,96.5,94.0,99.0,94,33,31,34,-0.02564989212263763,0.806148351831513,-0.37239754,-0.6095583232751233,0.18073834533334265
back_vas,ZERO_THREE_RIGHT,97.5,95.0,100.0,94,33,31,34,-0.0493834378056447,0.6364467987883383,-0.45038074,-0.8159660755405125,0.12915455405951146
back_vas,ZERO_THREE_RIGHT,98.5,96.0,101.0,94,33,31,34,-0.033108955437886146,0.7513990857196661,-0.4218767,-0.7549145737380869,0.14720014653510463
back_vas,ZERO_TWO_LEFT,6.5,4.0,9.0,56,20,23,26,-0.4635073484830999,0.00032114373735820084,-0.84761715,-1.2941405673477249,0.1023468701728665
back_vas,ZERO_TWO_LEFT,7.5,5.0,10.0,56,20,23,26,-0.3808198550677431,0.003785688142326226,-0.5759569,-0.8253846350899481,0.2161269071692853
back_vas,ZERO_TWO_LEFT,8.5,6.0,11.0,56,20,23,26,-0.37451218750877613,0.004459701744526928,-0.6028861,-0.8486505153603424,0.16784277386058744
back_vas,ZERO_TWO_LEFT,9.5,7.0,12.0,56,20,23,26,-0.31643444532539466,0.01750250982716698,-0.44401425,-0.5595023221260288,0.3165705652439811
back_vas,ZERO_TWO_LEFT,10.5,8.0,13.0,56,20,23,26,-0.2527150823055328,0.06022802701286568,-0.29796696,-0.37478159188123567,0.47342225715335495
back_vas,ZERO_TWO_LEFT,11.5,9.0,14.0,56,20,23,26,-0.2187841676978235,0.10523282675032761,-0.2610613,-0.3483163517654459,0.5299465276127808
back_vas,ZERO_TWO_LEFT,12.5,10.0,15.0,56,20,23,26,-0.19521604339477355,0.1493509931548453,-0.22773328,-0.3336263813158524,0.5960876558027417
back_vas,ZERO_TWO_LEFT,13.5,11.0,16.0,56,20,23,26,-0.1318539116220395,0.33270104216752094,-0.12923284,-0.20116836444725017,0.758690269875155
back_vas,ZERO_TWO_LEFT,14.5,12.0,17.0,56,20,23,26,-0.08264761378364749,0.544802881533286,0.008494221,0.014641988302231183,0.9827993066961386
back_vas,ZERO_TWO_LEFT,15.5,13.0,18.0,56,20,23,26,-0.04719201746263422,0.7298086299290706,0.058095586,0.10783100906350745,0.8806480341816455
back_vas,ZERO_TWO_LEFT,16.5,14.0,19.0,56,20,23,26,-0.01592055008025315,0.9072890013263765,0.17414501,0.32321187301129867,0.6626350290704652
back_vas,ZERO_TWO_LEFT,17.5,15.0,20.0,56,20,23,26,0.004943683356475536,0.9711540333042094,0.24054839,0.43231434750822983,0.5329170563497962
back_vas,ZERO_TWO_LEFT,18.5,16.0,21.0,56,20,23,26,-0.023519228253943324,0.863393571517584,0.21758936,0.37332778134708067,0.6160831110521496
back_vas,ZERO_TWO_LEFT,19.5,17.0,22.0,56,20,23,26,-0.0021913820751531085,0.987211298103839,0.2728878,0.47017300888039604,0.5402569027045654
back_vas,ZERO_TWO_LEFT,20.5,18.0,23.0,56,20,23,26,0.010814551184124045,0.9369485768323721,0.31841582,0.5177115674172665,0.46573885382878233
back_vas,ZERO_TWO_LEFT,21.5,19.0,24.0,56,20,23,26,0.10653907268568644,0.434501627906381,0.56419855,0.9225900127156118,0.2215822210657421
back_vas,ZERO_TWO_LEFT,22.5,20.0,25.0,56,20,23,26,0.1423298081502555,0.2953694771290265,0.6108647,0.9616217529944985,0.15552767217843186
back_vas,ZERO_TWO_LEFT,23.5,21.0,26.0,56,20,23,26,0.2310035811264551,0.08672424047445437,0.83681524,1.4347718482863348,0.03937035228918018
back_vas,ZERO_TWO_LEFT,24.5,22.0,27.0,56,20,23,26,0.275155049110052,0.04012756683618987,0.85925657,1.5433227088828736,0.03197221607657418
back_vas,ZERO_TWO_LEFT,25.5,23.0,28.0,56,20,23,26,0.26496653292471506,0.04843443924058076,0.8605181,1.6227193870907488,0.03772346069630879
back_vas,ZERO_TWO_LEFT,26.5,24.0,29.0,56,20,23,26,0.12795293064706223,0.34732707695465603,0.49344075,0.9632111037006349,0.2254706348743869
back_vas,ZERO_TWO_LEFT,27.5,25.0,30.0,56,20,23,26,-0.009982900866942639,0.9417885780555043,0.23035876,0.4890224795388578,0.571109195953114
back_vas,ZERO_TWO_LEFT,28.5,26.0,31.0,56,20,23,26,0.006950722721915034,0.9594515196556211,0.25793758,0.5478243324609839,0.5095385354309376
back_vas,ZERO_TWO_LEFT,29.5,27.0,32.0,56,20,23,26,-0.08958548014713857,0.5114393412361696,0.11134223,0.24802402003973667,0.7277838088959301
back_vas,ZERO_TWO_LEFT,30.5,28.0,33.0,56,20,23,26,-0.18866228035216515,0.16376574984070696,-0.10008325,-0.20729321041895685,0.7796189412522583
back_vas,ZERO_TWO_LEFT,31.5,29.0,34.0,56,20,23,26,-0.20989529915796096,0.12050962911274854,-0.13632984,-0.2830016205221142,0.7106860981662254
back_vas,ZERO_TWO_LEFT,32.5,30.0,35.0,56,20,23,26,-0.1934769131634773,0.15308096975662722,-0.19647174,-0.3915894854684979,0.6065583053865938
back_vas,ZERO_TWO_LEFT,33.5,31.0,36.0,56,20,23,26,-0.32657511805996026,0.014029461666853366,-0.59220976,-1.184148052319732,0.061494717368342514
back_vas,ZERO_TWO_LEFT,34.5,32.0,37.0,56,20,23,26,-0.32645900577911163,0.014065605154148526,-0.6125297,-1.1536673294925082,0.05909660485458029
back_vas,ZERO_TWO_LEFT,35.5,33.0,38.0,56,20,23,26,-0.3638642303499193,0.0058390690495436146,-0.76301557,-1.5555267571557134,0.021730608645005547
back_vas,ZERO_TWO_LEFT,36.5,34.0,39.0,56,20,23,26,-0.3906989205023386,0.002909974444499666,-0.9289736,-1.8350860996783969,0.005661335567499272
back_vas,ZERO_TWO_LEFT,37.5,35.0,40.0,56,20,23,26,-0.3472102586404396,0.008746735646623276,-0.79697657,-1.4990226949357612,0.011107591294826982
back_vas,ZERO_TWO_LEFT,38.5,36.0,41.0,56,20,23,26,-0.33086088190097374,0.012749974345306257,-0.67370945,-1.3349645836816328,0.060199380748287214
back_vas,ZERO_TWO_LEFT,39.5,37.0,42.0,56,20,23,26,-0.39844798714806734,0.0023540703911628354,-0.87508965,-1.9712683717449542,0.01944306592499695
back_vas,ZERO_TWO_LEFT,40.5,38.0,43.0,56,20,23,26,-0.38700980070992136,0.0032133674089539392,-0.83610475,-1.8981180383929457,0.05912958701027865
back_vas,ZERO_TWO_LEFT,41.5,39.0,44.0,56,20,23,26,-0.38149219568155857,0.003719444965680669,-0.7290809,-1.5012557549309353,0.1239113538906536
back_vas,ZERO_TWO_LEFT,42.5,40.0,45.0,56,20,23,26,-0.3990317572074114,0.002316299709010382,-0.76289755,-1.5076154369123744,0.12992511408369825
back_vas,ZERO_TWO_LEFT,43.5,41.0,46.0,56,20,23,26,-0.42601087285816397,0.0010619838980280392,-0.9036656,-1.8063522757226396,0.09637801356092504
back_vas,ZERO_TWO_LEFT,44.5,42.0,47.0,56,20,23,26,-0.42144015558332343,0.001217507427782506,-0.8898509,-1.660809831094264,0.10677387496954859
back_vas,ZERO_TWO_LEFT,45.5,43.0,48.0,56,20,23,26,-0.3900896967158441,0.0029582545746029676,-0.8607701,-1.6356837701327456,0.13440472118847452
back_vas,ZERO_TWO_LEFT,46.5,44.0,49.0,56,20,23,26,-0.37694814899257717,0.004187814012014633,-0.9086778,-1.8092587114233436,0.1500491800080005
back_vas,ZERO_TWO_LEFT,47.5,45.0,50.0,56,20,23,26,-0.37774953940473116,0.004101618797190274,-0.921693,-1.9201379405989245,0.11540853473716972
back_vas,ZERO_TWO_LEFT,48.5,46.0,51.0,56,20,23,26,-0.3909689712199277,0.002888797768235133,-0.86083287,-1.6166381842651167,0.06770136717349606
back_vas,ZERO_TWO_LEFT,49.5,47.0,52.0,56,20,23,26,-0.32564040447797665,0.014322693150878585,-0.7513479,-1.5335949061597152,0.07970738869965237
back_vas,ZERO_TWO_LEFT,50.5,48.0,53.0,56,20,23,26,-0.3940290517897722,0.0026582118868701443,-0.88627714,-1.7467103471987062,0.042903030413279274
back_vas,ZERO_TWO_LEFT,51.5,49.0,54.0,56,20,23,26,-0.3291818266720311,0.013238756755465576,-0.6911735,-1.351110400414264,0.06118275632411538
back_vas,ZERO_TWO_LEFT,52.5,50.0,55.0,56,20,23,26,-0.40095180650473194,0.0021958449883767482,-0.90313476,-1.8384997205436344,0.03325200435366054
back_vas,ZERO_TWO_LEFT,53.5,51.0,56.0,56,20,23,26,-0.43171489748188757,0.0008930575679277431,-0.9706286,-1.873002621158354,0.024083435248760825
back_vas,ZERO_TWO_LEFT,54.5,52.0,57.0,56,20,23,26,-0.54759525067497,1.2551121334078448e-05,-1.2472737,-3.2169481634569568,0.014917460456868922
back_vas,ZERO_TWO_LEFT,55.5,53.0,58.0,56,20,23,26,-0.5037604886657754,7.560339426991343e-05,-1.1094643,-2.713596755406,0.012215782576678637
back_vas,ZERO_TWO_LEFT,56.5,54.0,59.0,56,20,23,26,-0.5305306749970196,2.601142193304155e-05,-1.1568106,-2.9285715518541826,0.0367877688131035
back_vas,ZERO_TWO_LEFT,57.5,55.0,60.0,56,20,23,26,-0.5109192400805085,5.733303331175239e-05,-1.0989149,-2.8728970762452284,0.019252342926364685
back_vas,ZERO_TWO_LEFT,58.5,56.0,61.0,56,20,23,26,-0.47502463058497857,0.00021619335160826138,-1.0544962,-3.1236268858791734,0.010069763239840508
back_vas,ZERO_TWO_LEFT,59.5,57.0,62.0,56,20,23,26,-0.3541542660939531,0.007409156324904009,-0.7747974,-2.143108702951015,0.05604112064509517
back_vas,ZERO_TWO_LEFT,60.5,58.0,63.0,56,20,23,26,-0.4251847796190409,0.0010886957482598289,-1.0539192,-3.8187941758898667,0.031222990645574742
back_vas,ZERO_TWO_LEFT,61.5,59.0,64.0,56,20,23,26,-0.43758169490338067,0.0007449352668081059,-1.1336027,-3.4623386868627146,0.03451142100967971
back_vas,ZERO_TWO_LEFT,62.5,60.0,65.0,56,20,23,26,-0.44270513892925234,0.00063412714526373,-1.0298134,-2.5434874586107914,0.05303501485613756
back_vas,ZERO_TWO_LEFT,63.5,61.0,66.0,56,20,23,26,-0.45654310853738017,0.00040524419866696366,-1.0156957,-2.163822727443252,0.0879376741267527
back_vas,ZERO_TWO_LEFT,64.5,62.0,67.0,56,20,23,26,-0.40841176857400086,0.0017790538394259227,-0.9011016,-1.8022597833168685,0.08495792555267012
back_vas,ZERO_TWO_LEFT,65.5,63.0,68.0,56,20,23,26,-0.41601917875770944,0.0014282488169595686,-0.861299,-1.8089584425047784,0.09746651420887749
back_vas,ZERO_TWO_LEFT,66.5,64.0,69.0,56,20,23,26,-0.39184745354757644,0.0028208518671949375,-0.8028524,-1.6880425382352693,0.06957524104047216
back_vas,ZERO_TWO_LEFT,67.5,65.0,70.0,56,20,23,26,-0.3734831312386177,0.004579151294115727,-0.8080975,-1.8628563074077733,0.10011785110268076
back_vas,ZERO_TWO_LEFT,68.5,66.0,71.0,56,20,23,26,-0.3413238126915979,0.010040091190578117,-0.6559094,-1.5263805103895314,0.13040803073233595
back_vas,ZERO_TWO_LEFT,69.5,67.0,72.0,56,20,23,26,-0.3965992940520854,0.002477324607649954,-0.8278643,-2.1023051884636326,0.1157413694131729
back_vas,ZERO_TWO_LEFT,70.5,68.0,73.0,56,20,23,26,-0.3916842839877827,0.002833363874925055,-0.80811924,-1.8461247168755748,0.1278690398398076
back_vas,ZERO_TWO_LEFT,71.5,69.0,74.0,56,20,23,26,-0.32553709900607597,0.014355421478497369,-0.6725995,-1.5748033487883877,0.16285820996676814
back_vas,ZERO_TWO_LEFT,72.5,70.0,75.0,56,20,23,26,-0.32711297189291816,0.013863075550828552,-0.71829695,-1.7862342928682646,0.11520318635795421
back_vas,ZERO_TWO_LEFT,73.5,71.0,76.0,56,20,23,26,-0.4766094175065366,0.0002045107360806599,-1.3077272,-3.478686326997477,0.043450849690027674
back_vas,ZERO_TWO_LEFT,74.5,72.0,77.0,56,20,23,26,-0.37710215944029246,0.004171126222503051,-0.9389819,-2.40913479296196,0.06236515044454415
back_vas,ZERO_TWO_LEFT,75.5,73.0,78.0,56,20,23,26,-0.29431286437654963,0.027680896691981566,-0.77863884,-1.9288371635127173,0.09447400759316159
back_vas,ZERO_TWO_LEFT,76.5,74.0,79.0,56,20,23,26,-0.429608244321838,0.000952400005912211,-1.0232155,-2.458543632966458,0.06632291570884204
back_vas,ZERO_TWO_LEFT,77.5,75.0,80.0,56,20,23,26,-0.4058038087887135,0.0019159454284820912,-0.87406754,-1.8668750097043258,0.16522533604718925
back_vas,ZERO_TWO_LEFT,78.5,76.0,81.0,56,20,23,26,-0.3273645810191093,0.013785822880389868,-0.6187749,-1.3523789351186226,0.22922800568950885
back_vas,ZERO_TWO_LEFT,79.5,77.0,82.0,56,20,23,26,-0.3776654707912037,0.0041105869221360935,-0.72747046,-1.7223066156688214,0.18307899629347457
back_vas,ZERO_TWO_LEFT,80.5,78.0,83.0,56,20,23,26,-0.33656518832349763,0.01120355520135037,-0.5107151,-0.9729465742236433,0.268953427753312
back_vas,ZERO_TWO_LEFT,81.5,79.0,84.0,56,20,23,26,-0.2652181747685539,0.04821356788981991,-0.42604294,-0.751095612741207,0.3435223239669122
back_vas,ZERO_TWO_LEFT,82.5,80.0,85.0,56,20,23,26,-0.3038181439263487,0.022822679418455227,-0.52784675,-0.9758993515560177,0.2224398455200879
back_vas,ZERO_TWO_LEFT,83.5,81.0,86.0,56,20,23,26,-0.355845092722117,0.007111837900196768,-0.67817646,-1.3335550791081316,0.13540289673467823
back_vas,ZERO_TWO_LEFT,84.5,82.0,87.0,56,20,23,26,-0.35568059897057375,0.007140298425360091,-0.68175477,-1.4569119119289575,0.15606095161162345
back_vas,ZERO_TWO_LEFT,85.5,83.0,88.0,56,20,23,26,-0.44235906262264196,0.0006411139561061142,-1.0377125,-2.5999212703534123,0.017280563375642065
back_vas,ZERO_TWO_LEFT,86.5,84.0,89.0,56,20,23,26,-0.49191725352688426,0.00011790138894247394,-1.0169742,-2.400056988235768,0.013516718816168633
back_vas,ZERO_TWO_LEFT,87.5,85.0,90.0,56,20,23,26,-0.4595488264450022,0.00036676003305622236,-0.8709613,-2.4524928212905506,0.07596750669839714
back_vas,ZERO_TWO_LEFT,88.5,86.0,91.0,56,20,23,26,-0.40703450830275967,0.0018502168080658172,-0.852747,-2.559172988478732,0.0054876944343936005
back_vas,ZERO_TWO_LEFT,89.5,87.0,92.0,56,20,23,26,-0.4240193378737379,0.0011274073591984908,-0.8338145,-2.3837907825784836,0.0075431196796145634
back_vas,ZERO_TWO_LEFT,90.5,88.0,93.0,56,20,23,26,-0.39557784600547274,0.0025478578954045783,-0.834432,-2.258402527259349,0.0039858909570239425
back_vas,ZERO_TWO_LEFT,91.5,89.0,94.0,56,20,23,26,-0.31623341524214194,0.0175781670405813,-0.6526484,-1.8945448246341043,0.061582064084940484
back_vas,ZERO_TWO_LEFT,92.5,90.0,95.0,56,20,23,26,-0.35175092126639174,0.007850387481376012,-0.7281492,-2.1691922922108753,0.023360921295199948
back_vas,ZERO_TWO_LEFT,93.5,91.0,96.0,56,20,23,26,-0.25088657443825635,0.06217157458862274,-0.42124814,-1.106183559990694,0.22807130946465182
back_vas,ZERO_TWO_LEFT,94.5,92.0,97.0,56,20,23,26,-0.3163472652633229,0.017535285708098314,-0.58826464,-1.5120098591299032,0.14179406399870373
back_vas,ZERO_TWO_LEFT,95.5,93.0,98.0,56,20,23,26,-0.18135733619925787,0.1810049047005701,-0.20061933,-0.5218249680265538,0.5896295905233958
back_vas,ZERO_TWO_LEFT,96.5,94.0,99.0,56,20,23,26,-0.22950891875453558,0.08884045194491227,-0.35189736,-0.8681721546467471,0.3659202516032438
back_vas,ZERO_TWO_LEFT,97.5,95.0,100.0,56,20,23,26,-0.27338786861562386,0.041477639750765044,-0.5014783,-1.2672170863068408,0.1616981028633654
back_vas,ZERO_TWO_LEFT,98.5,96.0,101.0,56,20,23,26,-0.3769031443580046,0.004192701584027436,-0.7616137,-1.986136614779285,0.029882529769580495
back_vas,ZERO_TWO_RIGHT,6.5,4.0,9.0,53,18,20,24,0.01387179300717587,0.9214679573660232,0.0009610798,0.0011015858104257493,0.9977331195301027
back_vas,ZERO_TWO_RIGHT,7.5,5.0,10.0,53,18,20,24,-0.00037019392517526685,0.9979009383549998,-0.021691924,-0.025180855119676156,0.9483846891996793
back_vas,ZERO_TWO_RIGHT,8.5,6.0,11.0,53,18,20,24,0.030925503444359976,0.8260074180605016,0.06643354,0.07925591839276556,0.842782008936118
back_vas,ZERO_TWO_RIGHT,9.5,7.0,12.0,53,18,20,24,0.04841050990122883,0.7306718981818244,0.10225332,0.128439198670538,0.7494035162568311
back_vas,ZERO_TWO_RIGHT,10.5,8.0,13.0,53,18,20,24,0.020319685553834767,0.8851712185716184,0.081940405,0.10949396147080474,0.8008406063492887
back_vas,ZERO_TWO_RIGHT,11.5,9.0,14.0,53,18,20,24,0.04181147431101231,0.7662650923528033,0.15959257,0.21332250463401137,0.5996183688386822
back_vas,ZERO_TWO_RIGHT,12.5,10.0,15.0,53,18,20,24,0.04799719909187428,0.7328856071504417,0.17649429,0.2248863408987329,0.5345523549307767
back_vas,ZERO_TWO_RIGHT,13.5,11.0,16.0,53,18,20,24,-0.025211341485522606,0.8577860344909098,0.007386761,0.009222444539845658,0.9793194705223384
back_vas,ZERO_TWO_RIGHT,14.5,12.0,17.0,53,18,20,24,-0.03341752974788592,0.8122313469678876,0.0040679136,0.0053415480636390825,0.989254754210535
back_vas,ZERO_TWO_RIGHT,15.5,13.0,18.0,53,18,20,24,-0.03875352994973405,0.7829275329126659,-0.03618772,-0.05079683675192931,0.9056083226766216
back_vas,ZERO_TWO_RIGHT,16.5,14.0,19.0,53,18,20,24,-0.051623768953147985,0.713536985085883,-0.071308285,-0.10170381342476734,0.8207662652189534
back_vas,ZERO_TWO_RIGHT,17.5,15.0,20.0,53,18,20,24,-0.03510963514158773,0.8029090588119616,-0.04646723,-0.07136242071337108,0.8861728979767688
back_vas,ZERO_TWO_RIGHT,18.5,16.0,21.0,53,18,20,24,0.09245148458968837,0.5102682159452373,0.21188894,0.3319841560465867,0.509692384510004
back_vas,ZERO_TWO_RIGHT,19.5,17.0,22.0,53,18,20,24,0.08393138963513999,0.5501633229576071,0.15863347,0.2510580771354238,0.6280873001110306
back_vas,ZERO_TWO_RIGHT,20.5,18.0,23.0,53,18,20,24,0.09292687688185651,0.508086288242948,0.19876301,0.29853938915765676,0.5519437113965536
back_vas,ZERO_TWO_RIGHT,21.5,19.0,24.0,53,18,20,24,0.1572624010180586,0.26075757393173343,0.3422832,0.5171896427665813,0.318078389455
back_vas,ZERO_TWO_RIGHT,22.5,20.0,25.0,53,18,20,24,0.2123238431972822,0.12692413237765063,0.5253777,0.8324630985398174,0.12341551511275517
back_vas,ZERO_TWO_RIGHT,23.5,21.0,26.0,53,18,20,24,0.2178967080517466,0.11702474953331672,0.4624648,0.7735392246777691,0.10356572265715827
back_vas,ZERO_TWO_RIGHT,24.5,22.0,27.0,53,18,20,24,0.18992755857643837,0.17314792526591738,0.40859014,0.7040568288955074,0.16395432345929362
back_vas,ZERO_TWO_RIGHT,25.5,23.0,28.0,53,18,20,24,0.15762896210460495,0.25963385756818763,0.32619557,0.5780536832624465,0.2582600271216394
back_vas,ZERO_TWO_RIGHT,26.5,24.0,29.0,53,18,20,24,0.09571371324238498,0.49539161471669596,0.19677064,0.32730159040693263,0.4958343602628904
back_vas,ZERO_TWO_RIGHT,27.5,25.0,30.0,53,18,20,24,0.0002503811608869188,0.9985802959615537,-0.015237161,-0.025859109423250377,0.9582331085904022
back_vas,ZERO_TWO_RIGHT,28.5,26.0,31.0,53,18,20,24,-0.05648842928366488,0.6878629643785173,-0.066633,-0.11040719616349812,0.8416783192200528
back_vas,ZERO_TWO_RIGHT,29.5,27.0,32.0,53,18,20,24,-0.04027786951137366,0.7746089639610774,-0.04303774,-0.06618365917357902,0.8986502381274686
back_vas,ZERO_TWO_RIGHT,30.5,28.0,33.0,53,18,20,24,-0.058425820186408496,0.6777325793666574,-0.06219149,-0.08749903415996564,0.8586437488456704
back_vas,ZERO_TWO_RIGHT,31.5,29.0,34.0,53,18,20,24,-0.10525547347549648,0.45320249383899003,-0.15991594,-0.24453608359054094,0.632312393674992
back_vas,ZERO_TWO_RIGHT,32.5,30.0,35.0,53,18,20,24,-0.07169230163680144,0.6099536778074168,-0.058949236,-0.09814794612175551,0.8533062281678832
back_vas,ZERO_TWO_RIGHT,33.5,31.0,36.0,53,18,20,24,-0.14507212887524462,0.2999910360492245,-0.24994163,-0.40226522635417233,0.4014438942017243
back_vas,ZERO_TWO_RIGHT,34.5,32.0,37.0,53,18,20,24,-0.16207655057005058,0.2462585837115205,-0.25745454,-0.41715316614265036,0.3091623996295447
back_vas,ZERO_TWO_RIGHT,35.5,33.0,38.0,53,18,20,24,-0.20612908824403245,0.1386562350081007,-0.35044155,-0.6233636569852683,0.18317822115541815
back_vas,ZERO_TWO_RIGHT,36.5,34.0,39.0,53,18,20,24,-0.23206189219550172,0.09451188039108371,-0.37302923,-0.6800123278501509,0.2428085186909973
back_vas,ZERO_TWO_RIGHT,37.5,35.0,40.0,53,18,20,24,-0.2320477439848438,0.09453254961015854,-0.43474886,-0.702593495002223,0.142081217296685
back_vas,ZERO_TWO_RIGHT,38.5,36.0,41.0,53,18,20,24,-0.19794252774322182,0.1553798290866535,-0.35502678,-0.5205661195504628,0.2612027673702616
back_vas,ZERO_TWO_RIGHT,39.5,37.0,42.0,53,18,20,24,-0.18631451922456665,0.18162217245550039,-0.29732576,-0.4376018775466899,0.3619068723062976
back_vas,ZERO_TWO_RIGHT,40.5,38.0,43.0,53,18,20,24,-0.1668480549139592,0.2324388588304391,-0.24367118,-0.3655397129987094,0.44557777616438154
back_vas,ZERO_TWO_RIGHT,41.5,39.0,44.0,53,18,20,24,-0.15551499042231268,0.2661591990627156,-0.25987527,-0.38084057620244,0.397322031386659
back_vas,ZERO_TWO_RIGHT,42.5,40.0,45.0,53,18,20,24,-0.1914924687917612,0.16956789422545027,-0.34714842,-0.5384677314183213,0.2743312751373641
back_vas,ZERO_TWO_RIGHT,43.5,41.0,46.0,53,18,20,24,-0.20537897080736825,0.14013011762163893,-0.3858429,-0.6726348012449946,0.24693369647964547
back_vas,ZERO_TWO_RIGHT,44.5,42.0,47.0,53,18,20,24,-0.2474942374890005,0.07398075910471982,-0.5990593,-1.1215788681002643,0.09392596920630077
back_vas,ZERO_TWO_RIGHT,45.5,43.0,48.0,53,18,20,24,-0.23751552391624395,0.08680294706023273,-0.6052842,-1.135402321782467,0.12743791414356243
back_vas,ZERO_TWO_RIGHT,46.5,44.0,49.0,53,18,20,24,-0.2540556540141514,0.06640244454291143,-0.6768133,-1.3238196804313915,0.05013689458998224
back_vas,ZERO_TWO_RIGHT,47.5,45.0,50.0,53,18,20,24,-0.2878589412773845,0.03660527024891742,-0.7298363,-1.3638849838842482,0.009383468496911355
back_vas,ZERO_TWO_RIGHT,48.5,46.0,51.0,53,18,20,24,-0.31103806765962017,0.02339332538538319,-0.9488594,-1.8946719127439475,0.0074906917972840745
back_vas,ZERO_TWO_RIGHT,49.5,47.0,52.0,53,18,20,24,-0.294887695675379,0.03206968151817503,-0.7871953,-1.6040267323668738,0.010704438750861318
back_vas,ZERO_TWO_RIGHT,50.5,48.0,53.0,53,18,20,24,-0.3093736591314421,0.024184575189444266,-0.89285004,-1.903805354125364,0.0008310602825695774
back_vas,ZERO_TWO_RIGHT,51.5,49.0,54.0,53,18,20,24,-0.3042534914949824,0.02676113685590423,-0.78314185,-1.4869162230290207,0.015816669203701787
back_vas,ZERO_TWO_RIGHT,52.5,50.0,55.0,53,18,20,24,-0.25942937631264873,0.06066944012035463,-0.6138859,-0.9922082720163656,0.043972893759528384
back_vas,ZERO_TWO_RIGHT,53.5,51.0,56.0,53,18,20,24,-0.3127773891618403,0.022589868429897318,-0.6410916,-0.9044074100908175,0.03663930614574727
back_vas,ZERO_TWO_RIGHT,54.5,52.0,57.0,53,18,20,24,-0.275297495008817,0.046027456476435406,-0.49795115,-0.6275829047458655,0.07936466197808749
back_vas,ZERO_TWO_RIGHT,55.5,53.0,58.0,53,18,20,24,-0.30400744670222274,0.02689052900630808,-0.4984544,-0.6384071736846876,0.07134914343141323
back_vas,ZERO_TWO_RIGHT,56.5,54.0,59.0,53,18,20,24,-0.3318999695483248,0.015186028606822182,-0.59453666,-0.8666059481964962,0.018197174443410315
back_vas,ZERO_TWO_RIGHT,57.5,55.0,60.0,53,18,20,24,-0.31292289215576624,0.022523722896660898,-0.5650399,-0.8690697801042083,0.044485644395492636
back_vas,ZERO_TWO_RIGHT,58.5,56.0,61.0,53,18,20,24,-0.19518391585376169,0.16133691013713639,-0.2555217,-0.425400905635763,0.4716220366292583
back_vas,ZERO_TWO_RIGHT,59.5,57.0,62.0,53,18,20,24,-0.2665167734640007,0.05372399981030785,-0.5027158,-0.9347720092363386,0.15216234510438661
back_vas,ZERO_TWO_RIGHT,60.5,58.0,63.0,53,18,20,24,-0.23864855924976872,0.08526495503279904,-0.40769258,-0.7361645742906201,0.22986453449866695
back_vas,ZERO_TWO_RIGHT,61.5,59.0,64.0,53,18,20,24,-0.19236480150173735,0.16759579669414454,-0.24009879,-0.3706149222150396,0.5149747304230725
back_vas,ZERO_TWO_RIGHT,62.5,60.0,65.0,53,18,20,24,-0.2179633115012734,0.11691010378130184,-0.28852418,-0.45572184600371524,0.4089708256529302
back_vas,ZERO_TWO_RIGHT,63.5,61.0,66.0,53,18,20,24,-0.23994382304754372,0.0835330270248186,-0.35109982,-0.5480331236180623,0.24571444855465452
back_vas,ZERO_TWO_RIGHT,64.5,62.0,67.0,53,18,20,24,-0.21896108759836236,0.1152028387675827,-0.27274448,-0.4616918855194119,0.44594883356080084
back_vas,ZERO_TWO_RIGHT,65.5,63.0,68.0,53,18,20,24,-0.17402617486126096,0.2126708709715625,-0.23520738,-0.42303547898449256,0.4733647832362998
back_vas,ZERO_TWO_RIGHT,66.5,64.0,69.0,53,18,20,24,-0.20800459119645698,0.1350218470467908,-0.32177272,-0.6064529574706552,0.28728897643922846
back_vas,ZERO_TWO_RIGHT,67.5,65.0,70.0,53,18,20,24,-0.1619560331360028,0.24661472078315302,-0.19676904,-0.3263409662018493,0.4782097567210133
back_vas,ZERO_TWO_RIGHT,68.5,66.0,71.0,53,18,20,24,-0.1434837446142533,0.30537034123681606,-0.19661337,-0.33545803113137146,0.5054253609990615
back_vas,ZERO_TWO_RIGHT,69.5,67.0,72.0,53,18,20,24,-0.15542068320549546,0.2664528326081508,-0.24831516,-0.4469803548834213,0.3434119255991339
back_vas,ZERO_TWO_RIGHT,70.5,68.0,73.0,53,18,20,24,-0.21732959047426653,0.11800441155318016,-0.35492525,-0.6025548456611935,0.20170234254574193
back_vas,ZERO_TWO_RIGHT,71.5,69.0,74.0,53,18,20,24,-0.1708680850236916,0.22121771550733885,-0.2478085,-0.37353227859194305,0.382621003784396
back_vas,ZERO_TWO_RIGHT,72.5,70.0,75.0,53,18,20,24,-0.16118585829278528,0.24889890609064722,-0.19512211,-0.31706961366746855,0.5375858879358839
back_vas,ZERO_TWO_RIGHT,73.5,71.0,76.0,53,18,20,24,-0.19423914791513036,0.16341506717863435,-0.22230712,-0.3638702014052035,0.5229180823822277
back_vas,ZERO_TWO_RIGHT,74.5,72.0,77.0,53,18,20,24,-0.10550379702165998,0.45213147988880564,-0.06428363,-0.1002418674239801,0.8594164421483137
back_vas,ZERO_TWO_RIGHT,75.5,73.0,78.0,53,18,20,24,-0.14777113248077048,0.2909919068956606,-0.14617473,-0.23414883405647594,0.708588010829682
back_vas,ZERO_TWO_RIGHT,76.5,74.0,79.0,53,18,20,24,-0.1316097867324096,0.34753493466248353,-0.14304441,-0.23160000051781668,0.7062799781622737
back_vas,ZERO_TWO_RIGHT,77.5,75.0,80.0,53,18,20,24,-0.16897428863620576,0.2264560277947441,-0.37087116,-0.5798956034742162,0.2626589617832632
back_vas,ZERO_TWO_RIGHT,78.5,76.0,81.0,53,18,20,24,-0.09655910758790462,0.4915734116449,-0.1731632,-0.28156598372588576,0.6246307812097189
back_vas,ZERO_TWO_RIGHT,79.5,77.0,82.0,53,18,20,24,-0.15661960753737209,0.26273596820079614,-0.21855208,-0.38401307301761933,0.5793281086690416
back_vas,ZERO_TWO_RIGHT,80.5,78.0,83.0,53,18,20,24,-0.08624890725665338,0.5391657377635581,-0.05871187,-0.11360336298972734,0.8840473187802386
back_vas,ZERO_TWO_RIGHT,81.5,79.0,84.0,53,18,20,24,-0.10166110533394287,0.46885956660417333,-0.0006049624,-0.0011801366151283185,0.9989079689287772
back_vas,ZERO_TWO_RIGHT,82.5,80.0,85.0,53,18,20,24,-0.10451785531393971,0.45639200305019817,0.103122026,0.19817882126387873,0.799170744043888
back_vas,ZERO_TWO_RIGHT,83.5,81.0,86.0,53,18,20,24,-0.030079832042870847,0.8306943972885722,0.2776048,0.5817806954156309,0.4449500735812848
back_vas,ZERO_TWO_RIGHT,84.5,82.0,87.0,53,18,20,24,-0.06832138910201788,0.626899421727797,0.04558831,0.08337687409289361,0.8813628028469538
back_vas,ZERO_TWO_RIGHT,85.5,83.0,88.0,53,18,20,24,-0.07195898939814428,0.6086214904871021,0.1488977,0.28586224699545953,0.6195992969103055
back_vas,ZERO_TWO_RIGHT,86.5,84.0,89.0,53,18,20,24,-0.0522155204961917,0.7103963715327791,0.10221106,0.2135346871547503,0.728879916051837
back_vas,ZERO_TWO_RIGHT,87.5,85.0,90.0,53,18,20,24,-0.0783151163548196,0.5772509365453012,-0.08999855,-0.2051271664020656,0.7704834500464037
back_vas,ZERO_TWO_RIGHT,88.5,86.0,91.0,53,18,20,24,-0.2013108144433132,0.14832780051003328,-0.443178,-0.9246166934739495,0.16810416184562194
back_vas,ZERO_TWO_RIGHT,89.5,87.0,92.0,53,18,20,24,-0.15843532568162144,0.25717336246641787,-0.32706472,-0.7292835107855795,0.30653343273309674
back_vas,ZERO_TWO_RIGHT,90.5,88.0,93.0,53,18,20,24,-0.16646287024089923,0.23353423206598406,-0.38966885,-0.8319342324038578,0.2656330052630159
back_vas,ZERO_TWO_RIGHT,91.5,89.0,94.0,53,18,20,24,-0.22063610529718897,0.11237962736016043,-0.44449362,-0.9498744121505208,0.22857545488006614
back_vas,ZERO_TWO_RIGHT,92.5,90.0,95.0,53,18,20,24,-0.15378764285824656,0.27157174454455163,-0.19025385,-0.35983285842059465,0.6029168700670389
back_vas,ZERO_TWO_RIGHT,93.5,91.0,96.0,53,18,20,24,-0.18321839348808663,0.18911823444938738,-0.22810622,-0.4331081170160171,0.4901948642126085
back_vas,ZERO_TWO_RIGHT,94.5,92.0,97.0,53,18,20,24,-0.1810138541901809,0.19458884453714073,-0.19563502,-0.37944525553985015,0.6090955316944496
back_vas,ZERO_TWO_RIGHT,95.5,93.0,98.0,53,18,20,24,-0.13845160844593765,0.3228196184463593,-0.13412109,-0.27837500822615807,0.69537881040141
back_vas,ZERO_TWO_RIGHT,96.5,94.0,99.0,53,18,20,24,-0.07582485317382696,0.5894534319607042,-0.0028035382,-0.005714189742932625,0.9931657144317252
back_vas,ZERO_TWO_RIGHT,97.5,95.0,100.0,53,18,20,24,-0.06438066552854123,0.6469540623374563,-0.020753764,-0.04581519452346483,0.9440029158793801
back_vas,ZERO_TWO_RIGHT,98.5,96.0,101.0,53,18,20,24,-0.03347301988814179,0.811925218618397,0.092997976,0.20792922698425464,0.7559266025432
mpq_sum,ONE_THREE_LEFT,6.5,4.0,9.0,90,30,34,40,-0.45067825316288357,8.295826813154356e-06,-0.98452526,-2.274221469161776,0.019113114661100838
mpq_sum,ONE_THREE_LEFT,7.5,5.0,10.0,90,30,34,40,-0.45430078902810395,6.869484047612162e-06,-0.96912664,-2.2581391874163854,0.009009825994942275
mpq_sum,ONE_THREE_LEFT,8.5,6.0,11.0,90,30,34,40,-0.4428123073662602,1.240480461068343e-05,-0.95482117,-1.9975228499838487,0.009451409806263468
mpq_sum,ONE_THREE_LEFT,9.5,7.0,12.0,90,30,34,40,-0.46033328106914834,4.993315472165672e-06,-0.97183174,-1.8415771226137325,0.011823611732472447
mpq_sum,ONE_THREE_LEFT,10.5,8.0,13.0,90,30,34,40,-0.43132958199451177,2.192894114739551e-05,-0.92034036,-1.7722649880427581,0.007082000398908254
mpq_sum,ONE_THREE_LEFT,11.5,9.0,14.0,90,30,34,40,-0.38631860578092814,0.00016935994572498474,-0.8109056,-1.5265406537593267,0.014807353252094643
mpq_sum,ONE_THREE_LEFT,12.5,10.0,15.0,90,30,34,40,-0.3941725886018272,0.00012102850492830687,-0.8216223,-1.50526482972639,0.02224448516294609
mpq_sum,ONE_THREE_LEFT,13.5,11.0,16.0,90,30,34,40,-0.3871016408397089,0.00016384224655773913,-0.7851026,-1.3000382753008914,0.028391605842894886
mpq_sum,ONE_THREE_LEFT,14.5,12.0,17.0,90,30,34,40,-0.3632836295575043,0.000432720643799529,-0.7372467,-1.288509211174977,0.02424512244135566
mpq_sum,ONE_THREE_LEFT,15.5,13.0,18.0,90,30,34,40,-0.3447219142048249,0.0008772021101892486,-0.65383923,-1.1233743657247872,0.044616632706688295
mpq_sum,ONE_THREE_LEFT,16.5,14.0,19.0,90,30,34,40,-0.36844231849170966,0.0003528402680005911,-0.7695166,-1.3972525061022605,0.02707803641121171
mpq_sum,ONE_THREE_LEFT,17.5,15.0,20.0,90,30,34,40,-0.3191250492128348,0.0021712409980667448,-0.7036962,-1.3083544609578088,0.030720557989710223
mpq_sum,ONE_THREE_LEFT,18.5,16.0,21.0,90,30,34,40,-0.2535561901678652,0.01589280757615587,-0.54385436,-0.9533431402697314,0.06824259715434247
mpq_sum,ONE_THREE_LEFT,19.5,17.0,22.0,90,30,34,40,-0.2084300493627216,0.04867700455014165,-0.41270697,-0.7649225726023171,0.17159078305697373
mpq_sum,ONE_THREE_LEFT,20.5,18.0,23.0,90,30,34,40,-0.16210143803703578,0.12689842608124743,-0.31510428,-0.5593047912386421,0.3276661288773637
mpq_sum,ONE_THREE_LEFT,21.5,19.0,24.0,90,30,34,40,-0.07173219032876484,0.5016695973480918,-0.05914877,-0.10085476557464246,0.8499927774754179
mpq_sum,ONE_THREE_LEFT,22.5,20.0,25.0,90,30,34,40,-0.043648584936591454,0.6829115357805386,0.04892867,0.08143835988828008,0.8767869234967993
mpq_sum,ONE_THREE_LEFT,23.5,21.0,26.0,90,30,34,40,-0.034474989812920735,0.7470113677340904,0.07176923,0.11611049939707185,0.822924555528188
mpq_sum,ONE_THREE_LEFT,24.5,22.0,27.0,90,30,34,40,-0.02380968841036805,0.8237280107932228,0.062627584,0.09780583528271375,0.8467629824767497
mpq_sum,ONE_THREE_LEFT,25.5,23.0,28.0,90,30,34,40,-0.03606722705110489,0.7357470426602062,0.02809537,0.042997842074866455,0.9295301472106631
mpq_sum,ONE_THREE_LEFT,26.5,24.0,29.0,90,30,34,40,-0.04807866870295372,0.6527112273981189,-0.012755565,-0.019926893602520562,0.9670032871740644
mpq_sum,ONE_THREE_LEFT,27.5,25.0,30.0,90,30,34,40,-0.0945057381113062,0.37561061123767137,-0.16797751,-0.28691657701989803,0.5766382744071681
mpq_sum,ONE_THREE_LEFT,28.5,26.0,31.0,90,30,34,40,-0.11217189878870078,0.29252109595319836,-0.20501731,-0.35829353310641415,0.49817958973918275
mpq_sum,ONE_THREE_LEFT,29.5,27.0,32.0,90,30,34,40,-0.13063425562445818,0.21972913151948797,-0.27640125,-0.5236917635739557,0.42450782314925606
mpq_sum,ONE_THREE_LEFT,30.5,28.0,33.0,90,30,34,40,-0.1336144292040498,0.2092983593403028,-0.32924062,-0.624701193166048,0.37102758388523205
mpq_sum,ONE_THREE_LEFT,31.5,29.0,34.0,90,30,34,40,-0.15336632814874526,0.14897096665056386,-0.41182828,-0.773296284228192,0.3080880898592796
mpq_sum,ONE_THREE_LEFT,32.5,30.0,35.0,90,30,34,40,-0.1658578514826688,0.11821428177369889,-0.4413249,-0.8435776074762409,0.29954208461781606
mpq_sum,ONE_THREE_LEFT,33.5,31.0,36.0,90,30,34,40,-0.19848942627027238,0.060734920119132,-0.5073447,-0.9216558128796233,0.2336593339254427
mpq_sum,ONE_THREE_LEFT,34.5,32.0,37.0,90,30,34,40,-0.25268883493390704,0.01626829494559597,-0.6345823,-1.0575309679460068,0.12434921773572878
mpq_sum,ONE_THREE_LEFT,35.5,33.0,38.0,90,30,34,40,-0.2874314692925184,0.00601580059380211,-0.65831363,-1.1058444070002107,0.10619610708666048
mpq_sum,ONE_THREE_LEFT,36.5,34.0,39.0,90,30,34,40,-0.34787765257294706,0.0007802382362905189,-0.77637213,-1.3712783668127644,0.049348145604025756
mpq_sum,ONE_THREE_LEFT,37.5,35.0,40.0,90,30,34,40,-0.320702060225832,0.0020578620357527924,-0.6998441,-1.266224891529418,0.06692485815560328
mpq_sum,ONE_THREE_LEFT,38.5,36.0,41.0,90,30,34,40,-0.3020603683528522,0.0038103358799031132,-0.68028533,-1.2774885294119764,0.08160691329550757
mpq_sum,ONE_THREE_LEFT,39.5,37.0,42.0,90,30,34,40,-0.2554530365704801,0.01509765727070234,-0.5278441,-1.0332857739982642,0.14891151509604433
mpq_sum,ONE_THREE_LEFT,40.5,38.0,43.0,90,30,34,40,-0.2517287545480585,0.01669283420712091,-0.5909343,-1.0976944458293507,0.11439088293801075
mpq_sum,ONE_THREE_LEFT,41.5,39.0,44.0,90,30,34,40,-0.2309806993089419,0.028498462687089016,-0.54614866,-0.9465500806461359,0.10920713780481349
mpq_sum,ONE_THREE_LEFT,42.5,40.0,45.0,90,30,34,40,-0.22708943668864323,0.0313618599185189,-0.56309384,-1.0075817041866544,0.08295054369001824
mpq_sum,ONE_THREE_LEFT,43.5,41.0,46.0,90,30,34,40,-0.2631070344408001,0.012228769775003789,-0.68658704,-1.281658044349223,0.05021499817211044
mpq_sum,ONE_THREE_LEFT,44.5,42.0,47.0,90,30,34,40,-0.3079057501454834,0.0031541632397328397,-0.7796445,-1.425333949223992,0.03163805365712056
mpq_sum,ONE_THREE_LEFT,45.5,43.0,48.0,90,30,34,40,-0.3001040777168729,0.004055724822099836,-0.7751753,-1.3854499332251509,0.033653058179761185
mpq_sum,ONE_THREE_LEFT,46.5,44.0,49.0,90,30,34,40,-0.29318244303091434,0.005041032178618159,-0.757495,-1.274373969530454,0.04695653262191587
mpq_sum,ONE_THREE_LEFT,47.5,45.0,50.0,90,30,34,40,-0.32072318727447635,0.0020563800398537293,-0.7860227,-1.2192209815071604,0.04870209712638445
mpq_sum,ONE_THREE_LEFT,48.5,46.0,51.0,90,30,34,40,-0.29109511883744343,0.005377273669843501,-0.7151572,-1.0883766701555795,0.0755120943795579
mpq_sum,ONE_THREE_LEFT,49.5,47.0,52.0,90,30,34,40,-0.26836904535663025,0.010543273030849919,-0.64685166,-0.9350186763131014,0.09581410328234398
mpq_sum,ONE_THREE_LEFT,50.5,48.0,53.0,90,30,34,40,-0.27450866483639924,0.0088364338327606,-0.6414602,-0.9348791621667922,0.12642426503827328
mpq_sum,ONE_THREE_LEFT,51.5,49.0,54.0,90,30,34,40,-0.294354866649042,0.004860479541981841,-0.69267625,-1.0676109781095595,0.09206803485571657
mpq_sum,ONE_THREE_LEFT,52.5,50.0,55.0,90,30,34,40,-0.29369651447582856,0.004961144486304845,-0.6923938,-1.066870224194272,0.08720113739013262
mpq_sum,ONE_THREE_LEFT,53.5,51.0,56.0,90,30,34,40,-0.35222025934783807,0.0006627609435268083,-0.79151624,-1.2592111298665123,0.04160484299501429
mpq_sum,ONE_THREE_LEFT,54.5,52.0,57.0,90,30,34,40,-0.3914965536279202,0.00013583699771907488,-0.8853729,-1.5629236807909899,0.01669958193598715
mpq_sum,ONE_THREE_LEFT,55.5,53.0,58.0,90,30,34,40,-0.3912934583458956,0.00013702671694046034,-0.8302937,-1.7366765164920963,0.012100520215395875
mpq_sum,ONE_THREE_LEFT,56.5,54.0,59.0,90,30,34,40,-0.39991456176953144,9.416097939538186e-05,-0.81057554,-1.5994241235478692,0.014925478712736091
mpq_sum,ONE_THREE_LEFT,57.5,55.0,60.0,90,30,34,40,-0.43230833347827347,2.0906185340388578e-05,-0.8459439,-1.9556021996234985,0.01881150687629846
mpq_sum,ONE_THREE_LEFT,58.5,56.0,61.0,90,30,34,40,-0.39044401854831845,0.0001421079776448459,-0.772375,-1.6288871805693166,0.02627284963318502
mpq_sum,ONE_THREE_LEFT,59.5,57.0,62.0,90,30,34,40,-0.3750627176870013,0.00027017966893369907,-0.7070684,-1.3433390612593494,0.029784578490497322
mpq_sum,ONE_THREE_LEFT,60.5,58.0,63.0,90,30,34,40,-0.36704802437484224,0.00037297427992798263,-0.725548,-1.27056113515312,0.021893660503574854
mpq_sum,ONE_THREE_LEFT,61.5,59.0,64.0,90,30,34,40,-0.36450625873992815,0.00041241606134435964,-0.7583653,-1.4958938542384685,0.024595158220792303
mpq_sum,ONE_THREE_LEFT,62.5,60.0,65.0,90,30,34,40,-0.33143887877330047,0.0014175188147625996,-0.77887803,-1.5693411909093062,0.02679256851344513
mpq_sum,ONE_THREE_LEFT,63.5,61.0,66.0,90,30,34,40,-0.3466883846256961,0.0008155691462098542,-0.7833609,-1.6233624401695197,0.060957460369801465
mpq_sum,ONE_THREE_LEFT,64.5,62.0,67.0,90,30,34,40,-0.3332453511549371,0.0013295899340593164,-0.7374164,-1.4593884498772491,0.05981852332742948
mpq_sum,ONE_THREE_LEFT,65.5,63.0,68.0,90,30,34,40,-0.33273039183025344,0.0013541371304111249,-0.76124215,-1.6585765053880417,0.03589486266678295
mpq_sum,ONE_THREE_LEFT,66.5,64.0,69.0,90,30,34,40,-0.32218305190935714,0.0019562759246331027,-0.7393011,-1.703481301281108,0.03638066349795989
mpq_sum,ONE_THREE_LEFT,67.5,65.0,70.0,90,30,34,40,-0.3153809554256285,0.0024632827375146897,-0.71058905,-1.655157203913785,0.027287192008136504
mpq_sum,ONE_THREE_LEFT,68.5,66.0,71.0,90,30,34,40,-0.31297271776690133,0.0026693292378407595,-0.62265855,-1.450977474224441,0.020566727633429944
mpq_sum,ONE_THREE_LEFT,69.5,67.0,72.0,90,30,34,40,-0.28762772052172636,0.0059799666523523256,-0.5485466,-1.3383860194927941,0.051567646013228066
mpq_sum,ONE_THREE_LEFT,70.5,68.0,73.0,90,30,34,40,-0.30726947751692346,0.0032203129904214327,-0.5173827,-1.1062969047489197,0.08914185417862135
mpq_sum,ONE_THREE_LEFT,71.5,69.0,74.0,90,30,34,40,-0.3363098924282606,0.0011916693315098875,-0.55724657,-1.1238348302959271,0.06362918837241686
mpq_sum,ONE_THREE_LEFT,72.5,70.0,75.0,90,30,34,40,-0.26994560466558143,0.010079534074964588,-0.3584659,-0.7012890532105818,0.23941266244596582
mpq_sum,ONE_THREE_LEFT,73.5,71.0,76.0,90,30,34,40,-0.32384073486248877,0.001847953865885122,-0.534922,-1.0653539063207949,0.09011550145425892
mpq_sum,ONE_THREE_LEFT,74.5,72.0,77.0,90,30,34,40,-0.30769441802986114,0.003175998007007946,-0.57064044,-1.1840947873438954,0.05799158620865838
mpq_sum,ONE_THREE_LEFT,75.5,73.0,78.0,90,30,34,40,-0.2787435113647774,0.007805318199935219,-0.5128763,-1.0890573851848706,0.09468069263466972
mpq_sum,ONE_THREE_LEFT,76.5,74.0,79.0,90,30,34,40,-0.2599868808540356,0.013335237490153369,-0.43548188,-0.9582827288061848,0.15080871104795573
mpq_sum,ONE_THREE_LEFT,77.5,75.0,80.0,90,30,34,40,-0.25837492675986967,0.013940209077458193,-0.44704798,-0.966439232392112,0.10975972793056966
mpq_sum,ONE_THREE_LEFT,78.5,76.0,81.0,90,30,34,40,-0.15102243471564566,0.15535715974766567,-0.2182336,-0.4529576535339839,0.4211000004648765
mpq_sum,ONE_THREE_LEFT,79.5,77.0,82.0,90,30,34,40,-0.2093049490784907,0.0477178019795765,-0.33984604,-0.6692452453457909,0.18059059513384823
mpq_sum,ONE_THREE_LEFT,80.5,78.0,83.0,90,30,34,40,-0.21750172109012242,0.039467248428946916,-0.38757813,-0.7478740603667432,0.12544072716752017
mpq_sum,ONE_THREE_LEFT,81.5,79.0,84.0,90,30,34,40,-0.21274449438622087,0.04409695469230723,-0.39136833,-0.7087474098614749,0.14356784468632117
mpq_sum,ONE_THREE_LEFT,82.5,80.0,85.0,90,30,34,40,-0.21830406774479816,0.03872787012175292,-0.4085932,-0.76600891092403,0.10853567596394197
mpq_sum,ONE_THREE_LEFT,83.5,81.0,86.0,90,30,34,40,-0.23930961636965264,0.023106394776597008,-0.46913034,-0.9961550113481046,0.08433564367657713
mpq_sum,ONE_THREE_LEFT,84.5,82.0,87.0,90,30,34,40,-0.21004115711197724,0.046922802312964404,-0.4115956,-0.976441149541514,0.14430307893687713
mpq_sum,ONE_THREE_LEFT,85.5,83.0,88.0,90,30,34,40,-0.200462263158095,0.058165765728513,-0.3982281,-0.9212052429774844,0.12693292498213182
mpq_sum,ONE_THREE_LEFT,86.5,84.0,89.0,90,30,34,40,-0.2014666879618694,0.05689223939467678,-0.39700255,-0.8176197623759919,0.09830743623540633
mpq_sum,ONE_THREE_LEFT,87.5,85.0,90.0,90,30,34,40,-0.21003399142899284,0.04693048711595285,-0.42550263,-0.84940514268362,0.08387081874690064
mpq_sum,ONE_THREE_LEFT,88.5,86.0,91.0,90,30,34,40,-0.17430003123031768,0.1003737630625644,-0.35075158,-0.7671867273435152,0.17504813272302922
mpq_sum,ONE_THREE_LEFT,89.5,87.0,92.0,90,30,34,40,-0.15090102973860692,0.15569341925338898,-0.31381717,-0.7148140050386196,0.22041749940742383
mpq_sum,ONE_THREE_LEFT,90.5,88.0,93.0,90,30,34,40,-0.1287379931714227,0.2265540545212701,-0.33699492,-0.8923376182815601,0.18551946691152665
mpq_sum,ONE_THREE_LEFT,91.5,89.0,94.0,90,30,34,40,-0.162424966847947,0.1261318058726714,-0.39562374,-1.036900557252744,0.11529335380713383
mpq_sum,ONE_THREE_LEFT,92.5,90.0,95.0,90,30,34,40,-0.15587335352929885,0.14236048906527116,-0.28456494,-0.7489869203106923,0.29896812787788596
mpq_sum,ONE_THREE_LEFT,93.5,91.0,96.0,90,30,34,40,-0.2113747265452164,0.04551062895673477,-0.3638698,-0.933427410482675,0.15811110839171172
mpq_sum,ONE_THREE_LEFT,94.5,92.0,97.0,90,30,34,40,-0.20668542835986914,0.05063725003349094,-0.35438722,-0.937662923829319,0.1658660810317616
mpq_sum,ONE_THREE_LEFT,95.5,93.0,98.0,90,30,34,40,-0.22863948994176675,0.030193439311749188,-0.35451722,-0.8849238073537915,0.19898154309628857
mpq_sum,ONE_THREE_LEFT,96.5,94.0,99.0,90,30,34,40,-0.09514895105976363,0.3723551246669791,-0.03415236,-0.09030912769301219,0.9076150607903903
mpq_sum,ONE_THREE_LEFT,97.5,95.0,100.0,90,30,34,40,-0.13509978948999204,0.20423324108360977,-0.2341796,-0.708609248710869,0.4644556359930062
mpq_sum,ONE_THREE_LEFT,98.5,96.0,101.0,90,30,34,40,-0.10358907865350367,0.3312434979546757,-0.24956472,-0.719649908573256,0.3959531716036355
mpq_sum,ONE_THREE_RIGHT,6.5,4.0,9.0,73,24,26,31,-0.14515855717907308,0.22045045603988747,-0.11904623,-0.16817226959319723,0.7391666894534195
mpq_sum,ONE_THREE_RIGHT,7.5,5.0,10.0,73,24,26,31,-0.12345845869620345,0.2980562202241737,-0.06875436,-0.10228997504046222,0.8525338583404678
mpq_sum,ONE_THREE_RIGHT,8.5,6.0,11.0,73,24,26,31,-0.10117200054843989,0.3943902736722016,-0.008173787,-0.012838791133614587,0.9820164320284112
mpq_sum,ONE_THREE_RIGHT,9.5,7.0,12.0,73,24,26,31,-0.061281776258833943,0.6065256733820117,0.0904351,0.14609516798662936,0.796584318460769
mpq_sum,ONE_THREE_RIGHT,10.5,8.0,13.0,73,24,26,31,-0.13997481407231263,0.23755150753243312,-0.13040462,-0.216872113665929,0.7159869150742659
mpq_sum,ONE_THREE_RIGHT,11.5,9.0,14.0,73,24,26,31,-0.16194681954998608,0.17104701118933938,-0.2085681,-0.3594907453498251,0.5669812973968593
mpq_sum,ONE_THREE_RIGHT,12.5,10.0,15.0,73,24,26,31,-0.2088412575449039,0.0762036211134203,-0.29211015,-0.46321759026170795,0.43225505961551514
mpq_sum,ONE_THREE_RIGHT,13.5,11.0,16.0,73,24,26,31,-0.21198215988261523,0.0717915930392224,-0.3191714,-0.49658054137763075,0.3882275698897849
mpq_sum,ONE_THREE_RIGHT,14.5,12.0,17.0,73,24,26,31,-0.24606212077039596,0.035865385801791355,-0.50866073,-0.8111917129427898,0.15227295793818998
mpq_sum,ONE_THREE_RIGHT,15.5,13.0,18.0,73,24,26,31,-0.2263417303627687,0.054159807939132526,-0.47585982,-0.7567697507032707,0.17437681588371556
mpq_sum,ONE_THREE_RIGHT,16.5,14.0,19.0,73,24,26,31,-0.20695742973738068,0.07895198514180721,-0.48648426,-0.7792227899338512,0.1642096115296765
mpq_sum,ONE_THREE_RIGHT,17.5,15.0,20.0,73,24,26,31,-0.14973230438521426,0.20609568962284144,-0.37827876,-0.6682851131159908,0.2493861928153588
mpq_sum,ONE_THREE_RIGHT,18.5,16.0,21.0,73,24,26,31,-0.12371701474030232,0.297037682000876,-0.3825156,-0.6938246963366573,0.2078072755784761
mpq_sum,ONE_THREE_RIGHT,19.5,17.0,22.0,73,24,26,31,-0.16648096927238254,0.1592173596009394,-0.52957404,-1.016882520430179,0.08663249300699638
mpq_sum,ONE_THREE_RIGHT,20.5,18.0,23.0,73,24,26,31,-0.1654285376286814,0.1619076267624418,-0.54097104,-1.1004282957643097,0.06691251495111308
mpq_sum,ONE_THREE_RIGHT,21.5,19.0,24.0,73,24,26,31,-0.12552220676985726,0.2899899597609333,-0.35681498,-0.7059877203227609,0.2482360117601049
mpq_sum,ONE_THREE_RIGHT,22.5,20.0,25.0,73,24,26,31,-0.1482500995651161,0.21067289869245523,-0.4259945,-0.7848802281678381,0.22803200078420016
mpq_sum,ONE_THREE_RIGHT,23.5,21.0,26.0,73,24,26,31,-0.1584931822574978,0.18048069213574405,-0.43680477,-0.7551374047443337,0.24125605790829496
mpq_sum,ONE_THREE_RIGHT,24.5,22.0,27.0,73,24,26,31,-0.11339297085672069,0.33947982076448474,-0.33031255,-0.57998574482142,0.3892883475424498
mpq_sum,ONE_THREE_RIGHT,25.5,23.0,28.0,73,24,26,31,-0.12043715819268011,0.3101271895070938,-0.33310246,-0.5574464122303073,0.3502192337452904
mpq_sum,ONE_THREE_RIGHT,26.5,24.0,29.0,73,24,26,31,-0.11272118787527756,0.34236731564947465,-0.34122038,-0.5752013944744847,0.3249364365152808
mpq_sum,ONE_THREE_RIGHT,27.5,25.0,30.0,73,24,26,31,-0.1459422018725522,0.21794242897307933,-0.4365519,-0.7570533136875072,0.22254141192795096
mpq_sum,ONE_THREE_RIGHT,28.5,26.0,31.0,73,24,26,31,-0.15960732833830596,0.17739694976468437,-0.4938614,-0.8188852752861281,0.16197628705155565
mpq_sum,ONE_THREE_RIGHT,29.5,27.0,32.0,73,24,26,31,-0.16672215776533603,0.1586055132737437,-0.45100614,-0.7037288750150039,0.15184145001764995
mpq_sum,ONE_THREE_RIGHT,30.5,28.0,33.0,73,24,26,31,-0.14615803818329662,0.21725519223378226,-0.37642467,-0.5548457438726287,0.2245955220007878
mpq_sum,ONE_THREE_RIGHT,31.5,29.0,34.0,73,24,26,31,-0.2193451773233888,0.06224933942338683,-0.5181891,-0.8383326032935509,0.1181657757469571
mpq_sum,ONE_THREE_RIGHT,32.5,30.0,35.0,73,24,26,31,-0.17391090487806243,0.14115918186082965,-0.39534375,-0.6021418097768435,0.19450764563883505
mpq_sum,ONE_THREE_RIGHT,33.5,31.0,36.0,73,24,26,31,-0.16547529058288116,0.1617874067831562,-0.30884603,-0.45059392952199945,0.2954128101012712
mpq_sum,ONE_THREE_RIGHT,34.5,32.0,37.0,73,24,26,31,-0.15632999791226387,0.1865788960695186,-0.31301618,-0.4465489655350745,0.28802137812963635
mpq_sum,ONE_THREE_RIGHT,35.5,33.0,38.0,73,24,26,31,-0.12552898458436193,0.2899637075882168,-0.22757377,-0.32438462319971,0.41762520237343015
mpq_sum,ONE_THREE_RIGHT,36.5,34.0,39.0,73,24,26,31,-0.08094982631232685,0.4959874784482517,-0.12508881,-0.16923121085600878,0.6687381377480134
mpq_sum,ONE_THREE_RIGHT,37.5,35.0,40.0,73,24,26,31,-0.14350401700646223,0.22581212544105794,-0.2533266,-0.36168047021307204,0.38245384188330644
mpq_sum,ONE_THREE_RIGHT,38.5,36.0,41.0,73,24,26,31,-0.17845136720906785,0.13090914076568533,-0.36411136,-0.5319586375226907,0.17078028548697433
mpq_sum,ONE_THREE_RIGHT,39.5,37.0,42.0,73,24,26,31,-0.16881285088199988,0.15337466577181397,-0.3407635,-0.5247129353303963,0.18092071327131454
mpq_sum,ONE_THREE_RIGHT,40.5,38.0,43.0,73,24,26,31,-0.22822282772055635,0.05213787021805035,-0.49552083,-0.8262907241252214,0.07546877190978458
mpq_sum,ONE_THREE_RIGHT,41.5,39.0,44.0,73,24,26,31,-0.25605865614236983,0.02877170901235739,-0.56557053,-1.0322618031189967,0.08101986487295705
mpq_sum,ONE_THREE_RIGHT,42.5,40.0,45.0,73,24,26,31,-0.2369260184223816,0.043571308344953555,-0.5454373,-0.940326311092901,0.0779326388790177
mpq_sum,ONE_THREE_RIGHT,43.5,41.0,46.0,73,24,26,31,-0.20112156183721683,0.0879696267512226,-0.45535436,-0.7468874410747979,0.09783601454671426
mpq_sum,ONE_THREE_RIGHT,44.5,42.0,47.0,73,24,26,31,-0.2677776878537749,0.021997829742731376,-0.5964806,-1.113193590490198,0.050876886834732155
mpq_sum,ONE_THREE_RIGHT,45.5,43.0,48.0,73,24,26,31,-0.20989153926100038,0.07470482319818973,-0.4831048,-0.822122234089729,0.06319940474298481
mpq_sum,ONE_THREE_RIGHT,46.5,44.0,49.0,73,24,26,31,-0.14286893837860945,0.227894144798837,-0.37896258,-0.5724139991692214,0.0816441409382144
mpq_sum,ONE_THREE_RIGHT,47.5,45.0,50.0,73,24,26,31,-0.14495724530243909,0.22109800514069897,-0.34454238,-0.4833756751265769,0.12652728338637556
mpq_sum,ONE_THREE_RIGHT,48.5,46.0,51.0,73,24,26,31,-0.17120745280215455,0.14754244578946818,-0.3855447,-0.5475970205864779,0.08498900598643376
mpq_sum,ONE_THREE_RIGHT,49.5,47.0,52.0,73,24,26,31,-0.1498445783838103,0.2057518785775344,-0.3291097,-0.4302901942029059,0.11580070261712448
mpq_sum,ONE_THREE_RIGHT,50.5,48.0,53.0,73,24,26,31,-0.1788276829735963,0.13008566021377257,-0.3978228,-0.5261955826794025,0.0754725687542356
mpq_sum,ONE_THREE_RIGHT,51.5,49.0,54.0,73,24,26,31,-0.23335897126546182,0.04692996128847198,-0.5093051,-0.7376888984211222,0.03375792992741188
mpq_sum,ONE_THREE_RIGHT,52.5,50.0,55.0,73,24,26,31,-0.23829495066308065,0.04233627019435845,-0.51130587,-0.7023650039840572,0.01577755486306788
mpq_sum,ONE_THREE_RIGHT,53.5,51.0,56.0,73,24,26,31,-0.29975013540822926,0.009983545537595801,-0.64960086,-0.8905813736108755,0.0019634788355788377
mpq_sum,ONE_THREE_RIGHT,54.5,52.0,57.0,73,24,26,31,-0.2797028901088636,0.016548818755237983,-0.6004713,-0.7782446169616528,0.005031680960360144
mpq_sum,ONE_THREE_RIGHT,55.5,53.0,58.0,73,24,26,31,-0.26011071388183327,0.02625395063560364,-0.50812477,-0.6532817846538201,0.049045126989931805
mpq_sum,ONE_THREE_RIGHT,56.5,54.0,59.0,73,24,26,31,-0.28711068094104003,0.013784632177259804,-0.57276136,-0.7170723403511162,0.028951177093997842
mpq_sum,ONE_THREE_RIGHT,57.5,55.0,60.0,73,24,26,31,-0.2705829023223544,0.02059482499205351,-0.56671447,-0.7076055684098166,0.034897503855486095
mpq_sum,ONE_THREE_RIGHT,58.5,56.0,61.0,73,24,26,31,-0.20586288130759342,0.08058473864555694,-0.46106872,-0.6188026733726211,0.0690114089655365
mpq_sum,ONE_THREE_RIGHT,59.5,57.0,62.0,73,24,26,31,-0.18189997954223733,0.1235091537236529,-0.44556814,-0.6398972969972692,0.06355024052634209
mpq_sum,ONE_THREE_RIGHT,60.5,58.0,63.0,73,24,26,31,-0.18489336819621097,0.11734888053503476,-0.534202,-0.871167318110219,0.04785551113132179
mpq_sum,ONE_THREE_RIGHT,61.5,59.0,64.0,73,24,26,31,-0.13595635942876172,0.251424146515621,-0.4319614,-0.6313149140932959,0.12287846768619047
mpq_sum,ONE_THREE_RIGHT,62.5,60.0,65.0,73,24,26,31,-0.0960557579077562,0.4188561136170561,-0.3709263,-0.5800644173794999,0.20968757080413936
mpq_sum,ONE_THREE_RIGHT,63.5,61.0,66.0,73,24,26,31,-0.1017729915254589,0.3915729838910261,-0.35823634,-0.5631363109327182,0.20935882774779513
mpq_sum,ONE_THREE_RIGHT,64.5,62.0,67.0,73,24,26,31,-0.13394136893218775,0.258584557215209,-0.43983105,-0.7448339438141903,0.1506738290976079
mpq_sum,ONE_THREE_RIGHT,65.5,63.0,68.0,73,24,26,31,-0.14330989623023158,0.2264471090224381,-0.38427654,-0.6422573235799506,0.18953707364348804
mpq_sum,ONE_THREE_RIGHT,66.5,64.0,69.0,73,24,26,31,-0.09037315798727709,0.4470278604513303,-0.22458887,-0.38720480327678786,0.45640254974994676
mpq_sum,ONE_THREE_RIGHT,67.5,65.0,70.0,73,24,26,31,-0.14216358933449585,0.2302221832972185,-0.29260913,-0.5094255005674787,0.32075607194732825
mpq_sum,ONE_THREE_RIGHT,68.5,66.0,71.0,73,24,26,31,-0.12357804821179326,0.29758483389188206,-0.29314458,-0.476617823742736,0.28089918355315535
mpq_sum,ONE_THREE_RIGHT,69.5,67.0,72.0,73,24,26,31,-0.0622433750982462,0.6008793095077698,-0.17972924,-0.2773102762024729,0.5138196658247864
mpq_sum,ONE_THREE_RIGHT,70.5,68.0,73.0,73,24,26,31,-0.051413322300933845,0.665756166386425,-0.14706014,-0.2480135357776403,0.5905064697529431
mpq_sum,ONE_THREE_RIGHT,71.5,69.0,74.0,73,24,26,31,-0.18631900556900427,0.11449925602381138,-0.48142532,-0.8587019037362628,0.11314851008213424
mpq_sum,ONE_THREE_RIGHT,72.5,70.0,75.0,73,24,26,31,-0.19649974116431523,0.09567264058969978,-0.5060145,-0.9140164601631345,0.11408858287752398
mpq_sum,ONE_THREE_RIGHT,73.5,71.0,76.0,73,24,26,31,-0.17753724437671636,0.132925962502872,-0.41265702,-0.7225054387337868,0.22666363169800519
mpq_sum,ONE_THREE_RIGHT,74.5,72.0,77.0,73,24,26,31,-0.25220886313492785,0.03134930647923335,-0.5218966,-1.1814732860745354,0.1490690716316026
mpq_sum,ONE_THREE_RIGHT,75.5,73.0,78.0,73,24,26,31,-0.22585555010490044,0.05469267444109061,-0.4718584,-0.8944227351436951,0.12245652118195925
mpq_sum,ONE_THREE_RIGHT,76.5,74.0,79.0,73,24,26,31,-0.13071100484573606,0.27035008902877394,-0.26538312,-0.4033840839174409,0.27854037531173537
mpq_sum,ONE_THREE_RIGHT,77.5,75.0,80.0,73,24,26,31,-0.10949389148994428,0.3564524252667622,-0.2638979,-0.42133393153966225,0.25393057592296153
mpq_sum,ONE_THREE_RIGHT,78.5,76.0,81.0,73,24,26,31,-0.0864551057873792,0.4670502891386883,-0.3039222,-0.5564933862799571,0.21476891861577108
mpq_sum,ONE_THREE_RIGHT,79.5,77.0,82.0,73,24,26,31,-0.05870289289183316,0.6217817407058025,-0.27512306,-0.47469158513056536,0.3182819562767809
mpq_sum,ONE_THREE_RIGHT,80.5,78.0,83.0,73,24,26,31,-0.0787575202033787,0.5077659832126368,-0.3177785,-0.5527013269982302,0.3296707832990421
mpq_sum,ONE_THREE_RIGHT,81.5,79.0,84.0,73,24,26,31,-0.06699693747583647,0.5733153398786788,-0.24984223,-0.4668150918533163,0.3925806074155177
mpq_sum,ONE_THREE_RIGHT,82.5,80.0,85.0,73,24,26,31,-0.025629838083903535,0.82958239977722,-0.10384178,-0.2164221540753853,0.7410698446754989
mpq_sum,ONE_THREE_RIGHT,83.5,81.0,86.0,73,24,26,31,-0.0016725424748376598,0.9887952217753243,0.03054225,0.055905922196986035,0.9268150210231589
mpq_sum,ONE_THREE_RIGHT,84.5,82.0,87.0,73,24,26,31,-0.005163006360057107,0.9654212235281521,0.0466823,0.09571721901213774,0.8907779594849233
mpq_sum,ONE_THREE_RIGHT,85.5,83.0,88.0,73,24,26,31,-0.13028158283656557,0.2719407383375591,-0.25502503,-0.5420582262741568,0.34930577795270357
mpq_sum,ONE_THREE_RIGHT,86.5,84.0,89.0,73,24,26,31,-0.10598924326745922,0.37214649693397145,-0.23753677,-0.5226213965537989,0.3932022687845036
mpq_sum,ONE_THREE_RIGHT,87.5,85.0,90.0,73,24,26,31,-0.13810643632414518,0.2439343014350483,-0.3094371,-0.6239578000067917,0.2924717663703281
mpq_sum,ONE_THREE_RIGHT,88.5,86.0,91.0,73,24,26,31,-0.24577517997924905,0.03608882266323501,-0.61857194,-1.3137919628247567,0.09521695535618073
mpq_sum,ONE_THREE_RIGHT,89.5,87.0,92.0,73,24,26,31,-0.1831279417803562,0.12095282865340821,-0.44060495,-0.8129593541650519,0.16707265069619026
mpq_sum,ONE_THREE_RIGHT,90.5,88.0,93.0,73,24,26,31,-0.09743116637871072,0.412194511450606,-0.21559206,-0.3819633590901747,0.5039430701288257
mpq_sum,ONE_THREE_RIGHT,91.5,89.0,94.0,73,24,26,31,-0.1286114617772108,0.27818667285408194,-0.22325245,-0.3934742656957089,0.4907483378909836
mpq_sum,ONE_THREE_RIGHT,92.5,90.0,95.0,73,24,26,31,-0.14681591472548136,0.21516988604545792,-0.28413838,-0.488392151829018,0.3456525946153295
mpq_sum,ONE_THREE_RIGHT,93.5,91.0,96.0,73,24,26,31,0.007236177528352471,0.9515506633744778,0.056450065,0.09801446801003465,0.8379189712004824
mpq_sum,ONE_THREE_RIGHT,94.5,92.0,97.0,73,24,26,31,-0.07523693704764595,0.5269770827342193,-0.19751266,-0.38455261138900376,0.4756892204674682
mpq_sum,ONE_THREE_RIGHT,95.5,93.0,98.0,73,24,26,31,-0.08320117973908356,0.48404192136805174,-0.20757364,-0.40893918807973334,0.42677978453499077
mpq_sum,ONE_THREE_RIGHT,96.5,94.0,99.0,73,24,26,31,-0.11110970633097193,0.34935630977198,-0.352249,-0.6934300240309151,0.1689871322904466
mpq_sum,ONE_THREE_RIGHT,97.5,95.0,100.0,73,24,26,31,-0.10707214774484815,0.3672530269530891,-0.3065473,-0.6305376016454178,0.2700441774844311
mpq_sum,ONE_THREE_RIGHT,98.5,96.0,101.0,73,24,26,31,-0.12831176289513832,0.27931752138231036,-0.30269068,-0.5524746908270032,0.2934117242546521
mpq_sum,ZERO_THREE_LEFT,6.5,4.0,9.0,86,31,29,36,-0.25880198816998556,0.01612576380378943,-0.32484412,-0.5238644197810949,0.2626878183167808
mpq_sum,ZERO_THREE_LEFT,7.5,5.0,10.0,86,31,29,36,-0.1712961924188759,0.11480234961303508,-0.15049808,-0.22208934365989078,0.5902436451503164
mpq_sum,ZERO_THREE_LEFT,8.5,6.0,11.0,86,31,29,36,-0.10797674896703655,0.322379684331209,-0.040821295,-0.06153505359830186,0.8937905936013013
mpq_sum,ZERO_THREE_LEFT,9.5,7.0,12.0,86,31,29,36,-0.09594553094695074,0.37952490365322333,-0.03328802,-0.0500414239557619,0.915961948925651
mpq_sum,ZERO_THREE_LEFT,10.5,8.0,13.0,86,31,29,36,-0.11918420824854031,0.2743952186154327,-0.081670664,-0.12584586617595483,0.797884711318913
mpq_sum,ZERO_THREE_LEFT,11.5,9.0,14.0,86,31,29,36,-0.07986011294154993,0.4648257691222864,-0.03587977,-0.055576215182637285,0.9106675284059638
mpq_sum,ZERO_THREE_LEFT,12.5,10.0,15.0,86,31,29,36,-0.0910672139972406,0.4043377016636624,-0.04042808,-0.06785465136230033,0.9015204000721306
mpq_sum,ZERO_THREE_LEFT,13.5,11.0,16.0,86,31,29,36,-0.12434565227300508,0.25399735955322217,-0.13748635,-0.22942415567762175,0.6701782341525351
mpq_sum,ZERO_THREE_LEFT,14.5,12.0,17.0,86,31,29,36,-0.13520486031990137,0.21453217452410261,-0.17792432,-0.3195400512427554,0.5848478797759525
mpq_sum,ZERO_THREE_LEFT,15.5,13.0,18.0,86,31,29,36,-0.10761454734979929,0.3240150739495216,-0.08457193,-0.1497103141148101,0.7933302273483567
mpq_sum,ZERO_THREE_LEFT,16.5,14.0,19.0,86,31,29,36,-0.1366455929269919,0.20964209346366333,-0.16866699,-0.30506617168692995,0.6014357980437122
mpq_sum,ZERO_THREE_LEFT,17.5,15.0,20.0,86,31,29,36,-0.13386468464083792,0.21915295180862926,-0.21863785,-0.38426552120916807,0.4911600068570463
mpq_sum,ZERO_THREE_LEFT,18.5,16.0,21.0,86,31,29,36,-0.06680484536936743,0.5411065993150479,-0.02589144,-0.04408188007176081,0.9330619234616598
mpq_sum,ZERO_THREE_LEFT,19.5,17.0,22.0,86,31,29,36,-0.022358848242199737,0.8380887282028987,0.09751753,0.17285608509340805,0.751274837655128
mpq_sum,ZERO_THREE_LEFT,20.5,18.0,23.0,86,31,29,36,0.01419912822607507,0.8967587009454924,0.13527304,0.23981147492460753,0.6648296178403399
mpq_sum,ZERO_THREE_LEFT,21.5,19.0,24.0,86,31,29,36,0.1313607395366862,0.2279733859143307,0.40980554,0.6683569121509193,0.15329398979585582
mpq_sum,ZERO_THREE_LEFT,22.5,20.0,25.0,86,31,29,36,0.1772635338716642,0.10251567959332372,0.5232779,0.8414001872116289,0.05289062376934433
mpq_sum,ZERO_THREE_LEFT,23.5,21.0,26.0,86,31,29,36,0.14596683052612977,0.17991145908924938,0.4522063,0.7407367428340778,0.11425527817025956
mpq_sum,ZERO_THREE_LEFT,24.5,22.0,27.0,86,31,29,36,0.17339348112053682,0.11036062008446561,0.5023943,0.7976706506034007,0.08336333678799064
mpq_sum,ZERO_THREE_LEFT,25.5,23.0,28.0,86,31,29,36,0.13795322093372514,0.2052728718379294,0.40765563,0.6155065046418701,0.16643927865889085
mpq_sum,ZERO_THREE_LEFT,26.5,24.0,29.0,86,31,29,36,0.07852257437521358,0.47236060659591717,0.2572304,0.41777885441689766,0.42098377426225164
mpq_sum,ZERO_THREE_LEFT,27.5,25.0,30.0,86,31,29,36,0.035512595239516394,0.7454735517953505,0.14593287,0.27717740462315954,0.6652211692824802
mpq_sum,ZERO_THREE_LEFT,28.5,26.0,31.0,86,31,29,36,0.035856901460237914,0.7430909954654792,0.13224041,0.2558280792175972,0.685281945226597
mpq_sum,ZERO_THREE_LEFT,29.5,27.0,32.0,86,31,29,36,0.0024708072653483047,0.9819868432570203,-0.0052537424,-0.010753034662960218,0.9863546079093677
mpq_sum,ZERO_THREE_LEFT,30.5,28.0,33.0,86,31,29,36,-0.07631932018336836,0.4849150433300439,-0.23941939,-0.5724118892840904,0.49587687577080464
mpq_sum,ZERO_THREE_LEFT,31.5,29.0,34.0,86,31,29,36,-0.12124980732143811,0.2661039492803812,-0.35364786,-0.936126742032725,0.3128425529868504
mpq_sum,ZERO_THREE_LEFT,32.5,30.0,35.0,86,31,29,36,-0.18051786600515782,0.0962620696740883,-0.4365993,-1.0410977850296719,0.1989280931644033
mpq_sum,ZERO_THREE_LEFT,33.5,31.0,36.0,86,31,29,36,-0.2574151800974728,0.01672447211947658,-0.61241704,-1.3451221544655183,0.053888737195330334
mpq_sum,ZERO_THREE_LEFT,34.5,32.0,37.0,86,31,29,36,-0.3100845916284244,0.003666579844305973,-0.7356326,-1.5425748041478329,0.015691225494107907
mpq_sum,ZERO_THREE_LEFT,35.5,33.0,38.0,86,31,29,36,-0.2647912661346816,0.013747709956778308,-0.6356875,-1.4174723328642558,0.041712270887317764
mpq_sum,ZERO_THREE_LEFT,36.5,34.0,39.0,86,31,29,36,-0.2972634426847565,0.0054443341041633736,-0.8014227,-1.9090603951627934,0.00836708885981049
mpq_sum,ZERO_THREE_LEFT,37.5,35.0,40.0,86,31,29,36,-0.17661224226978636,0.1038045107334122,-0.49607065,-1.0549116934294698,0.16466828967286706
mpq_sum,ZERO_THREE_LEFT,38.5,36.0,41.0,86,31,29,36,-0.12670974113420305,0.24500972484711833,-0.38742676,-0.8107785544701337,0.25700482210443554
mpq_sum,ZERO_THREE_LEFT,39.5,37.0,42.0,86,31,29,36,-0.13378104271998023,0.21944364855418688,-0.39879915,-0.9661323602631877,0.29213364533481323
mpq_sum,ZERO_THREE_LEFT,40.5,38.0,43.0,86,31,29,36,-0.19953872324866023,0.06548413996826828,-0.5678998,-1.4913613876511815,0.15762765086422192
mpq_sum,ZERO_THREE_LEFT,41.5,39.0,44.0,86,31,29,36,-0.19882834992345816,0.06646914920266214,-0.47240365,-1.118654487409571,0.22038897545921732
mpq_sum,ZERO_THREE_LEFT,42.5,40.0,45.0,86,31,29,36,-0.30644306593343745,0.004109474118151015,-0.70576555,-1.6678607625194422,0.05149462917194722
mpq_sum,ZERO_THREE_LEFT,43.5,41.0,46.0,86,31,29,36,-0.32145455101528775,0.00254484675213436,-0.73015213,-1.549300586071845,0.07369347074241456
mpq_sum,ZERO_THREE_LEFT,44.5,42.0,47.0,86,31,29,36,-0.35489326809697097,0.0007999018247592618,-0.775548,-1.6034954306563796,0.06637824254092982
mpq_sum,ZERO_THREE_LEFT,45.5,43.0,48.0,86,31,29,36,-0.3342552905365815,0.001658651315251082,-0.72708744,-1.3706432899121601,0.1288082982748052
mpq_sum,ZERO_THREE_LEFT,46.5,44.0,49.0,86,31,29,36,-0.33309240298471865,0.0017257233617125035,-0.7237812,-1.3506117322085223,0.06228127672093565
mpq_sum,ZERO_THREE_LEFT,47.5,45.0,50.0,86,31,29,36,-0.352268341200732,0.0008800626082091891,-0.7559702,-1.5254384670175418,0.06118346453583931
mpq_sum,ZERO_THREE_LEFT,48.5,46.0,51.0,86,31,29,36,-0.3692838120020916,0.00046696384829033325,-0.84018475,-1.84362538634272,0.02107295884281028
mpq_sum,ZERO_THREE_LEFT,49.5,47.0,52.0,86,31,29,36,-0.36569900435352454,0.0005352195265589038,-0.8723535,-1.9902946354694968,0.012798732987968317
mpq_sum,ZERO_THREE_LEFT,50.5,48.0,53.0,86,31,29,36,-0.37252511924823567,0.00041221241590855257,-0.8768569,-2.1037829665256256,0.009440406240057262
mpq_sum,ZERO_THREE_LEFT,51.5,49.0,54.0,86,31,29,36,-0.3750151352342744,0.0003742215350568196,-0.88017786,-2.080622448045366,0.011550956618237646
mpq_sum,ZERO_THREE_LEFT,52.5,50.0,55.0,86,31,29,36,-0.39085975391899147,0.00019858635769144943,-0.918305,-2.2758369546569726,0.00955059899293462
mpq_sum,ZERO_THREE_LEFT,53.5,51.0,56.0,86,31,29,36,-0.409428024487857,9.064309116505109e-05,-1.0009105,-2.4158253179405795,0.006278068354343807
mpq_sum,ZERO_THREE_LEFT,54.5,52.0,57.0,86,31,29,36,-0.3912725563653076,0.00019525080920801947,-0.9726186,-2.266543976763917,0.0187851391023443
mpq_sum,ZERO_THREE_LEFT,55.5,53.0,58.0,86,31,29,36,-0.39710945396821035,0.00015329736795376053,-0.9612393,-2.1466473278931306,0.021728287538624606
mpq_sum,ZERO_THREE_LEFT,56.5,54.0,59.0,86,31,29,36,-0.4091522047511326,9.173648091069299e-05,-0.98712224,-2.158278650051021,0.027092439597919182
mpq_sum,ZERO_THREE_LEFT,57.5,55.0,60.0,86,31,29,36,-0.392328624203552,0.0001869513680046511,-1.0236887,-2.3867193992653815,0.02657123815587376
mpq_sum,ZERO_THREE_LEFT,58.5,56.0,61.0,86,31,29,36,-0.3731638849244995,0.0004021431680467492,-0.8722335,-2.313446432942376,0.0614961363963838
mpq_sum,ZERO_THREE_LEFT,59.5,57.0,62.0,86,31,29,36,-0.35187140285302065,0.0008928015314353842,-0.7383138,-2.2517487182036464,0.03506345972892663
mpq_sum,ZERO_THREE_LEFT,60.5,58.0,63.0,86,31,29,36,-0.32565437952972653,0.0022158257308139266,-0.6538857,-2.103828979192177,0.0813658843469198
mpq_sum,ZERO_THREE_LEFT,61.5,59.0,64.0,86,31,29,36,-0.33337088609484267,0.0017094419692149415,-0.61522126,-2.1326684085636547,0.06191288501259973
mpq_sum,ZERO_THREE_LEFT,62.5,60.0,65.0,86,31,29,36,-0.36806099401778103,0.0004892946551192259,-0.7005594,-2.1382941591913847,0.02940410335700451
mpq_sum,ZERO_THREE_LEFT,63.5,61.0,66.0,86,31,29,36,-0.3841994105452049,0.00026020650296131644,-0.74060243,-1.8852881220642577,0.03698687384358663
mpq_sum,ZERO_THREE_LEFT,64.5,62.0,67.0,86,31,29,36,-0.4079599527052758,9.660491868619026e-05,-0.9139967,-2.4323162750131897,0.013806475199259888
mpq_sum,ZERO_THREE_LEFT,65.5,63.0,68.0,86,31,29,36,-0.4145355178016219,7.245757955367408e-05,-0.9385927,-2.3143262857344453,0.019783305595233128
mpq_sum,ZERO_THREE_LEFT,66.5,64.0,69.0,86,31,29,36,-0.4303369694973234,3.540874551069441e-05,-1.0634444,-2.8102469548557503,0.01255729584871831
mpq_sum,ZERO_THREE_LEFT,67.5,65.0,70.0,86,31,29,36,-0.42329666606373856,4.89300207843947e-05,-0.99022424,-2.576314050208455,0.02313306314796459
mpq_sum,ZERO_THREE_LEFT,68.5,66.0,71.0,86,31,29,36,-0.4215020319059092,5.3074560761534166e-05,-0.9730842,-2.5334977828068257,0.006847724038726619
mpq_sum,ZERO_THREE_LEFT,69.5,67.0,72.0,86,31,29,36,-0.4044993965560975,0.00011212567466115455,-0.8495854,-2.0003596199255296,0.008681278416373589
mpq_sum,ZERO_THREE_LEFT,70.5,68.0,73.0,86,31,29,36,-0.41749567646840385,6.353294653077653e-05,-0.7761979,-1.6270156070791093,0.010834996171875333
mpq_sum,ZERO_THREE_LEFT,71.5,69.0,74.0,86,31,29,36,-0.4537708291364433,1.144317488046973e-05,-0.9540468,-2.309740242692834,0.0005788379540612173
mpq_sum,ZERO_THREE_LEFT,72.5,70.0,75.0,86,31,29,36,-0.406863998152992,0.00010129035722912707,-0.8316834,-2.0254356591954594,0.0015120405097713873
mpq_sum,ZERO_THREE_LEFT,73.5,71.0,76.0,86,31,29,36,-0.3970261894264853,0.00015383214346051375,-0.9161556,-2.5974964036308354,0.004732918232505428
mpq_sum,ZERO_THREE_LEFT,74.5,72.0,77.0,86,31,29,36,-0.3620501705156753,0.0006139605335466266,-0.7724583,-2.2441616439623706,0.011672929435088228
mpq_sum,ZERO_THREE_LEFT,75.5,73.0,78.0,86,31,29,36,-0.3069971721502727,0.00403914712300023,-0.55739814,-1.29428989598734,0.05394750281698711
mpq_sum,ZERO_THREE_LEFT,76.5,74.0,79.0,86,31,29,36,-0.26246046079122526,0.014634324072269219,-0.34360224,-0.7148740334617207,0.2531656705055123
mpq_sum,ZERO_THREE_LEFT,77.5,75.0,80.0,86,31,29,36,-0.2867958922292047,0.007423892310689885,-0.37165824,-0.6878371459028346,0.23972016209324998
mpq_sum,ZERO_THREE_LEFT,78.5,76.0,81.0,86,31,29,36,-0.3414603011439509,0.0012930221139388286,-0.4397069,-0.9608404649999873,0.13137888724559277
mpq_sum,ZERO_THREE_LEFT,79.5,77.0,82.0,86,31,29,36,-0.35986989550844356,0.000665923823312354,-0.45197016,-0.9526213637137223,0.15613897035388713
mpq_sum,ZERO_THREE_LEFT,80.5,78.0,83.0,86,31,29,36,-0.3487596885814279,0.0009986296884283606,-0.4743734,-1.0134532935817677,0.14105810710184633
mpq_sum,ZERO_THREE_LEFT,81.5,79.0,84.0,86,31,29,36,-0.40034718105862,0.00013378736046390852,-0.6219535,-1.3579794312474296,0.0452357533036649
mpq_sum,ZERO_THREE_LEFT,82.5,80.0,85.0,86,31,29,36,-0.3767404933035668,0.0003498120834714398,-0.59554255,-1.458271067855624,0.0778400548816748
mpq_sum,ZERO_THREE_LEFT,83.5,81.0,86.0,86,31,29,36,-0.38092302055468175,0.00029658370703695313,-0.624842,-1.6332920715243266,0.07692966528978643
mpq_sum,ZERO_THREE_LEFT,84.5,82.0,87.0,86,31,29,36,-0.4266576027689355,4.19669452783066e-05,-0.8051859,-2.097448215806457,0.013971210969511734
mpq_sum,ZERO_THREE_LEFT,85.5,83.0,88.0,86,31,29,36,-0.36124517899429026,0.0006326985509837812,-0.665653,-1.6719865720123606,0.0711953369668363
mpq_sum,ZERO_THREE_LEFT,86.5,84.0,89.0,86,31,29,36,-0.2966423889742909,0.005547176942194993,-0.5655745,-1.2993569008573562,0.10190456517595818
mpq_sum,ZERO_THREE_LEFT,87.5,85.0,90.0,86,31,29,36,-0.24256735850365896,0.024431098264484887,-0.5245143,-1.2342382853747034,0.1270980720496876
mpq_sum,ZERO_THREE_LEFT,88.5,86.0,91.0,86,31,29,36,-0.27005858516229464,0.011913895942613661,-0.5430849,-1.2564752781212674,0.08641991235339234
mpq_sum,ZERO_THREE_LEFT,89.5,87.0,92.0,86,31,29,36,-0.19806720510009107,0.0675378224721043,-0.3454659,-0.8733377497700885,0.3302525800202085
mpq_sum,ZERO_THREE_LEFT,90.5,88.0,93.0,86,31,29,36,-0.2723768462880759,0.011176801567572746,-0.49915224,-1.3126940988552933,0.18468372404285405
mpq_sum,ZERO_THREE_LEFT,91.5,89.0,94.0,86,31,29,36,-0.281205528260357,0.008721438557040677,-0.47705454,-1.163161367492807,0.14873074700939096
mpq_sum,ZERO_THREE_LEFT,92.5,90.0,95.0,86,31,29,36,-0.3812446611435824,0.0002928159161324633,-0.7032592,-1.901013881103371,0.01990196303508509
mpq_sum,ZERO_THREE_LEFT,93.5,91.0,96.0,86,31,29,36,-0.3317939967990642,0.0018034978205918775,-0.6500293,-1.6362978941216213,0.07918889786724305
mpq_sum,ZERO_THREE_LEFT,94.5,92.0,97.0,86,31,29,36,-0.3360699939247928,0.001558679831173226,-0.67779845,-1.6977580943646002,0.05833197104245383
mpq_sum,ZERO_THREE_LEFT,95.5,93.0,98.0,86,31,29,36,-0.2342092834938156,0.02997124456352188,-0.5027345,-1.306732249404545,0.10537433185707223
mpq_sum,ZERO_THREE_LEFT,96.5,94.0,99.0,86,31,29,36,-0.18811267083879477,0.08283316705414687,-0.40926462,-0.9872933011960352,0.2118160411965445
mpq_sum,ZERO_THREE_LEFT,97.5,95.0,100.0,86,31,29,36,-0.1557544652223396,0.15213605108320996,-0.21740791,-0.5103397890788569,0.48613261291125964
mpq_sum,ZERO_THREE_LEFT,98.5,96.0,101.0,86,31,29,36,-0.06887727127550754,0.5286004915591769,-0.05330204,-0.1369704031718622,0.8544902137487067
mpq_sum,ZERO_THREE_RIGHT,6.5,4.0,9.0,116,44,43,49,-0.11596749497802407,0.2150977964867994,-0.2419233,-0.2755020795151706,0.4134910191422959
mpq_sum,ZERO_THREE_RIGHT,7.5,5.0,10.0,116,44,43,49,-0.09777735057210825,0.29639559520651887,-0.21778654,-0.2530009668965009,0.4523434033310514
mpq_sum,ZERO_THREE_RIGHT,8.5,6.0,11.0,116,44,43,49,-0.06812043411813078,0.4674841270371777,-0.13815516,-0.1613895629919099,0.6301181570748182
mpq_sum,ZERO_THREE_RIGHT,9.5,7.0,12.0,116,44,43,49,-0.05879056607506744,0.5307385140651043,-0.13413246,-0.1606038810515338,0.6396761507004194
mpq_sum,ZERO_THREE_RIGHT,10.5,8.0,13.0,116,44,43,49,-0.06809047742443913,0.46768040182698334,-0.18244426,-0.2309163054828882,0.5167998647104772
mpq_sum,ZERO_THREE_RIGHT,11.5,9.0,14.0,116,44,43,49,-0.08356753318154184,0.3724658461027177,-0.23771097,-0.31340896023701276,0.38053244427286004
mpq_sum,ZERO_THREE_RIGHT,12.5,10.0,15.0,116,44,43,49,-0.09991047259169944,0.28593216384976494,-0.26411784,-0.35019248562256194,0.3303794189441046
mpq_sum,ZERO_THREE_RIGHT,13.5,11.0,16.0,116,44,43,49,-0.13082031165461355,0.16159048495553605,-0.34566963,-0.48029976802152086,0.20107139914577055
mpq_sum,ZERO_THREE_RIGHT,14.5,12.0,17.0,116,44,43,49,-0.14720287965118037,0.1148284752551863,-0.38553348,-0.5676742796932556,0.13929274166132763
mpq_sum,ZERO_THREE_RIGHT,15.5,13.0,18.0,116,44,43,49,-0.1421256061556777,0.12803438846222007,-0.3851802,-0.5836093618499321,0.1376488472837034
mpq_sum,ZERO_THREE_RIGHT,16.5,14.0,19.0,116,44,43,49,-0.1368984141808394,0.14281674561444652,-0.3867787,-0.5969013851172573,0.11979334161603834
mpq_sum,ZERO_THREE_RIGHT,17.5,15.0,20.0,116,44,43,49,-0.16088061144362617,0.08448618554408134,-0.44673958,-0.7331801014160639,0.07658706650266629
mpq_sum,ZERO_THREE_RIGHT,18.5,16.0,21.0,116,44,43,49,-0.1610224482178567,0.08420892200922886,-0.44775406,-0.7457585051592595,0.07039722831487788
mpq_sum,ZERO_THREE_RIGHT,19.5,17.0,22.0,116,44,43,49,-0.1993783490261473,0.03189633172338705,-0.5298416,-0.9095940406105281,0.04769340479276254
mpq_sum,ZERO_THREE_RIGHT,20.5,18.0,23.0,116,44,43,49,-0.2549079288781794,0.005753943041986274,-0.64100033,-1.1170256592594792,0.019539752812533687
mpq_sum,ZERO_THREE_RIGHT,21.5,19.0,24.0,116,44,43,49,-0.25406990021498416,0.005921545863101387,-0.59374225,-0.9950348573283155,0.03364710137891153
mpq_sum,ZERO_THREE_RIGHT,22.5,20.0,25.0,116,44,43,49,-0.2260863050762111,0.014673481481850052,-0.53164774,-0.8807971852541845,0.04026552028065838
mpq_sum,ZERO_THREE_RIGHT,23.5,21.0,26.0,116,44,43,49,-0.2360656104512329,0.010737318145710377,-0.58316344,-0.9763948210454403,0.029754206209074475
mpq_sum,ZERO_THREE_RIGHT,24.5,22.0,27.0,116,44,43,49,-0.20643313998684967,0.02619695574862361,-0.51630676,-0.9011815699331122,0.04165363956949071
mpq_sum,ZERO_THREE_RIGHT,25.5,23.0,28.0,116,44,43,49,-0.14362906945583032,0.12400791795214042,-0.3893792,-0.6709123234327123,0.1373197258855307
mpq_sum,ZERO_THREE_RIGHT,26.5,24.0,29.0,116,44,43,49,-0.10256879696592851,0.273241280612711,-0.33856565,-0.5853559121049605,0.21450678570376358
mpq_sum,ZERO_THREE_RIGHT,27.5,25.0,30.0,116,44,43,49,-0.1330443343556013,0.1545185929232691,-0.41861132,-0.7648802862793016,0.12128960752579918
mpq_sum,ZERO_THREE_RIGHT,28.5,26.0,31.0,116,44,43,49,-0.12397770871886817,0.18485894407760523,-0.42911193,-0.7838789644414849,0.11219343414885559
mpq_sum,ZERO_THREE_RIGHT,29.5,27.0,32.0,116,44,43,49,-0.1722877623456156,0.06440658887363881,-0.5504491,-1.0173848345049066,0.055424095606595475
mpq_sum,ZERO_THREE_RIGHT,30.5,28.0,33.0,116,44,43,49,-0.18800326168520237,0.04328107490670036,-0.5787345,-1.0424592049916555,0.03386384592237504
mpq_sum,ZERO_THREE_RIGHT,31.5,29.0,34.0,116,44,43,49,-0.24028167590118923,0.009375043781379907,-0.7025718,-1.3338499634749237,0.01909272286857576
mpq_sum,ZERO_THREE_RIGHT,32.5,30.0,35.0,116,44,43,49,-0.25995174214466277,0.004831445496537225,-0.7546396,-1.4347993095262597,0.010196316219610754
mpq_sum,ZERO_THREE_RIGHT,33.5,31.0,36.0,116,44,43,49,-0.2425156548702635,0.008716818391443525,-0.6816836,-1.310989309837959,0.019036015262853125
mpq_sum,ZERO_THREE_RIGHT,34.5,32.0,37.0,116,44,43,49,-0.20761657655142066,0.025331508049822624,-0.6228233,-1.2309625044822743,0.023448351571768448
mpq_sum,ZERO_THREE_RIGHT,35.5,33.0,38.0,116,44,43,49,-0.18647855767738877,0.04503769899205936,-0.57432175,-1.1266565471939356,0.028512693099372325
mpq_sum,ZERO_THREE_RIGHT,36.5,34.0,39.0,116,44,43,49,-0.2058070353711073,0.026664939301032847,-0.61040384,-1.2230789102954331,0.022598341650239214
mpq_sum,ZERO_THREE_RIGHT,37.5,35.0,40.0,116,44,43,49,-0.16377246692246025,0.07897539278690238,-0.50950813,-0.9634627626353887,0.04876523716605522
mpq_sum,ZERO_THREE_RIGHT,38.5,36.0,41.0,116,44,43,49,-0.15659436856833295,0.09321422162760927,-0.5055825,-0.9051373201920875,0.05269903268024636
mpq_sum,ZERO_THREE_RIGHT,39.5,37.0,42.0,116,44,43,49,-0.14923197471084798,0.1098566418328799,-0.46990928,-0.8540698419714708,0.06819444540785206
mpq_sum,ZERO_THREE_RIGHT,40.5,38.0,43.0,116,44,43,49,-0.1648600435491146,0.07697908140856699,-0.5023167,-0.9228120253976079,0.05665567901354181
mpq_sum,ZERO_THREE_RIGHT,41.5,39.0,44.0,116,44,43,49,-0.13555669280240332,0.14681184497813457,-0.46860567,-0.884687949623017,0.061925493435914164
mpq_sum,ZERO_THREE_RIGHT,42.5,40.0,45.0,116,44,43,49,-0.16633552558053707,0.07433584127198022,-0.5445805,-1.09742652580426,0.017835758733761937
mpq_sum,ZERO_THREE_RIGHT,43.5,41.0,46.0,116,44,43,49,-0.18384852501476412,0.0482070665572387,-0.5615462,-1.075712996044764,0.018302871246939342
mpq_sum,ZERO_THREE_RIGHT,44.5,42.0,47.0,116,44,43,49,-0.1676687459888071,0.0720108559701989,-0.56400365,-1.059315062958412,0.021908984323996742
mpq_sum,ZERO_THREE_RIGHT,45.5,43.0,48.0,116,44,43,49,-0.16196865392292595,0.08237781843237596,-0.5841955,-1.1270827078104904,0.01925002609410972
mpq_sum,ZERO_THREE_RIGHT,46.5,44.0,49.0,116,44,43,49,-0.18457726334357827,0.04731090616505257,-0.5914168,-1.068470478049404,0.0270950499270925
mpq_sum,ZERO_THREE_RIGHT,47.5,45.0,50.0,116,44,43,49,-0.20707114168058308,0.02572730333978243,-0.6447029,-1.150746941050864,0.02226134017662266
mpq_sum,ZERO_THREE_RIGHT,48.5,46.0,51.0,116,44,43,49,-0.20940915170957486,0.0240671430980342,-0.62182707,-1.0967582034842693,0.03470314718494986
mpq_sum,ZERO_THREE_RIGHT,49.5,47.0,52.0,116,44,43,49,-0.2132114963075916,0.02156295612549063,-0.57771176,-0.9806829822017465,0.042274068727023474
mpq_sum,ZERO_THREE_RIGHT,50.5,48.0,53.0,116,44,43,49,-0.249699935336904,0.006867831800057254,-0.59401923,-0.9808347580216806,0.028873223607428798
mpq_sum,ZERO_THREE_RIGHT,51.5,49.0,54.0,116,44,43,49,-0.25531237699025294,0.005674575389476307,-0.6131611,-1.0198783063417711,0.022874685044834864
mpq_sum,ZERO_THREE_RIGHT,52.5,50.0,55.0,116,44,43,49,-0.23036724727160707,0.01285294206473361,-0.5395968,-0.8874241945217849,0.045677562050827424
mpq_sum,ZERO_THREE_RIGHT,53.5,51.0,56.0,116,44,43,49,-0.2431356981119441,0.008541507744056208,-0.54720443,-0.8902058455539231,0.047540679035917126
mpq_sum,ZERO_THREE_RIGHT,54.5,52.0,57.0,116,44,43,49,-0.24124662279528114,0.009085544224121271,-0.5302045,-0.8320748178944698,0.05683526778661154
mpq_sum,ZERO_THREE_RIGHT,55.5,53.0,58.0,116,44,43,49,-0.23331808269573087,0.011715873399859132,-0.5555991,-0.8543568079719742,0.04110489301445667
mpq_sum,ZERO_THREE_RIGHT,56.5,54.0,59.0,116,44,43,49,-0.21215926310140065,0.02223247626820245,-0.50316125,-0.7442982294326005,0.06430602847520764
mpq_sum,ZERO_THREE_RIGHT,57.5,55.0,60.0,116,44,43,49,-0.24108404040831172,0.009133762840223558,-0.5818976,-0.9100281148224699,0.03359573882388176
mpq_sum,ZERO_THREE_RIGHT,58.5,56.0,61.0,116,44,43,49,-0.26590678300086945,0.003913922285341926,-0.66743284,-1.0990190150331243,0.017144288036035498
mpq_sum,ZERO_THREE_RIGHT,59.5,57.0,62.0,116,44,43,49,-0.31966368220352237,0.0004690404345344111,-0.8264221,-1.387343540325179,0.005177702686801856
mpq_sum,ZERO_THREE_RIGHT,60.5,58.0,63.0,116,44,43,49,-0.32354796267867353,0.00039595070718327846,-0.84135306,-1.4602376341460421,0.004547996673933087
mpq_sum,ZERO_THREE_RIGHT,61.5,59.0,64.0,116,44,43,49,-0.3471103988402212,0.000134863610906218,-0.8962192,-1.5516029971805925,0.003985052777913818
mpq_sum,ZERO_THREE_RIGHT,62.5,60.0,65.0,116,44,43,49,-0.33632909084585594,0.00022312735623142312,-0.8662918,-1.4079840480523882,0.002782352552275915
mpq_sum,ZERO_THREE_RIGHT,63.5,61.0,66.0,116,44,43,49,-0.3175462207160034,0.0005139291333276513,-0.8300789,-1.3041305953594702,0.004769142258101103
mpq_sum,ZERO_THREE_RIGHT,64.5,62.0,67.0,116,44,43,49,-0.31068328319673266,0.0006879753728457767,-0.83283323,-1.3547550120701475,0.0024621744594529524
mpq_sum,ZERO_THREE_RIGHT,65.5,63.0,68.0,116,44,43,49,-0.2922655192530399,0.0014549791980668842,-0.806823,-1.2489258737233087,0.00403723305748346
mpq_sum,ZERO_THREE_RIGHT,66.5,64.0,69.0,116,44,43,49,-0.29128495132059573,0.0015121256139223028,-0.8055296,-1.2337338325081366,0.002589924632479126
mpq_sum,ZERO_THREE_RIGHT,67.5,65.0,70.0,116,44,43,49,-0.29481808249358826,0.00131531003835968,-0.8233814,-1.3303295711463001,0.0022530460094551267
mpq_sum,ZERO_THREE_RIGHT,68.5,66.0,71.0,116,44,43,49,-0.2608696954042198,0.004678539512313741,-0.73533785,-1.1801609233026962,0.004234023534507466
mpq_sum,ZERO_THREE_RIGHT,69.5,67.0,72.0,116,44,43,49,-0.2195288736763693,0.017896499521322693,-0.61422443,-0.9442751177228773,0.01792693312576278
mpq_sum,ZERO_THREE_RIGHT,70.5,68.0,73.0,116,44,43,49,-0.22730936236802482,0.014131773846939399,-0.61240625,-0.9596720858101089,0.019922279582794283
mpq_sum,ZERO_THREE_RIGHT,71.5,69.0,74.0,116,44,43,49,-0.21968010092882773,0.017815783099270257,-0.5824625,-0.9126689402953578,0.023947195640137958
mpq_sum,ZERO_THREE_RIGHT,72.5,70.0,75.0,116,44,43,49,-0.20086855488738767,0.030612107607771732,-0.5384305,-0.7834285368262586,0.04034903332133839
mpq_sum,ZERO_THREE_RIGHT,73.5,71.0,76.0,116,44,43,49,-0.20888820666662977,0.024428893592193676,-0.6053535,-0.9008449384651842,0.01994492479001464
mpq_sum,ZERO_THREE_RIGHT,74.5,72.0,77.0,116,44,43,49,-0.23534059398257992,0.01098831208456757,-0.6665774,-1.0749571619135851,0.009669919110428199
mpq_sum,ZERO_THREE_RIGHT,75.5,73.0,78.0,116,44,43,49,-0.22433350271592878,0.015481274999585916,-0.6368893,-1.006425209349852,0.011681034594140095
mpq_sum,ZERO_THREE_RIGHT,76.5,74.0,79.0,116,44,43,49,-0.24779755767443432,0.0073200636422871635,-0.6966871,-1.2056465621724899,0.005423652909569225
mpq_sum,ZERO_THREE_RIGHT,77.5,75.0,80.0,116,44,43,49,-0.2402096829847517,0.009396964783416482,-0.65787536,-1.0838343613447443,0.006727288751199957
mpq_sum,ZERO_THREE_RIGHT,78.5,76.0,81.0,116,44,43,49,-0.2654845820736496,0.003973414952921988,-0.6806869,-1.2233656362850414,0.006528354158372296
mpq_sum,ZERO_THREE_RIGHT,79.5,77.0,82.0,116,44,43,49,-0.28170502888538934,0.0021877059045896856,-0.73816603,-1.5149399793621128,0.0027157905690294824
mpq_sum,ZERO_THREE_RIGHT,80.5,78.0,83.0,116,44,43,49,-0.3128680313292733,0.000627444756379851,-0.7962701,-1.7074512976687257,0.0015305009060130447
mpq_sum,ZERO_THREE_RIGHT,81.5,79.0,84.0,116,44,43,49,-0.30669723807558524,0.0008123963324173189,-0.7809122,-1.7415673176023763,0.0017223613724761104
mpq_sum,ZERO_THREE_RIGHT,82.5,80.0,85.0,116,44,43,49,-0.31821440657824135,0.0004993545596252544,-0.82178086,-1.954572562836005,0.0026884573256550286
mpq_sum,ZERO_THREE_RIGHT,83.5,81.0,86.0,116,44,43,49,-0.30402103737593156,0.0009071471375339532,-0.7905675,-1.951606476239658,0.005586642658009381
mpq_sum,ZERO_THREE_RIGHT,84.5,82.0,87.0,116,44,43,49,-0.2795874905753256,0.0023697468160158532,-0.73035675,-1.592722073684803,0.0029241655538602097
mpq_sum,ZERO_THREE_RIGHT,85.5,83.0,88.0,116,44,43,49,-0.2592005193715633,0.004959881860786111,-0.6961706,-1.4262345330515194,0.00525932791808335
mpq_sum,ZERO_THREE_RIGHT,86.5,84.0,89.0,116,44,43,49,-0.24874896322178586,0.007090702808486663,-0.6934644,-1.3801020474275154,0.006897117842508978
mpq_sum,ZERO_THREE_RIGHT,87.5,85.0,90.0,116,44,43,49,-0.25075687518356093,0.006627432600275862,-0.69871,-1.30814346498318,0.006382564142778212
mpq_sum,ZERO_THREE_RIGHT,88.5,86.0,91.0,116,44,43,49,-0.25602225681274193,0.005537624048825917,-0.70356023,-1.2995391887568344,0.006038447315151335
mpq_sum,ZERO_THREE_RIGHT,89.5,87.0,92.0,116,44,43,49,-0.2624433357514289,0.004426446782830314,-0.76232904,-1.5353810070666272,0.004954638254457181
mpq_sum,ZERO_THREE_RIGHT,90.5,88.0,93.0,116,44,43,49,-0.2620604562967046,0.004486638387974757,-0.7760595,-1.4727021271625653,0.002820270679607552
mpq_sum,ZERO_THREE_RIGHT,91.5,89.0,94.0,116,44,43,49,-0.2334251817295576,0.011676314803479311,-0.7110629,-1.263544183248635,0.005890249504327637
mpq_sum,ZERO_THREE_RIGHT,92.5,90.0,95.0,116,44,43,49,-0.21123158653828542,0.022837462000840435,-0.6604507,-1.1144233705693036,0.008204012173039064
mpq_sum,ZERO_THREE_RIGHT,93.5,91.0,96.0,116,44,43,49,-0.20039065414336998,0.031019091851082876,-0.6588654,-1.0397912323642815,0.008582808079090756
mpq_sum,ZERO_THREE_RIGHT,94.5,92.0,97.0,116,44,43,49,-0.20448220467761202,0.02767871678504121,-0.66223115,-1.0546434038064325,0.007645173675001919
mpq_sum,ZERO_THREE_RIGHT,95.5,93.0,98.0,116,44,43,49,-0.19876185942345054,0.03244078066207064,-0.6382861,-1.0129833933599612,0.009801445822607602
mpq_sum,ZERO_THREE_RIGHT,96.5,94.0,99.0,116,44,43,49,-0.22206596757987931,0.016583382688324266,-0.68177503,-1.0944079258312784,0.006844096443763569
mpq_sum,ZERO_THREE_RIGHT,97.5,95.0,100.0,116,44,43,49,-0.23335385570877626,0.011702647085759217,-0.73398685,-1.2494748165281941,0.006075125312120171
mpq_sum,ZERO_THREE_RIGHT,98.5,96.0,101.0,116,44,43,49,-0.21365227352200564,0.021287686409861523,-0.68253034,-1.1124565410813534,0.007521347692156299
mpq_sum,ZERO_TWO_LEFT,6.5,4.0,9.0,79,27,29,36,-0.3426668158503226,0.0019927538345064014,-0.42043406,-0.56031106347998,0.2642745219152981
mpq_sum,ZERO_TWO_LEFT,7.5,5.0,10.0,79,27,29,36,-0.26187356522061095,0.01973614901560351,-0.21112406,-0.27114153721644196,0.567380074082011
mpq_sum,ZERO_TWO_LEFT,8.5,6.0,11.0,79,27,29,36,-0.2847602270935988,0.010973001228404233,-0.263989,-0.33764162188247315,0.46160754526024617
mpq_sum,ZERO_TWO_LEFT,9.5,7.0,12.0,79,27,29,36,-0.2820242654147006,0.011799950884359055,-0.27411753,-0.3419656929735473,0.45043045446818675
mpq_sum,ZERO_TWO_LEFT,10.5,8.0,13.0,79,27,29,36,-0.2751880329900935,0.014106919540652721,-0.26511905,-0.3266687038980887,0.46390816269083235
mpq_sum,ZERO_TWO_LEFT,11.5,9.0,14.0,79,27,29,36,-0.26252467196345497,0.019421776618234538,-0.27502555,-0.3561832306851149,0.46624099556656684
mpq_sum,ZERO_TWO_LEFT,12.5,10.0,15.0,79,27,29,36,-0.27440842168851126,0.014393284264010037,-0.30508488,-0.4140636808273682,0.439994325890141
mpq_sum,ZERO_TWO_LEFT,13.5,11.0,16.0,79,27,29,36,-0.2769110888663536,0.013491443904573765,-0.36366645,-0.539179433342252,0.3571482282347236
mpq_sum,ZERO_TWO_LEFT,14.5,12.0,17.0,79,27,29,36,-0.2654564172771677,0.01805883143057165,-0.38081908,-0.6139333126621631,0.30265025988606664
mpq_sum,ZERO_TWO_LEFT,15.5,13.0,18.0,79,27,29,36,-0.23348410940000572,0.03836900112287607,-0.38659605,-0.6579840141997838,0.2862461911250228
mpq_sum,ZERO_TWO_LEFT,16.5,14.0,19.0,79,27,29,36,-0.212915064147123,0.059574445543567445,-0.35719618,-0.6003195659476739,0.31961603248057147
mpq_sum,ZERO_TWO_LEFT,17.5,15.0,20.0,79,27,29,36,-0.1926770341096298,0.08889888086845443,-0.3569868,-0.6291726886357798,0.299186176546672
mpq_sum,ZERO_TWO_LEFT,18.5,16.0,21.0,79,27,29,36,-0.20340237717209841,0.07219139750359471,-0.27942312,-0.4523538411798802,0.43904799911176107
mpq_sum,ZERO_TWO_LEFT,19.5,17.0,22.0,79,27,29,36,-0.20731220200256303,0.06676802403320098,-0.26072058,-0.4050939366754605,0.46346063784421654
mpq_sum,ZERO_TWO_LEFT,20.5,18.0,23.0,79,27,29,36,-0.20284097357253994,0.07299837283088037,-0.22498709,-0.3314062548034543,0.5203681298776703
mpq_sum,ZERO_TWO_LEFT,21.5,19.0,24.0,79,27,29,36,-0.14168833388860544,0.21292036170783427,-0.0414992,-0.05834007321481485,0.9063724597579412
mpq_sum,ZERO_TWO_LEFT,22.5,20.0,25.0,79,27,29,36,-0.09905041590040799,0.38512877412573315,0.05119577,0.07216725813932391,0.883590797424159
mpq_sum,ZERO_TWO_LEFT,23.5,21.0,26.0,79,27,29,36,-0.049629701537221516,0.6640305332616431,0.15012507,0.22070198145933662,0.6686016289537333
mpq_sum,ZERO_TWO_LEFT,24.5,22.0,27.0,79,27,29,36,-0.022641192292302985,0.843000402470423,0.21925303,0.323265396210152,0.5158321585659553
mpq_sum,ZERO_TWO_LEFT,25.5,23.0,28.0,79,27,29,36,-0.03859449953457668,0.7355941333865618,0.20907368,0.30779946307575196,0.5328097655926455
mpq_sum,ZERO_TWO_LEFT,26.5,24.0,29.0,79,27,29,36,-0.1570080463700941,0.16701412329308593,-0.057747763,-0.09455113531405518,0.8725286057079675
mpq_sum,ZERO_TWO_LEFT,27.5,25.0,30.0,79,27,29,36,-0.24595305613691695,0.028895018100354757,-0.23621857,-0.4120765037865799,0.5428567534946003
mpq_sum,ZERO_TWO_LEFT,28.5,26.0,31.0,79,27,29,36,-0.22263883634601883,0.048593156352398734,-0.17474611,-0.31075759071068026,0.6090173459478163
mpq_sum,ZERO_TWO_LEFT,29.5,27.0,32.0,79,27,29,36,-0.23305631787091105,0.03873525320478874,-0.19331814,-0.36509890935292244,0.5990210936847356
mpq_sum,ZERO_TWO_LEFT,30.5,28.0,33.0,79,27,29,36,-0.23214014602352595,0.03952943289987696,-0.21243563,-0.3718097928341472,0.5805194823038007
mpq_sum,ZERO_TWO_LEFT,31.5,29.0,34.0,79,27,29,36,-0.18205622072499872,0.10831563822886492,-0.08732295,-0.1445698135341313,0.8189149607945346
mpq_sum,ZERO_TWO_LEFT,32.5,30.0,35.0,79,27,29,36,-0.17947810512519713,0.11349203040409622,-0.08423474,-0.13340449760112177,0.8201944571031571
mpq_sum,ZERO_TWO_LEFT,33.5,31.0,36.0,79,27,29,36,-0.24433029660399327,0.0300034313401223,-0.2832936,-0.4422277435420411,0.4766685391895149
mpq_sum,ZERO_TWO_LEFT,34.5,32.0,37.0,79,27,29,36,-0.29708183345928885,0.007843171015000497,-0.4187106,-0.6648805807923528,0.2739285196978507
mpq_sum,ZERO_TWO_LEFT,35.5,33.0,38.0,79,27,29,36,-0.3478777155387422,0.0016810663788173214,-0.5925836,-1.061553861662696,0.13975985124942578
mpq_sum,ZERO_TWO_LEFT,36.5,34.0,39.0,79,27,29,36,-0.39383018562184385,0.0003295069354375916,-0.8404316,-1.5659892887306937,0.06444027732461118
mpq_sum,ZERO_TWO_LEFT,37.5,35.0,40.0,79,27,29,36,-0.36848857251054457,0.0008335723140632213,-0.79042727,-1.42983950054461,0.08401157778507777
mpq_sum,ZERO_TWO_LEFT,38.5,36.0,41.0,79,27,29,36,-0.3708190252851127,0.0007677415642351777,-0.72264075,-1.3274049683124587,0.1075512618589628
mpq_sum,ZERO_TWO_LEFT,39.5,37.0,42.0,79,27,29,36,-0.39108438170443854,0.0003656932890446908,-0.7811434,-1.4889835345741336,0.19062518159535025
mpq_sum,ZERO_TWO_LEFT,40.5,38.0,43.0,79,27,29,36,-0.3734388715165872,0.0006994103276160137,-0.7116417,-1.310406635034496,0.24150027405506358
mpq_sum,ZERO_TWO_LEFT,41.5,39.0,44.0,79,27,29,36,-0.3410671035853344,0.002098367379131272,-0.5124569,-0.8596589711529237,0.29530843396341466
mpq_sum,ZERO_TWO_LEFT,42.5,40.0,45.0,79,27,29,36,-0.3601011614560709,0.0011151968880331342,-0.5406211,-0.876086532871562,0.260021934531234
mpq_sum,ZERO_TWO_LEFT,43.5,41.0,46.0,79,27,29,36,-0.3810358265686006,0.0005313927943295052,-0.64045876,-1.0355091134421253,0.18686322751219075
mpq_sum,ZERO_TWO_LEFT,44.5,42.0,47.0,79,27,29,36,-0.3932725520781702,0.0003365785417771716,-0.679492,-1.1788302656643082,0.12414851684854838
mpq_sum,ZERO_TWO_LEFT,45.5,43.0,48.0,79,27,29,36,-0.39055861330214203,0.0003730244697696851,-0.66222954,-1.1670694540918904,0.11334185819223244
mpq_sum,ZERO_TWO_LEFT,46.5,44.0,49.0,79,27,29,36,-0.39775588426963404,0.00028345402590448465,-0.7398875,-1.347447963159428,0.1101633274982567
mpq_sum,ZERO_TWO_LEFT,47.5,45.0,50.0,79,27,29,36,-0.3706558870118615,0.000772191080454109,-0.67455816,-1.2633025790533854,0.14063231532266549
mpq_sum,ZERO_TWO_LEFT,48.5,46.0,51.0,79,27,29,36,-0.37598565859742994,0.0006383415368532336,-0.6735239,-1.2734707686876139,0.08130130313113068
mpq_sum,ZERO_TWO_LEFT,49.5,47.0,52.0,79,27,29,36,-0.3141661234837812,0.0048079172791721195,-0.5250231,-0.954659198287785,0.20417887039633487
mpq_sum,ZERO_TWO_LEFT,50.5,48.0,53.0,79,27,29,36,-0.3745769110281774,0.0006714923997091033,-0.7097615,-1.327208387168644,0.12809308679076908
mpq_sum,ZERO_TWO_LEFT,51.5,49.0,54.0,79,27,29,36,-0.3084400918196071,0.00568267196932864,-0.5647887,-1.1087459347629156,0.20025550755606003
mpq_sum,ZERO_TWO_LEFT,52.5,50.0,55.0,79,27,29,36,-0.32678660700613577,0.003288452926672768,-0.62180996,-1.1488400413407733,0.14974347230662186
mpq_sum,ZERO_TWO_LEFT,53.5,51.0,56.0,79,27,29,36,-0.3571117628387924,0.0012347827544655213,-0.63799965,-1.0700510434690402,0.10265030188017639
mpq_sum,ZERO_TWO_LEFT,54.5,52.0,57.0,79,27,29,36,-0.4309900207383666,7.336049886519811e-05,-0.7623657,-1.3192095457683097,0.04478909561967392
mpq_sum,ZERO_TWO_LEFT,55.5,53.0,58.0,79,27,29,36,-0.38500516632658693,0.00045911434551869633,-0.6048353,-1.0040673844265189,0.08900825986658677
mpq_sum,ZERO_TWO_LEFT,56.5,54.0,59.0,79,27,29,36,-0.3958689092183993,0.0003047971203747072,-0.63367796,-1.055974694013996,0.07995615214652554
mpq_sum,ZERO_TWO_LEFT,57.5,55.0,60.0,79,27,29,36,-0.4176974633988405,0.00012811791952327528,-0.67022085,-1.3078088566755601,0.05789502678242903
mpq_sum,ZERO_TWO_LEFT,58.5,56.0,61.0,79,27,29,36,-0.3790742717462791,0.00057082060321859,-0.59461546,-1.4468241819093182,0.1349204842784238
mpq_sum,ZERO_TWO_LEFT,59.5,57.0,62.0,79,27,29,36,-0.3087466924541683,0.005632491613311169,-0.44428676,-1.1504469513736413,0.24987033121569946
mpq_sum,ZERO_TWO_LEFT,60.5,58.0,63.0,79,27,29,36,-0.3241394233398829,0.0035658760350419207,-0.51725185,-1.3757832961376675,0.19694261093680399
mpq_sum,ZERO_TWO_LEFT,61.5,59.0,64.0,79,27,29,36,-0.38653787085545055,0.00043369951424925566,-0.6468347,-1.7022264911409037,0.13350402136754397
mpq_sum,ZERO_TWO_LEFT,62.5,60.0,65.0,79,27,29,36,-0.3893316916040891,0.0003906591202255638,-0.61271626,-1.357837470504772,0.15868406509471167
mpq_sum,ZERO_TWO_LEFT,63.5,61.0,66.0,79,27,29,36,-0.3796670026428923,0.0005586338547208252,-0.5451818,-1.0108571384695513,0.22426744620832062
mpq_sum,ZERO_TWO_LEFT,64.5,62.0,67.0,79,27,29,36,-0.33857110841578125,0.0022732282431975758,-0.4813342,-0.858873507486057,0.2576560716877554
mpq_sum,ZERO_TWO_LEFT,65.5,63.0,68.0,79,27,29,36,-0.35141732560795946,0.001495178119020403,-0.49305412,-0.8982681581960863,0.25937578432828834
mpq_sum,ZERO_TWO_LEFT,66.5,64.0,69.0,79,27,29,36,-0.32583050715744477,0.00338634543504257,-0.48823026,-0.8818241681293535,0.2678713773526986
mpq_sum,ZERO_TWO_LEFT,67.5,65.0,70.0,79,27,29,36,-0.2855336103507424,0.010748595475186702,-0.42705908,-0.7799836224405212,0.2968308432838842
mpq_sum,ZERO_TWO_LEFT,68.5,66.0,71.0,79,27,29,36,-0.265731886581643,0.017935095422200623,-0.3174689,-0.6274742413342779,0.3809724648152929
mpq_sum,ZERO_TWO_LEFT,69.5,67.0,72.0,79,27,29,36,-0.30800156802746564,0.005755130709669333,-0.41570088,-0.8242449733570849,0.28471518551186614
mpq_sum,ZERO_TWO_LEFT,70.5,68.0,73.0,79,27,29,36,-0.31070190592426716,0.0053216057634090635,-0.33309463,-0.6320671676839171,0.356752630980675
mpq_sum,ZERO_TWO_LEFT,71.5,69.0,74.0,79,27,29,36,-0.2436077203671122,0.030508389384574886,-0.21516347,-0.4283952275894595,0.5307778359075186
mpq_sum,ZERO_TWO_LEFT,72.5,70.0,75.0,79,27,29,36,-0.2746125826998966,0.01431781083274048,-0.30999005,-0.6741267776001675,0.3674609891960847
mpq_sum,ZERO_TWO_LEFT,73.5,71.0,76.0,79,27,29,36,-0.38248233224338357,0.0005039289448677479,-0.6369135,-1.407663248912258,0.10858541233893129
mpq_sum,ZERO_TWO_LEFT,74.5,72.0,77.0,79,27,29,36,-0.33612166925631504,0.002457437713494419,-0.50524926,-1.092803861870827,0.20046351807342966
mpq_sum,ZERO_TWO_LEFT,75.5,73.0,78.0,79,27,29,36,-0.3200998220774886,0.004029526846603387,-0.55834484,-1.214657536868025,0.14994100961429224
mpq_sum,ZERO_TWO_LEFT,76.5,74.0,79.0,79,27,29,36,-0.40547832796866495,0.00020964520920548264,-0.71931756,-1.5108676898154967,0.10373276154272007
mpq_sum,ZERO_TWO_LEFT,77.5,75.0,80.0,79,27,29,36,-0.40372667735510004,0.00022463534867647852,-0.66238326,-1.3359412775026565,0.1517502406765776
mpq_sum,ZERO_TWO_LEFT,78.5,76.0,81.0,79,27,29,36,-0.35935860079110915,0.001143879002075363,-0.57488793,-1.2024756748033538,0.20344956344542453
mpq_sum,ZERO_TWO_LEFT,79.5,77.0,82.0,79,27,29,36,-0.3367501856740828,0.00240893569603397,-0.49572518,-1.070235585970233,0.27848586146969645
mpq_sum,ZERO_TWO_LEFT,80.5,78.0,83.0,79,27,29,36,-0.3284822171651796,0.003121041682260738,-0.43740016,-0.7970732473466832,0.27140875132276465
mpq_sum,ZERO_TWO_LEFT,81.5,79.0,84.0,79,27,29,36,-0.3135428998253457,0.0048969509452501956,-0.37873095,-0.6541733009666969,0.3043561427263163
mpq_sum,ZERO_TWO_LEFT,82.5,80.0,85.0,79,27,29,36,-0.34908472492776427,0.001615459320244314,-0.5087125,-0.9353557331189586,0.1635378505792171
mpq_sum,ZERO_TWO_LEFT,83.5,81.0,86.0,79,27,29,36,-0.3743440214207692,0.000677121506829861,-0.5995695,-1.1654278127403697,0.08463589059128303
mpq_sum,ZERO_TWO_LEFT,84.5,82.0,87.0,79,27,29,36,-0.4164981311787438,0.00013457566416023043,-0.7019504,-1.4590898367977232,0.04129931352621883
mpq_sum,ZERO_TWO_LEFT,85.5,83.0,88.0,79,27,29,36,-0.43207850022380095,7.001390301208783e-05,-0.8174646,-1.8921888246998582,0.01510059788303689
mpq_sum,ZERO_TWO_LEFT,86.5,84.0,89.0,79,27,29,36,-0.4279432831317838,8.353269779693819e-05,-0.81666803,-1.921732692846064,0.014181165778278167
mpq_sum,ZERO_TWO_LEFT,87.5,85.0,90.0,79,27,29,36,-0.3740015689938102,0.0006854769521086166,-0.51926136,-1.2784636846854125,0.10047855432718382
mpq_sum,ZERO_TWO_LEFT,88.5,86.0,91.0,79,27,29,36,-0.3518202280149867,0.0014752414851268824,-0.5181955,-1.4334947147111097,0.07486395777721234
mpq_sum,ZERO_TWO_LEFT,89.5,87.0,92.0,79,27,29,36,-0.37054129735428987,0.0007753304738084187,-0.64462537,-1.8641482319938962,0.015531431055604368
mpq_sum,ZERO_TWO_LEFT,90.5,88.0,93.0,79,27,29,36,-0.3857508383681709,0.0004465844284390105,-0.74968153,-2.059285696163025,0.008198828000766338
mpq_sum,ZERO_TWO_LEFT,91.5,89.0,94.0,79,27,29,36,-0.34214525625469483,0.002026649743452831,-0.58903307,-1.6920706045736167,0.03633458234742677
mpq_sum,ZERO_TWO_LEFT,92.5,90.0,95.0,79,27,29,36,-0.38775468926264123,0.0004144466632338662,-0.80014175,-2.295864226968907,0.006853155738982778
mpq_sum,ZERO_TWO_LEFT,93.5,91.0,96.0,79,27,29,36,-0.3170589382512188,0.0044131763245632135,-0.6604946,-1.7572581348730587,0.03600898127601625
mpq_sum,ZERO_TWO_LEFT,94.5,92.0,97.0,79,27,29,36,-0.3784735170264202,0.0005834194889871964,-0.7277514,-1.8393262256054184,0.040569220815543754
mpq_sum,ZERO_TWO_LEFT,95.5,93.0,98.0,79,27,29,36,-0.27835098637678773,0.012995088839967603,-0.4100224,-1.0651618198228925,0.23446650496078103
mpq_sum,ZERO_TWO_LEFT,96.5,94.0,99.0,79,27,29,36,-0.3328158441851289,0.002727257827625279,-0.5794424,-1.4333534163098594,0.07671890645020545
mpq_sum,ZERO_TWO_LEFT,97.5,95.0,100.0,79,27,29,36,-0.3277101568850997,0.0031963005248365687,-0.64860874,-1.7402977987349284,0.04126045343518083
mpq_sum,ZERO_TWO_LEFT,98.5,96.0,101.0,79,27,29,36,-0.37043566894779745,0.0007782346399888874,-0.57294965,-1.3862711289085232,0.12747455396393514
mpq_sum,ZERO_TWO_RIGHT,6.5,4.0,9.0,73,24,26,31,-0.10200569867358465,0.3904853317971714,0.028573114,0.03280957522457551,0.9284177080448348
mpq_sum,ZERO_TWO_RIGHT,7.5,5.0,10.0,73,24,26,31,-0.08396150925677838,0.4800424346518087,0.044733293,0.052526577537555144,0.8857297467357916
mpq_sum,ZERO_TWO_RIGHT,8.5,6.0,11.0,73,24,26,31,-0.06995434159266445,0.5564683124153278,0.07026465,0.08359263943400966,0.8231387254370299
mpq_sum,ZERO_TWO_RIGHT,9.5,7.0,12.0,73,24,26,31,-0.07282373798986515,0.5403518953187262,0.02782404,0.03443584657144708,0.9277238884644272
mpq_sum,ZERO_TWO_RIGHT,10.5,8.0,13.0,73,24,26,31,-0.1011979385534701,0.3942684357755714,-0.030378655,-0.03898427959123503,0.9226452490469892
mpq_sum,ZERO_TWO_RIGHT,11.5,9.0,14.0,73,24,26,31,-0.0917391434272857,0.4401613112303269,0.00882031,0.011836356203567879,0.977193208763012
mpq_sum,ZERO_TWO_RIGHT,12.5,10.0,15.0,73,24,26,31,-0.09615068869252723,0.418394347310086,-0.0027476263,-0.0036048403345703864,0.9927020045750115
mpq_sum,ZERO_TWO_RIGHT,13.5,11.0,16.0,73,24,26,31,-0.12672714654461492,0.2853475241866454,-0.06900619,-0.0893113370424771,0.8136035350964965
mpq_sum,ZERO_TWO_RIGHT,14.5,12.0,17.0,73,24,26,31,-0.13991323825434607,0.23776000639100972,-0.09654344,-0.13275839510183174,0.7531225175152156
mpq_sum,ZERO_TWO_RIGHT,15.5,13.0,18.0,73,24,26,31,-0.14535909785620615,0.21980671237176655,-0.16668521,-0.24821139785564225,0.5914499583015553
mpq_sum,ZERO_TWO_RIGHT,16.5,14.0,19.0,73,24,26,31,-0.18980960965929694,0.1077471659981365,-0.3435306,-0.5137856118506348,0.30527543808975177
mpq_sum,ZERO_TWO_RIGHT,17.5,15.0,20.0,73,24,26,31,-0.1857352437834502,0.11565959126911637,-0.36857215,-0.6044336389350934,0.30836271102980006
mpq_sum,ZERO_TWO_RIGHT,18.5,16.0,21.0,73,24,26,31,-0.187526487742008,0.11212763322502109,-0.42060813,-0.6763798186759702,0.2686384762328963
mpq_sum,ZERO_TWO_RIGHT,19.5,17.0,22.0,73,24,26,31,-0.21697481503558072,0.0652021714204787,-0.5159632,-0.8362006361397945,0.1707378044296165
mpq_sum,ZERO_TWO_RIGHT,20.5,18.0,23.0,73,24,26,31,-0.2443057213775726,0.037251350408988436,-0.57582074,-0.9174113351841234,0.11172752634378355
mpq_sum,ZERO_TWO_RIGHT,21.5,19.0,24.0,73,24,26,31,-0.20158606040380478,0.08722335038825973,-0.47803926,-0.7098439204887883,0.11618579323065989
mpq_sum,ZERO_TWO_RIGHT,22.5,20.0,25.0,73,24,26,31,-0.18903235431719412,0.10922329002291897,-0.4194115,-0.5787437139779221,0.1986829977832978
mpq_sum,ZERO_TWO_RIGHT,23.5,21.0,26.0,73,24,26,31,-0.17202901416480298,0.14558019049321413,-0.41809338,-0.6489917555469463,0.20630086794257663
mpq_sum,ZERO_TWO_RIGHT,24.5,22.0,27.0,73,24,26,31,-0.18739462047340055,0.11238477515050227,-0.41600487,-0.6530574056358203,0.19478181014888696
mpq_sum,ZERO_TWO_RIGHT,25.5,23.0,28.0,73,24,26,31,-0.13954193417449556,0.2390199419151669,-0.2716967,-0.442641014035235,0.34482681036109686
mpq_sum,ZERO_TWO_RIGHT,26.5,24.0,29.0,73,24,26,31,-0.12189552931495014,0.3042616844784846,-0.28459856,-0.46575170071059263,0.3371373159455735
mpq_sum,ZERO_TWO_RIGHT,27.5,25.0,30.0,73,24,26,31,-0.15932713060218212,0.17816884386390563,-0.42385396,-0.7540424528048343,0.16071027801967508
mpq_sum,ZERO_TWO_RIGHT,28.5,26.0,31.0,73,24,26,31,-0.17300668286583115,0.14327064005849244,-0.46373308,-0.8005732456341701,0.13872742287516757
mpq_sum,ZERO_TWO_RIGHT,29.5,27.0,32.0,73,24,26,31,-0.12806749903113696,0.28024145747628876,-0.37374073,-0.5885242302100622,0.2051396484547503
mpq_sum,ZERO_TWO_RIGHT,30.5,28.0,33.0,73,24,26,31,-0.1594930663542844,0.17771142602491283,-0.47249588,-0.6893009199476786,0.10192374086089004
mpq_sum,ZERO_TWO_RIGHT,31.5,29.0,34.0,73,24,26,31,-0.16507854754030388,0.1628096838766812,-0.44219178,-0.6546031920946664,0.0987031215535374
mpq_sum,ZERO_TWO_RIGHT,32.5,30.0,35.0,73,24,26,31,-0.1507057576198075,0.20312828820289086,-0.39021447,-0.571384088176624,0.10807261062673908
mpq_sum,ZERO_TWO_RIGHT,33.5,31.0,36.0,73,24,26,31,-0.18994169365195437,0.10749786278877564,-0.40518218,-0.5668242310983758,0.09532923734060238
mpq_sum,ZERO_TWO_RIGHT,34.5,32.0,37.0,73,24,26,31,-0.21547649808196606,0.06712628197288233,-0.44531515,-0.6722410998864391,0.06313710826543618
mpq_sum,ZERO_TWO_RIGHT,35.5,33.0,38.0,73,24,26,31,-0.27440987076336043,0.018804444086829422,-0.59447527,-0.9917806048122563,0.032131807580463384
mpq_sum,ZERO_TWO_RIGHT,36.5,34.0,39.0,73,24,26,31,-0.332469740544884,0.004055281236657525,-0.6768423,-1.2681370679007218,0.05676331936373737
mpq_sum,ZERO_TWO_RIGHT,37.5,35.0,40.0,73,24,26,31,-0.3450353361686131,0.002794466693357436,-0.7496888,-1.4275768983572268,0.028721612554249314
mpq_sum,ZERO_TWO_RIGHT,38.5,36.0,41.0,73,24,26,31,-0.32586322055934996,0.004902795100342089,-0.7629037,-1.5175176140174071,0.020907432033058723
mpq_sum,ZERO_TWO_RIGHT,39.5,37.0,42.0,73,24,26,31,-0.29197655917729803,0.012194434640637438,-0.6706914,-1.2342317728073346,0.036284165577787436
mpq_sum,ZERO_TWO_RIGHT,40.5,38.0,43.0,73,24,26,31,-0.2534477295742642,0.03049947100842501,-0.52974606,-0.8561257698122161,0.08730260399713477
mpq_sum,ZERO_TWO_RIGHT,41.5,39.0,44.0,73,24,26,31,-0.2415203521484946,0.03954058575795192,-0.47739363,-0.6831795666466857,0.08284930288846763
mpq_sum,ZERO_TWO_RIGHT,42.5,40.0,45.0,73,24,26,31,-0.2253706494724251,0.05522839295289621,-0.43412194,-0.5896658739451135,0.10546157485787969
mpq_sum,ZERO_TWO_RIGHT,43.5,41.0,46.0,73,24,26,31,-0.22068590737728547,0.06062768849068742,-0.41828415,-0.5909089074727227,0.11105851885938693
mpq_sum,ZERO_TWO_RIGHT,44.5,42.0,47.0,73,24,26,31,-0.24519314730525965,0.03654561159553746,-0.4891184,-0.7685308075488994,0.10646172848542858
mpq_sum,ZERO_TWO_RIGHT,45.5,43.0,48.0,73,24,26,31,-0.2581146762713012,0.02746987696677433,-0.5702058,-0.9041468414328756,0.07353370522509188
mpq_sum,ZERO_TWO_RIGHT,46.5,44.0,49.0,73,24,26,31,-0.2637635247883199,0.024146487970694522,-0.60062504,-1.0723828068191497,0.05116761486983925
mpq_sum,ZERO_TWO_RIGHT,47.5,45.0,50.0,73,24,26,31,-0.3068585308426571,0.008276353465987448,-0.6509652,-1.1528917533773377,0.012907359056293135
mpq_sum,ZERO_TWO_RIGHT,48.5,46.0,51.0,73,24,26,31,-0.3128701399291352,0.007037889893827102,-0.71013105,-1.5336367020779453,0.0076549949416299815
mpq_sum,ZERO_TWO_RIGHT,49.5,47.0,52.0,73,24,26,31,-0.2992768059750446,0.010107406687511722,-0.6830901,-1.3430096520055048,0.015031165112579414
mpq_sum,ZERO_TWO_RIGHT,50.5,48.0,53.0,73,24,26,31,-0.28605382055475037,0.014152783070294843,-0.6952869,-1.623792473827802,0.014043037569740215
mpq_sum,ZERO_TWO_RIGHT,51.5,49.0,54.0,73,24,26,31,-0.27655612251329126,0.017859946000357053,-0.66812164,-1.2936579350821535,0.046182154777674594
mpq_sum,ZERO_TWO_RIGHT,52.5,50.0,55.0,73,24,26,31,-0.2422268507892707,0.03894914736449291,-0.5883448,-1.0297067650741358,0.055177926990954064
mpq_sum,ZERO_TWO_RIGHT,53.5,51.0,56.0,73,24,26,31,-0.28800916487557976,0.013478188430119328,-0.6100023,-0.9086527461846353,0.042022612912503365
mpq_sum,ZERO_TWO_RIGHT,54.5,52.0,57.0,73,24,26,31,-0.2585202903353708,0.027219012400711548,-0.5101645,-0.6717911095840522,0.03133715018412005
mpq_sum,ZERO_TWO_RIGHT,55.5,53.0,58.0,73,24,26,31,-0.29085902718344075,0.012544844024355756,-0.52449024,-0.6641557317749118,0.025910871893450718
mpq_sum,ZERO_TWO_RIGHT,56.5,54.0,59.0,73,24,26,31,-0.3229716439998188,0.005320644426219798,-0.608733,-0.8665701980589717,0.008452526432519916
mpq_sum,ZERO_TWO_RIGHT,57.5,55.0,60.0,73,24,26,31,-0.3041849495947352,0.008885843845111912,-0.5850552,-0.8531487177450063,0.01569057207931878
mpq_sum,ZERO_TWO_RIGHT,58.5,56.0,61.0,73,24,26,31,-0.185770291382834,0.11558967335356503,-0.39466536,-0.5661999338870746,0.14308407687812963
mpq_sum,ZERO_TWO_RIGHT,59.5,57.0,62.0,73,24,26,31,-0.24729794785307044,0.0349162153505746,-0.57211584,-0.9621301968309659,0.0482982855268632
mpq_sum,ZERO_TWO_RIGHT,60.5,58.0,63.0,73,24,26,31,-0.17980244785406785,0.127970910030728,-0.396916,-0.6124057831761964,0.15356753959224131
mpq_sum,ZERO_TWO_RIGHT,61.5,59.0,64.0,73,24,26,31,-0.12018015935005195,0.3111683497755847,-0.24687833,-0.32130218815780426,0.3442551537052607
mpq_sum,ZERO_TWO_RIGHT,62.5,60.0,65.0,73,24,26,31,-0.08925422965132039,0.45269664409114374,-0.2003351,-0.2735505211684524,0.4493824704206242
mpq_sum,ZERO_TWO_RIGHT,63.5,61.0,66.0,73,24,26,31,-0.1300691387834943,0.27272997966003676,-0.23369536,-0.31003379686335775,0.3173751434256957
mpq_sum,ZERO_TWO_RIGHT,64.5,62.0,67.0,73,24,26,31,-0.0996568095822004,0.4015461649245505,-0.14635856,-0.2031766921508274,0.5821393174708461
mpq_sum,ZERO_TWO_RIGHT,65.5,63.0,68.0,73,24,26,31,-0.09063010117298916,0.44573172147291706,-0.17281546,-0.2627881919561688,0.4891319739979878
mpq_sum,ZERO_TWO_RIGHT,66.5,64.0,69.0,73,24,26,31,-0.11546512805532844,0.33066980276225455,-0.20504226,-0.3145844480667422,0.42066315298670354
mpq_sum,ZERO_TWO_RIGHT,67.5,65.0,70.0,73,24,26,31,-0.134116861788585,0.25795548844486,-0.27319282,-0.39862793256265616,0.22518444118850878
mpq_sum,ZERO_TWO_RIGHT,68.5,66.0,71.0,73,24,26,31,-0.11759260391278242,0.3217766796192532,-0.28249705,-0.45773821944678617,0.24857554267531423
mpq_sum,ZERO_TWO_RIGHT,69.5,67.0,72.0,73,24,26,31,-0.1659003490499109,0.16069744059618152,-0.3541791,-0.5938187078518448,0.15259196296598565
mpq_sum,ZERO_TWO_RIGHT,70.5,68.0,73.0,73,24,26,31,-0.22422913910949185,0.05650644510458796,-0.48572817,-0.7993343092664131,0.05134586935232637
mpq_sum,ZERO_TWO_RIGHT,71.5,69.0,74.0,73,24,26,31,-0.2281465475205348,0.0522186422120884,-0.547939,-0.8791160027574277,0.02777810521343609
mpq_sum,ZERO_TWO_RIGHT,72.5,70.0,75.0,73,24,26,31,-0.21404025295613094,0.06901336327412276,-0.47022536,-0.7356298648050082,0.07124880980007507
mpq_sum,ZERO_TWO_RIGHT,73.5,71.0,76.0,73,24,26,31,-0.2911334096001687,0.01245801130737235,-0.6395974,-1.0995762079528604,0.014618071809625793
mpq_sum,ZERO_TWO_RIGHT,74.5,72.0,77.0,73,24,26,31,-0.2597470345213245,0.026472038649555853,-0.6552242,-1.0985058122500506,0.01860202343063715
mpq_sum,ZERO_TWO_RIGHT,75.5,73.0,78.0,73,24,26,31,-0.24314716060706634,0.03818976598460825,-0.6021176,-0.9855050022353548,0.04167519792457011
mpq_sum,ZERO_TWO_RIGHT,76.5,74.0,79.0,73,24,26,31,-0.17977968351135826,0.12801999701483655,-0.52384037,-0.8813077623085348,0.02243267969329134
mpq_sum,ZERO_TWO_RIGHT,77.5,75.0,80.0,73,24,26,31,-0.17246678299268012,0.14454262214459784,-0.51819503,-0.8447050553695594,0.03375192701112811
mpq_sum,ZERO_TWO_RIGHT,78.5,76.0,81.0,73,24,26,31,-0.11117916486188381,0.34905325249846086,-0.32957518,-0.5084035929421784,0.1951603306301677
mpq_sum,ZERO_TWO_RIGHT,79.5,77.0,82.0,73,24,26,31,-0.07560010585648091,0.5249786860069386,-0.29915664,-0.5130943374241155,0.22511143796917077
mpq_sum,ZERO_TWO_RIGHT,80.5,78.0,83.0,73,24,26,31,-0.06339114214017415,0.5941703991225432,-0.26046678,-0.4849646021898435,0.2960644817012843
mpq_sum,ZERO_TWO_RIGHT,81.5,79.0,84.0,73,24,26,31,-0.07550027414039237,0.5255276479777073,-0.19782875,-0.3681154924446506,0.5593340903773026
mpq_sum,ZERO_TWO_RIGHT,82.5,80.0,85.0,73,24,26,31,-0.1465889313634818,0.2158877662957941,-0.38899356,-0.7424291867447095,0.23482699458343836
mpq_sum,ZERO_TWO_RIGHT,83.5,81.0,86.0,73,24,26,31,-0.07240957683988344,0.5426639141580377,-0.26183265,-0.4709831668662896,0.36797465032185617
mpq_sum,ZERO_TWO_RIGHT,84.5,82.0,87.0,73,24,26,31,-0.08747029247514143,0.4618161601361405,-0.26275748,-0.45091014582269023,0.3815429515010128
mpq_sum,ZERO_TWO_RIGHT,85.5,83.0,88.0,73,24,26,31,-0.08973069104171566,0.4502779222890519,-0.25758645,-0.4390225348417207,0.3841316603120126
mpq_sum,ZERO_TWO_RIGHT,86.5,84.0,89.0,73,24,26,31,-0.1006268216019216,0.39695628360344903,-0.35337192,-0.6366922751579657,0.18911127190873867
mpq_sum,ZERO_TWO_RIGHT,87.5,85.0,90.0,73,24,26,31,-0.0910765627867902,0.4434845566692822,-0.2751218,-0.5133373465929332,0.3159390448724848
mpq_sum,ZERO_TWO_RIGHT,88.5,86.0,91.0,73,24,26,31,-0.1769127594555662,0.13431723454747124,-0.4102463,-0.777060285495196,0.1755130122704085
mpq_sum,ZERO_TWO_RIGHT,89.5,87.0,92.0,73,24,26,31,-0.18178995777213394,0.12374019242533497,-0.44576058,-0.9512921760651815,0.07043367250240283
mpq_sum,ZERO_TWO_RIGHT,90.5,88.0,93.0,73,24,26,31,-0.16868924805372087,0.1536802995012533,-0.45184413,-1.0066181826064966,0.07144169092569945
mpq_sum,ZERO_TWO_RIGHT,91.5,89.0,94.0,73,24,26,31,-0.2064766336288104,0.07966592212306615,-0.45144317,-0.9489000138199478,0.099007812739534
mpq_sum,ZERO_TWO_RIGHT,92.5,90.0,95.0,73,24,26,31,-0.12288691962823886,0.30031579555845667,-0.3231774,-0.6920749764286241,0.17320768614906945
mpq_sum,ZERO_TWO_RIGHT,93.5,91.0,96.0,73,24,26,31,-0.08219444606812938,0.48936463670700225,-0.24387461,-0.5327806641386669,0.2987230689071271
mpq_sum,ZERO_TWO_RIGHT,94.5,92.0,97.0,73,24,26,31,-0.09118298737626235,0.4429498287965741,-0.16824472,-0.3744127923488706,0.5861531187322087
mpq_sum,ZERO_TWO_RIGHT,95.5,93.0,98.0,73,24,26,31,-0.053691421777942214,0.6518831640709866,-0.14516208,-0.2939349601647331,0.6075223690760336
mpq_sum,ZERO_TWO_RIGHT,96.5,94.0,99.0,73,24,26,31,-0.011327142589400442,0.9242260371092822,-0.015732363,-0.03308823527686032,0.9555236572277648
mpq_sum,ZERO_TWO_RIGHT,97.5,95.0,100.0,73,24,26,31,-0.03931914752353574,0.7411941507030085,-0.076957315,-0.15521472406343487,0.7601449199654727
mpq_sum,ZERO_TWO_RIGHT,98.5,96.0,101.0,73,24,26,31,-0.07198419472480727,0.5450435846993097,-0.1985717,-0.42669718069748414,0.4406979220971793
composite_mpq_leftleg,ONE_THREE_LEFT,6.5,4.0,9.0,90,30,30,35,-0.4438983507807165,1.1741449529319037e-05,-0.99943554,-1.9213747989535361,0.049022807721787284
composite_mpq_leftleg,ONE_THREE_LEFT,7.5,5.0,10.0,90,30,30,35,-0.43561484033902204,1.777151634290192e-05,-0.9399663,-1.7849272871732436,0.05777010817362325
composite_mpq_leftleg,ONE_THREE_LEFT,8.5,6.0,11.0,90,30,30,35,-0.41324894213540564,5.163074096283743e-05,-0.90735185,-1.5898155866078891,0.05654095268802736
composite_mpq_leftleg,ONE_THREE_LEFT,9.5,7.0,12.0,90,30,30,35,-0.4236657171403082,3.171362775351742e-05,-1.0026658,-1.7598296004545977,0.04508547639142038
composite_mpq_leftleg,ONE_THREE_LEFT,10.5,8.0,13.0,90,30,30,35,-0.3989296618126609,9.833585573443293e-05,-0.94023955,-1.6926789930401416,0.04945685781968283
composite_mpq_leftleg,ONE_THREE_LEFT,11.5,9.0,14.0,90,30,30,35,-0.3750317535272552,0.000270520778434974,-0.9052259,-1.6878625773527778,0.07254504624202546
composite_mpq_leftleg,ONE_THREE_LEFT,12.5,10.0,15.0,90,30,30,35,-0.3676445209360985,0.0003642349052680107,-0.9074506,-1.6936107641545375,0.07211613577032798
composite_mpq_leftleg,ONE_THREE_LEFT,13.5,11.0,16.0,90,30,30,35,-0.3547635913529959,0.0006017017675362213,-0.8723371,-1.5102116664717475,0.046187917885894846
composite_mpq_leftleg,ONE_THREE_LEFT,14.5,12.0,17.0,90,30,30,35,-0.3237987169183985,0.0018506312476727713,-0.7668739,-1.3744445581516889,0.048107128777922926
composite_mpq_leftleg,ONE_THREE_LEFT,15.5,13.0,18.0,90,30,30,35,-0.2914599336261378,0.005317109091346546,-0.7070228,-1.2856166743922992,0.06509520720520062
composite_mpq_leftleg,ONE_THREE_LEFT,16.5,14.0,19.0,90,30,30,35,-0.2796016218072924,0.007609795368834419,-0.6696923,-1.194749255448215,0.07377044746583418
composite_mpq_leftleg,ONE_THREE_LEFT,17.5,15.0,20.0,90,30,30,35,-0.2431749509319439,0.020916090183391304,-0.6100086,-1.1036462786110324,0.06960425228506645
composite_mpq_leftleg,ONE_THREE_LEFT,18.5,16.0,21.0,90,30,30,35,-0.18237887932024788,0.08534634958655987,-0.4743796,-0.7973746522976447,0.13209776813263283
composite_mpq_leftleg,ONE_THREE_LEFT,19.5,17.0,22.0,90,30,30,35,-0.12111974424256788,0.25546586054008513,-0.32831872,-0.5667793848905692,0.2793470747110891
composite_mpq_leftleg,ONE_THREE_LEFT,20.5,18.0,23.0,90,30,30,35,-0.07646260811091063,0.4738074861677788,-0.24771574,-0.42592419497580536,0.4432312931429081
composite_mpq_leftleg,ONE_THREE_LEFT,21.5,19.0,24.0,90,30,30,35,0.028202327656360215,0.7918852546120234,-0.005947171,-0.009918232190197995,0.9852689058395765
composite_mpq_leftleg,ONE_THREE_LEFT,22.5,20.0,25.0,90,30,30,35,0.09113515818260434,0.3929508969852532,0.17328617,0.2871898402099858,0.5979088361180251
composite_mpq_leftleg,ONE_THREE_LEFT,23.5,21.0,26.0,90,30,30,35,0.1058064721424052,0.3209407039158316,0.25099397,0.415924263726019,0.44434166842627076
composite_mpq_leftleg,ONE_THREE_LEFT,24.5,22.0,27.0,90,30,30,35,0.12266773011029952,0.2493962061814244,0.3046268,0.48998834145605497,0.348482889934862
composite_mpq_leftleg,ONE_THREE_LEFT,25.5,23.0,28.0,90,30,30,35,0.11309601102635061,0.2885378011840407,0.27340585,0.43000128046033737,0.40231683069711954
composite_mpq_leftleg,ONE_THREE_LEFT,26.5,24.0,29.0,90,30,30,35,0.09528772820948744,0.37165499425941284,0.22425239,0.3433085749853914,0.5083052822026437
composite_mpq_leftleg,ONE_THREE_LEFT,27.5,25.0,30.0,90,30,30,35,0.03747929459827632,0.725803754529395,0.07161413,0.11423167324285355,0.8319146612627643
composite_mpq_leftleg,ONE_THREE_LEFT,28.5,26.0,31.0,90,30,30,35,0.02280278151170298,0.8310695812751674,0.014490765,0.02259655779590742,0.9655509476493126
composite_mpq_leftleg,ONE_THREE_LEFT,29.5,27.0,32.0,90,30,30,35,-0.00878501851954627,0.9345047053324997,-0.049100153,-0.07556903526042402,0.8860167140538461
composite_mpq_leftleg,ONE_THREE_LEFT,30.5,28.0,33.0,90,30,30,35,-0.021803166687951247,0.8383723461614496,-0.07904058,-0.11687305824142641,0.8180235444615072
composite_mpq_leftleg,ONE_THREE_LEFT,31.5,29.0,34.0,90,30,30,35,-0.039269805607572074,0.7132608083009362,-0.11099156,-0.16794204061090526,0.7480589336828598
composite_mpq_leftleg,ONE_THREE_LEFT,32.5,30.0,35.0,90,30,30,35,-0.04967390604959168,0.6419687448580906,-0.12174835,-0.19237328885183722,0.7334080533439764
composite_mpq_leftleg,ONE_THREE_LEFT,33.5,31.0,36.0,90,30,30,35,-0.07015148669871796,0.5111663195359889,-0.1731618,-0.27282121051977826,0.6330944114476831
composite_mpq_leftleg,ONE_THREE_LEFT,34.5,32.0,37.0,90,30,30,35,-0.090076003948158,0.39849672400738284,-0.24551873,-0.38423262120437307,0.5104429075899126
composite_mpq_leftleg,ONE_THREE_LEFT,35.5,33.0,38.0,90,30,30,35,-0.1291765601988155,0.22496253050169907,-0.3293285,-0.5413596821481573,0.3900372101430135
composite_mpq_leftleg,ONE_THREE_LEFT,36.5,34.0,39.0,90,30,30,35,-0.2056428247063583,0.05183942649153188,-0.51646376,-0.8810156413333043,0.18156657994130065
composite_mpq_leftleg,ONE_THREE_LEFT,37.5,35.0,40.0,90,30,30,35,-0.18627877616366798,0.0787620824440621,-0.45659873,-0.7740594950523404,0.2061326649406945
composite_mpq_leftleg,ONE_THREE_LEFT,38.5,36.0,41.0,90,30,30,35,-0.20621875153309813,0.051172484198114224,-0.50195014,-0.8420697199498586,0.1754419722756615
composite_mpq_leftleg,ONE_THREE_LEFT,39.5,37.0,42.0,90,30,30,35,-0.2241289339221059,0.03369955614083847,-0.52494013,-0.9080160858545716,0.16582965117952064
composite_mpq_leftleg,ONE_THREE_LEFT,40.5,38.0,43.0,90,30,30,35,-0.21481150511188227,0.042032796728598984,-0.47881234,-0.7766113281192587,0.20670023482852828
composite_mpq_leftleg,ONE_THREE_LEFT,41.5,39.0,44.0,90,30,30,35,-0.20159062012776507,0.05673669625646626,-0.4902197,-0.7786960175335231,0.18007094321960526
composite_mpq_leftleg,ONE_THREE_LEFT,42.5,40.0,45.0,90,30,30,35,-0.19812546840844777,0.06121883824536608,-0.51279765,-0.8362639714858902,0.1940630333827823
composite_mpq_leftleg,ONE_THREE_LEFT,43.5,41.0,46.0,90,30,30,35,-0.22309433929129593,0.03455029513621651,-0.5663557,-0.9589379119554942,0.12383257677504327
composite_mpq_leftleg,ONE_THREE_LEFT,44.5,42.0,47.0,90,30,30,35,-0.2666795030983444,0.011060846889829253,-0.6952543,-1.1706381931421876,0.06429287553129039
composite_mpq_leftleg,ONE_THREE_LEFT,45.5,43.0,48.0,90,30,30,35,-0.24127951983531878,0.021966847596543607,-0.6612673,-1.0492994345160678,0.07536097311878322
composite_mpq_leftleg,ONE_THREE_LEFT,46.5,44.0,49.0,90,30,30,35,-0.2263122253829951,0.03196192311068362,-0.5926064,-0.8683342312421385,0.11846413196130408
composite_mpq_leftleg,ONE_THREE_LEFT,47.5,45.0,50.0,90,30,30,35,-0.2660598036619204,0.011256171452559794,-0.69967574,-0.9780634983154013,0.07852796055765587
composite_mpq_leftleg,ONE_THREE_LEFT,48.5,46.0,51.0,90,30,30,35,-0.22921023136583335,0.029772580612815715,-0.6183007,-0.8137544731426807,0.12109607918190338
composite_mpq_leftleg,ONE_THREE_LEFT,49.5,47.0,52.0,90,30,30,35,-0.2053128147123147,0.052224799185086636,-0.5428986,-0.6801893392974363,0.15358895454735225
composite_mpq_leftleg,ONE_THREE_LEFT,50.5,48.0,53.0,90,30,30,35,-0.23745409725446123,0.024225539355318227,-0.6371222,-0.8249276025713106,0.13870446234954265
composite_mpq_leftleg,ONE_THREE_LEFT,51.5,49.0,54.0,90,30,30,35,-0.25108954290425645,0.016980760042213324,-0.673711,-0.895814346808383,0.10212817066256591
composite_mpq_leftleg,ONE_THREE_LEFT,52.5,50.0,55.0,90,30,30,35,-0.240579343326758,0.022366254692120877,-0.6444426,-0.8617261665436564,0.10546093069430423
composite_mpq_leftleg,ONE_THREE_LEFT,53.5,51.0,56.0,90,30,30,35,-0.30991572347771074,0.00295311876969197,-0.7698554,-1.0814758682676746,0.05255421733177289
composite_mpq_leftleg,ONE_THREE_LEFT,54.5,52.0,57.0,90,30,30,35,-0.3548808350367841,0.0005990152411900914,-0.859305,-1.2772096839968226,0.02476327873629647
composite_mpq_leftleg,ONE_THREE_LEFT,55.5,53.0,58.0,90,30,30,35,-0.3379342650373606,0.001123955567107308,-0.7555677,-1.201104370335104,0.02701433563255944
composite_mpq_leftleg,ONE_THREE_LEFT,56.5,54.0,59.0,90,30,30,35,-0.34985462681008267,0.0007245831269026653,-0.76756704,-1.249196129933686,0.0325673596943243
composite_mpq_leftleg,ONE_THREE_LEFT,57.5,55.0,60.0,90,30,30,35,-0.38119382992369516,0.00020992867740870315,-0.8004983,-1.4106091990257035,0.03419938478699558
composite_mpq_leftleg,ONE_THREE_LEFT,58.5,56.0,61.0,90,30,30,35,-0.33710588692447885,0.0011580378285118544,-0.7342176,-1.2241059467458704,0.04936527509077499
composite_mpq_leftleg,ONE_THREE_LEFT,59.5,57.0,62.0,90,30,30,35,-0.30369014053135585,0.0036161212337356315,-0.6467118,-1.0381415695154728,0.06569924763656461
composite_mpq_leftleg,ONE_THREE_LEFT,60.5,58.0,63.0,90,30,30,35,-0.30933933253204565,0.003009562217617966,-0.6712442,-0.9715975228277702,0.05401918021062029
composite_mpq_leftleg,ONE_THREE_LEFT,61.5,59.0,64.0,90,30,30,35,-0.30556253793297755,0.0034039533666694946,-0.6370745,-0.9388554286359077,0.06433315956245868
composite_mpq_leftleg,ONE_THREE_LEFT,62.5,60.0,65.0,90,30,30,35,-0.27557710145962894,0.008565599708325043,-0.5796681,-0.8742654806426385,0.09709991740007606
composite_mpq_leftleg,ONE_THREE_LEFT,63.5,61.0,66.0,90,30,30,35,-0.29478304141159756,0.004795988347930175,-0.5623601,-0.8720922492653391,0.132326057056131
composite_mpq_leftleg,ONE_THREE_LEFT,64.5,62.0,67.0,90,30,30,35,-0.3087159281444332,0.003071696462914011,-0.61187935,-0.9633685951783791,0.09951902570506993
composite_mpq_leftleg,ONE_THREE_LEFT,65.5,63.0,68.0,90,30,30,35,-0.31189861716611295,0.0027661207634231658,-0.6440398,-1.1335059874500664,0.09092178578222737
composite_mpq_leftleg,ONE_THREE_LEFT,66.5,64.0,69.0,90,30,30,35,-0.3004767449556867,0.004007919905972926,-0.62561625,-1.125249791529771,0.1204271677311606
composite_mpq_leftleg,ONE_THREE_LEFT,67.5,65.0,70.0,90,30,30,35,-0.28559310040792096,0.006360814353458491,-0.6243794,-1.1117459502853597,0.0976048490756778
composite_mpq_leftleg,ONE_THREE_LEFT,68.5,66.0,71.0,90,30,30,35,-0.2866791254981363,0.006154940443808391,-0.6353253,-1.1451862951912433,0.06004610951094692
composite_mpq_leftleg,ONE_THREE_LEFT,69.5,67.0,72.0,90,30,30,35,-0.2345005128044497,0.026102150753002668,-0.5132129,-0.9599736611576386,0.1302160818802604
composite_mpq_leftleg,ONE_THREE_LEFT,70.5,68.0,73.0,90,30,30,35,-0.24479570881865936,0.020052037440207997,-0.48510522,-0.8702620279996656,0.14133138187361236
composite_mpq_leftleg,ONE_THREE_LEFT,71.5,69.0,74.0,90,30,30,35,-0.2727816145002498,0.009290130068140586,-0.5470432,-1.0011869851743544,0.08736617491086839
composite_mpq_leftleg,ONE_THREE_LEFT,72.5,70.0,75.0,90,30,30,35,-0.23165675396754926,0.028024270893590164,-0.4393874,-0.8050188731638419,0.15103786121701349
composite_mpq_leftleg,ONE_THREE_LEFT,73.5,71.0,76.0,90,30,30,35,-0.24281617172648914,0.021111614136218076,-0.4248071,-0.7721140283721609,0.1665774561977077
composite_mpq_leftleg,ONE_THREE_LEFT,74.5,72.0,77.0,90,30,30,35,-0.21923497711610893,0.03788455009631123,-0.3346913,-0.5865562529098394,0.24993076689532534
composite_mpq_leftleg,ONE_THREE_LEFT,75.5,73.0,78.0,90,30,30,35,-0.20779829244729728,0.04937948315076757,-0.31616715,-0.5557542389497415,0.2677843452728079
composite_mpq_leftleg,ONE_THREE_LEFT,76.5,74.0,79.0,90,30,30,35,-0.20755977732196437,0.04964686309616613,-0.31339282,-0.6171087091994019,0.28004383186099746
composite_mpq_leftleg,ONE_THREE_LEFT,77.5,75.0,80.0,90,30,30,35,-0.20236437287899806,0.05577343128785275,-0.33091515,-0.6410022282886281,0.2640844259806737
composite_mpq_leftleg,ONE_THREE_LEFT,78.5,76.0,81.0,90,30,30,35,-0.12662218142496523,0.23434303201718476,-0.21802302,-0.41516153986031284,0.4644002950547925
composite_mpq_leftleg,ONE_THREE_LEFT,79.5,77.0,82.0,90,30,30,35,-0.20921473778441538,0.04781597810417862,-0.416159,-0.7893709564109598,0.1485885839625521
composite_mpq_leftleg,ONE_THREE_LEFT,80.5,78.0,83.0,90,30,30,35,-0.21976634330005607,0.03741010061263414,-0.44662637,-0.8280262070507379,0.11432110753541304
composite_mpq_leftleg,ONE_THREE_LEFT,81.5,79.0,84.0,90,30,30,35,-0.1903307985617672,0.07235779932192758,-0.3488849,-0.5719549167593482,0.20696155612091294
composite_mpq_leftleg,ONE_THREE_LEFT,82.5,80.0,85.0,90,30,30,35,-0.20633419156085656,0.05103965397512615,-0.34448454,-0.5623400592663641,0.1675039402030204
composite_mpq_leftleg,ONE_THREE_LEFT,83.5,81.0,86.0,90,30,30,35,-0.23679020998162986,0.024637021642407424,-0.41294694,-0.7369943413172134,0.13050183489474032
composite_mpq_leftleg,ONE_THREE_LEFT,84.5,82.0,87.0,90,30,30,35,-0.2069350260233884,0.05035288237276506,-0.3485274,-0.647209599381688,0.19567058659926817
composite_mpq_leftleg,ONE_THREE_LEFT,85.5,83.0,88.0,90,30,30,35,-0.1896886939344635,0.07334375696442863,-0.30123207,-0.5435662678464489,0.19363806284612728
composite_mpq_leftleg,ONE_THREE_LEFT,86.5,84.0,89.0,90,30,30,35,-0.20405623711963175,0.0537137922143467,-0.35193875,-0.673694444441216,0.1421628673557001
composite_mpq_leftleg,ONE_THREE_LEFT,87.5,85.0,90.0,90,30,30,35,-0.17794137033160584,0.09336226896438339,-0.29655972,-0.5291171472039848,0.22215585625402157
composite_mpq_leftleg,ONE_THREE_LEFT,88.5,86.0,91.0,90,30,30,35,-0.14532239503833433,0.17173663758767477,-0.25324228,-0.5024076930653433,0.32363229463203225
composite_mpq_leftleg,ONE_THREE_LEFT,89.5,87.0,92.0,90,30,30,35,-0.10067241296874857,0.34511169914395473,-0.15717681,-0.3171899295606384,0.5330767915346013
composite_mpq_leftleg,ONE_THREE_LEFT,90.5,88.0,93.0,90,30,30,35,-0.0692247747307896,0.5167765200005455,-0.11848447,-0.261923884689024,0.6626699742979336
composite_mpq_leftleg,ONE_THREE_LEFT,91.5,89.0,94.0,90,30,30,35,-0.10492541883864223,0.32500948680276903,-0.15817894,-0.3493409702425993,0.5503546394642604
composite_mpq_leftleg,ONE_THREE_LEFT,92.5,90.0,95.0,90,30,30,35,-0.11332477923766089,0.2875572941245963,-0.16345976,-0.3765881000657733,0.5666733378904991
composite_mpq_leftleg,ONE_THREE_LEFT,93.5,91.0,96.0,90,30,30,35,-0.15564182072621108,0.14296155040178138,-0.23530707,-0.5330135000662919,0.38945733681859884
composite_mpq_leftleg,ONE_THREE_LEFT,94.5,92.0,97.0,90,30,30,35,-0.1873584168848815,0.07701297171639375,-0.3909641,-0.9107524681477805,0.1755974265334037
composite_mpq_leftleg,ONE_THREE_LEFT,95.5,93.0,98.0,90,30,30,35,-0.19055622164603336,0.07201420018311488,-0.3737033,-0.84115159869001,0.2183075640288592
composite_mpq_leftleg,ONE_THREE_LEFT,96.5,94.0,99.0,90,30,30,35,-0.08238474985804406,0.44013884097749795,-0.18314481,-0.4114778068265433,0.5694517649104851
composite_mpq_leftleg,ONE_THREE_LEFT,97.5,95.0,100.0,90,30,30,35,-0.11521759134961283,0.2795294723000207,-0.32880023,-0.874855406579047,0.33283776103700424
composite_mpq_leftleg,ONE_THREE_LEFT,98.5,96.0,101.0,90,30,30,35,-0.06470969191401657,0.5445516823444773,-0.21989478,-0.5538119645491177,0.482611131976841
composite_mpq_leftleg,ONE_THREE_RIGHT,6.5,4.0,9.0,73,25,24,27,-0.19419062534878198,0.0997142011421623,-0.25548387,-0.37699688749448257,0.47392237591790454
composite_mpq_leftleg,ONE_THREE_RIGHT,7.5,5.0,10.0,73,25,24,27,-0.18470504995369996,0.1177293370629282,-0.27779692,-0.4471453447451754,0.4573804042202252
composite_mpq_leftleg,ONE_THREE_RIGHT,8.5,6.0,11.0,73,25,24,27,-0.16813666281941853,0.15505222472927715,-0.28018117,-0.48042390007921637,0.45163350209832565
composite_mpq_leftleg,ONE_THREE_RIGHT,9.5,7.0,12.0,73,25,24,27,-0.11733155917111689,0.3228595784031156,-0.19381869,-0.3392030790139049,0.5764197258888089
composite_mpq_leftleg,ONE_THREE_RIGHT,10.5,8.0,13.0,73,25,24,27,-0.15191448461061927,0.19948623919455197,-0.3317923,-0.6088554874089026,0.3144057638796012
composite_mpq_leftleg,ONE_THREE_RIGHT,11.5,9.0,14.0,73,25,24,27,-0.12496588863028436,0.292150058406513,-0.3128576,-0.5815151808991431,0.31157970167861393
composite_mpq_leftleg,ONE_THREE_RIGHT,12.5,10.0,15.0,73,25,24,27,-0.14934545418914508,0.2072834489436748,-0.32687286,-0.5286266375636364,0.29688099451494676
composite_mpq_leftleg,ONE_THREE_RIGHT,13.5,11.0,16.0,73,25,24,27,-0.1414828764153374,0.232484552473187,-0.26661128,-0.40886091833710425,0.4127621058905532
composite_mpq_leftleg,ONE_THREE_RIGHT,14.5,12.0,17.0,73,25,24,27,-0.17309012796580364,0.14307479901962245,-0.3012079,-0.46040230956677514,0.35572180275837306
composite_mpq_leftleg,ONE_THREE_RIGHT,15.5,13.0,18.0,73,25,24,27,-0.19041861171827296,0.10660141924148105,-0.3528348,-0.5532223956881734,0.2704735417721471
composite_mpq_leftleg,ONE_THREE_RIGHT,16.5,14.0,19.0,73,25,24,27,-0.1959870506237809,0.09655870984844224,-0.39770913,-0.6290936717108812,0.2322413298593644
composite_mpq_leftleg,ONE_THREE_RIGHT,17.5,15.0,20.0,73,25,24,27,-0.1486772696296184,0.20934643238221967,-0.30777994,-0.5245610139137546,0.3225878754425522
composite_mpq_leftleg,ONE_THREE_RIGHT,18.5,16.0,21.0,73,25,24,27,-0.12594107541427416,0.2883705180556788,-0.2854665,-0.474442410215367,0.3435402960865821
composite_mpq_leftleg,ONE_THREE_RIGHT,19.5,17.0,22.0,73,25,24,27,-0.1715028727921977,0.14683458568643667,-0.48274064,-0.8403547781773587,0.11739243202446976
composite_mpq_leftleg,ONE_THREE_RIGHT,20.5,18.0,23.0,73,25,24,27,-0.1575225083359258,0.18319893755297528,-0.4897733,-0.9053696845491186,0.10608263700655499
composite_mpq_leftleg,ONE_THREE_RIGHT,21.5,19.0,24.0,73,25,24,27,-0.13268758468812758,0.26310911958645367,-0.42646325,-0.7998899802561567,0.16852256727766135
composite_mpq_leftleg,ONE_THREE_RIGHT,22.5,20.0,25.0,73,25,24,27,-0.15599495424752624,0.18753658036822213,-0.45417356,-0.8097886551277461,0.20035065525592577
composite_mpq_leftleg,ONE_THREE_RIGHT,23.5,21.0,26.0,73,25,24,27,-0.16447883058055374,0.1643639977720774,-0.4373303,-0.7377563803885966,0.23832817029712816
composite_mpq_leftleg,ONE_THREE_RIGHT,24.5,22.0,27.0,73,25,24,27,-0.12056519703350328,0.30960931645848994,-0.34025136,-0.5733824134167108,0.3635326627883654
composite_mpq_leftleg,ONE_THREE_RIGHT,25.5,23.0,28.0,73,25,24,27,-0.13831952038570286,0.24320046171032736,-0.35473925,-0.5679640729788893,0.31067002140234345
composite_mpq_leftleg,ONE_THREE_RIGHT,26.5,24.0,29.0,73,25,24,27,-0.1285057840701619,0.2785850760601855,-0.3361585,-0.5397446057000266,0.32484542282142026
composite_mpq_leftleg,ONE_THREE_RIGHT,27.5,25.0,30.0,73,25,24,27,-0.16638716246401283,0.15945579993009373,-0.46543393,-0.7537624306547631,0.18528681195674246
composite_mpq_leftleg,ONE_THREE_RIGHT,28.5,26.0,31.0,73,25,24,27,-0.17130915959577359,0.14729845712141423,-0.45810294,-0.6773547708990197,0.17841736337627312
composite_mpq_leftleg,ONE_THREE_RIGHT,29.5,27.0,32.0,73,25,24,27,-0.1733421961455752,0.14248442976879452,-0.42579263,-0.5762423558888098,0.1633872379832545
composite_mpq_leftleg,ONE_THREE_RIGHT,30.5,28.0,33.0,73,25,24,27,-0.13893572618598618,0.2410868624714111,-0.3708425,-0.4700665375731218,0.22422139324698942
composite_mpq_leftleg,ONE_THREE_RIGHT,31.5,29.0,34.0,73,25,24,27,-0.19835032756993345,0.0925272244950691,-0.45923528,-0.6042315165852463,0.1359858038575913
composite_mpq_leftleg,ONE_THREE_RIGHT,32.5,30.0,35.0,73,25,24,27,-0.15177481200675347,0.19990468836566655,-0.35967976,-0.45932414592533566,0.22608531333382476
composite_mpq_leftleg,ONE_THREE_RIGHT,33.5,31.0,36.0,73,25,24,27,-0.14134457039908058,0.23294609718480344,-0.35070294,-0.4509370325030058,0.23061788369805014
composite_mpq_leftleg,ONE_THREE_RIGHT,34.5,32.0,37.0,73,25,24,27,-0.13692871778341195,0.24801769129234416,-0.33746025,-0.4234457317374212,0.23690958522110472
composite_mpq_leftleg,ONE_THREE_RIGHT,35.5,33.0,38.0,73,25,24,27,-0.14051689198762973,0.23572145794255345,-0.33865097,-0.4433237009250321,0.19599354547831827
composite_mpq_leftleg,ONE_THREE_RIGHT,36.5,34.0,39.0,73,25,24,27,-0.07507555634231912,0.527866324693302,-0.17250474,-0.220326544553876,0.5289208971807138
composite_mpq_leftleg,ONE_THREE_RIGHT,37.5,35.0,40.0,73,25,24,27,-0.13603512083437477,0.25114703933718907,-0.27162865,-0.35466534327441923,0.3364133288984458
composite_mpq_leftleg,ONE_THREE_RIGHT,38.5,36.0,41.0,73,25,24,27,-0.16885238018638773,0.15327701687042702,-0.3643397,-0.47573845709572954,0.16098387629584632
composite_mpq_leftleg,ONE_THREE_RIGHT,39.5,37.0,42.0,73,25,24,27,-0.14395346515457677,0.22434672390383356,-0.2982122,-0.4087428132984599,0.23697453387486578
composite_mpq_leftleg,ONE_THREE_RIGHT,40.5,38.0,43.0,73,25,24,27,-0.18569505033722172,0.1157398148992395,-0.3270069,-0.4499297132795851,0.19773700843946163
composite_mpq_leftleg,ONE_THREE_RIGHT,41.5,39.0,44.0,73,25,24,27,-0.221791116503015,0.05931681884007514,-0.42611656,-0.6629141579413256,0.13715360409087501
composite_mpq_leftleg,ONE_THREE_RIGHT,42.5,40.0,45.0,73,25,24,27,-0.19932686884034725,0.09090048422455536,-0.37191224,-0.5382854382148906,0.16061915780836966
composite_mpq_leftleg,ONE_THREE_RIGHT,43.5,41.0,46.0,73,25,24,27,-0.16791504025372905,0.15560500561200954,-0.3115982,-0.46053724415449676,0.20835631613190309
composite_mpq_leftleg,ONE_THREE_RIGHT,44.5,42.0,47.0,73,25,24,27,-0.23304658265206213,0.04723398259466026,-0.4840823,-0.8102928240305528,0.08338514475211531
composite_mpq_leftleg,ONE_THREE_RIGHT,45.5,43.0,48.0,73,25,24,27,-0.15449986497847212,0.19185341641413312,-0.34869578,-0.5171001179205497,0.1587706197109895
composite_mpq_leftleg,ONE_THREE_RIGHT,46.5,44.0,49.0,73,25,24,27,-0.10488944967125341,0.377156562530592,-0.25083414,-0.33618144698953184,0.27041422583524044
composite_mpq_leftleg,ONE_THREE_RIGHT,47.5,45.0,50.0,73,25,24,27,-0.09448344890743124,0.4265467850191061,-0.23732558,-0.2994139007179764,0.30903077512418564
composite_mpq_leftleg,ONE_THREE_RIGHT,48.5,46.0,51.0,73,25,24,27,-0.11331405983470862,0.33981820591833384,-0.2223146,-0.26721735998578794,0.3500756679893108
composite_mpq_leftleg,ONE_THREE_RIGHT,49.5,47.0,52.0,73,25,24,27,-0.1038349705868471,0.38199821761185077,-0.1740002,-0.19331121741613083,0.44075406524345007
composite_mpq_leftleg,ONE_THREE_RIGHT,50.5,48.0,53.0,73,25,24,27,-0.118020708580238,0.3200057912816996,-0.16990045,-0.18305895409954298,0.49569213413934354
composite_mpq_leftleg,ONE_THREE_RIGHT,51.5,49.0,54.0,73,25,24,27,-0.17235029244235914,0.1448181765773191,-0.28842407,-0.329072307410371,0.25964674088628004
composite_mpq_leftleg,ONE_THREE_RIGHT,52.5,50.0,55.0,73,25,24,27,-0.18458604612229942,0.11797024670707837,-0.25778303,-0.30870352094627895,0.2727104632683759
composite_mpq_leftleg,ONE_THREE_RIGHT,53.5,51.0,56.0,73,25,24,27,-0.2625236126190166,0.024845150094821203,-0.44156563,-0.5323448367201007,0.04131782740049678
composite_mpq_leftleg,ONE_THREE_RIGHT,54.5,52.0,57.0,73,25,24,27,-0.24493926103386346,0.036746370521186546,-0.4318519,-0.5036753386142283,0.058895691342127264
composite_mpq_leftleg,ONE_THREE_RIGHT,55.5,53.0,58.0,73,25,24,27,-0.24524262936831362,0.03650659066177652,-0.4589816,-0.5478142316844715,0.06359855846557347
composite_mpq_leftleg,ONE_THREE_RIGHT,56.5,54.0,59.0,73,25,24,27,-0.26684767752964167,0.022480574300653193,-0.5276514,-0.6247184183531657,0.03656214008298619
composite_mpq_leftleg,ONE_THREE_RIGHT,57.5,55.0,60.0,73,25,24,27,-0.25618063620594334,0.02869304875526596,-0.5508972,-0.6383182175885267,0.04201362788621413
composite_mpq_leftleg,ONE_THREE_RIGHT,58.5,56.0,61.0,73,25,24,27,-0.17945490191949387,0.1287218882452313,-0.40174478,-0.48197737876639835,0.12083518003955215
composite_mpq_leftleg,ONE_THREE_RIGHT,59.5,57.0,62.0,73,25,24,27,-0.16146090692121026,0.17235199012546737,-0.41155323,-0.5431548558472826,0.12698208452588156
composite_mpq_leftleg,ONE_THREE_RIGHT,60.5,58.0,63.0,73,25,24,27,-0.16448597074306262,0.16434542817352996,-0.4312986,-0.5986665492585511,0.12279565452016158
composite_mpq_leftleg,ONE_THREE_RIGHT,61.5,59.0,64.0,73,25,24,27,-0.11429272506128405,0.33563647133196145,-0.29786777,-0.36652159704753134,0.3059998398892031
composite_mpq_leftleg,ONE_THREE_RIGHT,62.5,60.0,65.0,73,25,24,27,-0.049520390305634314,0.6773696372048165,-0.15348963,-0.2047505138423058,0.628565531175393
composite_mpq_leftleg,ONE_THREE_RIGHT,63.5,61.0,66.0,73,25,24,27,-0.035267169704586696,0.7670664930270421,-0.098275706,-0.1282309098632014,0.7680698086454338
composite_mpq_leftleg,ONE_THREE_RIGHT,64.5,62.0,67.0,73,25,24,27,-0.07181421626104582,0.5459958932445994,-0.18725716,-0.2560258626560452,0.5414624245649957
composite_mpq_leftleg,ONE_THREE_RIGHT,65.5,63.0,68.0,73,25,24,27,-0.06460050937494032,0.5871379283735607,-0.15401934,-0.2186105026394954,0.6188824054044704
composite_mpq_leftleg,ONE_THREE_RIGHT,66.5,64.0,69.0,73,25,24,27,-0.036417362102906935,0.7596951214879752,-0.095985964,-0.14653429162054815,0.7648917040848948
composite_mpq_leftleg,ONE_THREE_RIGHT,67.5,65.0,70.0,73,25,24,27,-0.09763959010508777,0.4111904325218775,-0.23934522,-0.3596690002607806,0.43513753135697397
composite_mpq_leftleg,ONE_THREE_RIGHT,68.5,66.0,71.0,73,25,24,27,-0.09221583120602025,0.4377791049758987,-0.27480343,-0.4143471747938027,0.32109388532644434
composite_mpq_leftleg,ONE_THREE_RIGHT,69.5,67.0,72.0,73,25,24,27,-0.026072866399533306,0.826682020112528,-0.10387725,-0.14913546107174003,0.714861020515458
composite_mpq_leftleg,ONE_THREE_RIGHT,70.5,68.0,73.0,73,25,24,27,-0.0359268506244935,0.7628361498607373,-0.12414975,-0.19951998073295965,0.650837361343594
composite_mpq_leftleg,ONE_THREE_RIGHT,71.5,69.0,74.0,73,25,24,27,-0.12933533421061572,0.2754678925522253,-0.2918774,-0.49393692070581646,0.3059260669536519
composite_mpq_leftleg,ONE_THREE_RIGHT,72.5,70.0,75.0,73,25,24,27,-0.12219681652796395,0.303058966625653,-0.2213794,-0.3744741649736199,0.45032330391731656
composite_mpq_leftleg,ONE_THREE_RIGHT,73.5,71.0,76.0,73,25,24,27,-0.107230995260745,0.36653853594134944,-0.13370733,-0.20344109056020754,0.6611899893935698
composite_mpq_leftleg,ONE_THREE_RIGHT,74.5,72.0,77.0,73,25,24,27,-0.1620898023416005,0.1706643956169227,-0.19916558,-0.3330541892476811,0.4881514437674688
composite_mpq_leftleg,ONE_THREE_RIGHT,75.5,73.0,78.0,73,25,24,27,-0.14577564592127817,0.21847379825406094,-0.16605833,-0.2689052206088475,0.5356312356116866
composite_mpq_leftleg,ONE_THREE_RIGHT,76.5,74.0,79.0,73,25,24,27,-0.0635483029974411,0.5932543805053546,-0.039011333,-0.056584690390075854,0.8862793109889235
composite_mpq_leftleg,ONE_THREE_RIGHT,77.5,75.0,80.0,73,25,24,27,-0.10075724190012932,0.3963415352570607,-0.154214,-0.24077602862824246,0.5174716355274755
composite_mpq_leftleg,ONE_THREE_RIGHT,78.5,76.0,81.0,73,25,24,27,-0.08315946892374831,0.48426183921786103,-0.19254158,-0.33718722740004226,0.44916867055587506
composite_mpq_leftleg,ONE_THREE_RIGHT,79.5,77.0,82.0,73,25,24,27,-0.027240199334916566,0.8190509961260078,-0.06651781,-0.1098713506628459,0.8175481102183407
composite_mpq_leftleg,ONE_THREE_RIGHT,80.5,78.0,83.0,73,25,24,27,0.006328229741393668,0.9576237673024305,0.059435036,0.09237068018594186,0.8664866135086823
composite_mpq_leftleg,ONE_THREE_RIGHT,81.5,79.0,84.0,73,25,24,27,0.006584040824447574,0.955912433143676,0.047946643,0.07820695984830692,0.8864255233992993
composite_mpq_leftleg,ONE_THREE_RIGHT,82.5,80.0,85.0,73,25,24,27,0.0798749353682933,0.5017446040571414,0.19426233,0.35125696081262403,0.5920108034464115
composite_mpq_leftleg,ONE_THREE_RIGHT,83.5,81.0,86.0,73,25,24,27,0.08085981656953778,0.49646824427628883,0.2230259,0.38016421018903684,0.535589522240987
composite_mpq_leftleg,ONE_THREE_RIGHT,84.5,82.0,87.0,73,25,24,27,0.0720959649872883,0.5444178292142718,0.18418857,0.34148040661605056,0.6065846458760373
composite_mpq_leftleg,ONE_THREE_RIGHT,85.5,83.0,88.0,73,25,24,27,-0.06718920464696727,0.572212921291314,-0.20354138,-0.4007152255334183,0.47185619484543506
composite_mpq_leftleg,ONE_THREE_RIGHT,86.5,84.0,89.0,73,25,24,27,-0.019388853520306608,0.8706645091975637,-0.116537094,-0.23605623830314043,0.7234965154096132
composite_mpq_leftleg,ONE_THREE_RIGHT,87.5,85.0,90.0,73,25,24,27,-0.03616558325379216,0.7613069259752143,-0.12905994,-0.24519757322886415,0.7143984610711678
composite_mpq_leftleg,ONE_THREE_RIGHT,88.5,86.0,91.0,73,25,24,27,-0.12709852450839595,0.28392663639773114,-0.3397695,-0.6215027819656294,0.4214188227369958
composite_mpq_leftleg,ONE_THREE_RIGHT,89.5,87.0,92.0,73,25,24,27,-0.08267639799620709,0.48681266082930263,-0.30698514,-0.5097194705297444,0.440028406958623
composite_mpq_leftleg,ONE_THREE_RIGHT,90.5,88.0,93.0,73,25,24,27,-0.020940456897592545,0.8604144994061457,-0.12163648,-0.20677787209569806,0.7219495362452395
composite_mpq_leftleg,ONE_THREE_RIGHT,91.5,89.0,94.0,73,25,24,27,-0.05960141120949497,0.6164477951665707,-0.19477192,-0.3579225648821891,0.542527107743535
composite_mpq_leftleg,ONE_THREE_RIGHT,92.5,90.0,95.0,73,25,24,27,-0.11829504103812823,0.31887427929750206,-0.39464924,-0.7091589291578239,0.19394221118201282
composite_mpq_leftleg,ONE_THREE_RIGHT,93.5,91.0,96.0,73,25,24,27,0.007884934878979387,0.947212905003967,-0.027990874,-0.05129174183118652,0.9176912360197889
composite_mpq_leftleg,ONE_THREE_RIGHT,94.5,92.0,97.0,73,25,24,27,-0.07423691538794826,0.532499434175881,-0.14486094,-0.28841979052881517,0.6190689686137981
composite_mpq_leftleg,ONE_THREE_RIGHT,95.5,93.0,98.0,73,25,24,27,-0.06448513574911957,0.5878071959031063,-0.1378645,-0.28380389502208536,0.624423761920202
composite_mpq_leftleg,ONE_THREE_RIGHT,96.5,94.0,99.0,73,25,24,27,-0.08315171489605597,0.48430272772162297,-0.15744293,-0.31172607170743283,0.607978758294742
composite_mpq_leftleg,ONE_THREE_RIGHT,97.5,95.0,100.0,73,25,24,27,-0.04046365165145654,0.7339365356120605,0.07518885,0.15593558722806472,0.8265529950683328
composite_mpq_leftleg,ONE_THREE_RIGHT,98.5,96.0,101.0,73,25,24,27,-0.02640557522616358,0.8245053888514163,0.07377859,0.1374003031299826,0.8241896161719712
composite_mpq_leftleg,ZERO_THREE_LEFT,6.5,4.0,9.0,86,29,29,32,-0.30095887063123256,0.004866612739035296,-0.4255678,-0.7428971013110295,0.17993490329874884
composite_mpq_leftleg,ZERO_THREE_LEFT,7.5,5.0,10.0,86,29,29,32,-0.19589348042965954,0.07066641481720637,-0.20310304,-0.2983743018701393,0.49883487366973456
composite_mpq_leftleg,ZERO_THREE_LEFT,8.5,6.0,11.0,86,29,29,32,-0.13965344077309796,0.19968960160907748,-0.10960205,-0.16243929670206497,0.736163162504607
composite_mpq_leftleg,ZERO_THREE_LEFT,9.5,7.0,12.0,86,29,29,32,-0.1282719592558555,0.2391922607548245,-0.15073963,-0.22745705471068617,0.6498557719798665
composite_mpq_leftleg,ZERO_THREE_LEFT,10.5,8.0,13.0,86,29,29,32,-0.12736387442706554,0.24256207679657582,-0.15776896,-0.24075714073517354,0.6473625249787075
composite_mpq_leftleg,ZERO_THREE_LEFT,11.5,9.0,14.0,86,29,29,32,-0.09503424122779383,0.3840888141950544,-0.12568057,-0.19881702547904526,0.7135850050826531
composite_mpq_leftleg,ZERO_THREE_LEFT,12.5,10.0,15.0,86,29,29,32,-0.11219863737300212,0.3037082374543463,-0.17404357,-0.3064060831909361,0.6186145061924679
composite_mpq_leftleg,ZERO_THREE_LEFT,13.5,11.0,16.0,86,29,29,32,-0.13783503458911184,0.20566507884076704,-0.26516196,-0.45450012714197335,0.44719291085900026
composite_mpq_leftleg,ZERO_THREE_LEFT,14.5,12.0,17.0,86,29,29,32,-0.1526966557886982,0.16044538258627963,-0.29604384,-0.529667298649465,0.41911195624365716
composite_mpq_leftleg,ZERO_THREE_LEFT,15.5,13.0,18.0,86,29,29,32,-0.11695567608524184,0.2835328757631395,-0.26410702,-0.46622491256465537,0.46961503939751614
composite_mpq_leftleg,ZERO_THREE_LEFT,16.5,14.0,19.0,86,29,29,32,-0.1343753904699898,0.2173838882650673,-0.30435508,-0.5430889078748652,0.4069534379192191
composite_mpq_leftleg,ZERO_THREE_LEFT,17.5,15.0,20.0,86,29,29,32,-0.1303260955985218,0.23168958664046724,-0.34827477,-0.6236778182228774,0.32523158023575904
composite_mpq_leftleg,ZERO_THREE_LEFT,18.5,16.0,21.0,86,29,29,32,-0.07608293024997813,0.4862724870259314,-0.21537653,-0.3667186992761178,0.5256228717972224
composite_mpq_leftleg,ZERO_THREE_LEFT,19.5,17.0,22.0,86,29,29,32,-0.008463119960506974,0.9383557277793482,-0.059716903,-0.10557098533421204,0.8567969722063601
composite_mpq_leftleg,ZERO_THREE_LEFT,20.5,18.0,23.0,86,29,29,32,-0.004304893177308051,0.9686209647517855,-0.037035324,-0.06625923780146672,0.9129125056060088
composite_mpq_leftleg,ZERO_THREE_LEFT,21.5,19.0,24.0,86,29,29,32,0.10451418691026772,0.3382302009265958,0.20338345,0.3376316387458918,0.5047923162011583
composite_mpq_leftleg,ZERO_THREE_LEFT,22.5,20.0,25.0,86,29,29,32,0.15934764977091462,0.1427880094123724,0.3443288,0.5551747373057375,0.2307366335271901
composite_mpq_leftleg,ZERO_THREE_LEFT,23.5,21.0,26.0,86,29,29,32,0.16089517445226575,0.1388980341901916,0.40650442,0.6715530011068116,0.16407086702944107
composite_mpq_leftleg,ZERO_THREE_LEFT,24.5,22.0,27.0,86,29,29,32,0.18781726122155046,0.08332603034351804,0.46637845,0.7375799774220904,0.10803151629038843
composite_mpq_leftleg,ZERO_THREE_LEFT,25.5,23.0,28.0,86,29,29,32,0.16013780173499167,0.14079168867277395,0.3923923,0.5903183005245242,0.1971981061821968
composite_mpq_leftleg,ZERO_THREE_LEFT,26.5,24.0,29.0,86,29,29,32,0.10224890930157918,0.3488612600368627,0.2505689,0.41611983802478736,0.4518266112385938
composite_mpq_leftleg,ZERO_THREE_LEFT,27.5,25.0,30.0,86,29,29,32,0.0360350528506514,0.7418591562528335,0.11461092,0.22336999151304665,0.7485109416929214
composite_mpq_leftleg,ZERO_THREE_LEFT,28.5,26.0,31.0,86,29,29,32,0.020941654203500297,0.8482246997145994,0.057690427,0.11481995595657236,0.8677509278986488
composite_mpq_leftleg,ZERO_THREE_LEFT,29.5,27.0,32.0,86,29,29,32,-0.008163864560620649,0.9405314245206817,-0.042523537,-0.08614705599073014,0.896849019537444
composite_mpq_leftleg,ZERO_THREE_LEFT,30.5,28.0,33.0,86,29,29,32,-0.07784583126714195,0.47619796380188245,-0.18391386,-0.4200934421566131,0.584101872648622
composite_mpq_leftleg,ZERO_THREE_LEFT,31.5,29.0,34.0,86,29,29,32,-0.13996307994798815,0.19868463192981237,-0.27726907,-0.6740050936274891,0.3900183347203573
composite_mpq_leftleg,ZERO_THREE_LEFT,32.5,30.0,35.0,86,29,29,32,-0.192899802589517,0.07516509751212562,-0.33517033,-0.7824839250146293,0.3098642015932892
composite_mpq_leftleg,ZERO_THREE_LEFT,33.5,31.0,36.0,86,29,29,32,-0.26697984950666664,0.012957984893701771,-0.53656554,-1.2111396376699668,0.09872635190316352
composite_mpq_leftleg,ZERO_THREE_LEFT,34.5,32.0,37.0,86,29,29,32,-0.32183317702691305,0.0025134806998514865,-0.640837,-1.3669515895359758,0.03738741968284662
composite_mpq_leftleg,ZERO_THREE_LEFT,35.5,33.0,38.0,86,29,29,32,-0.2811731537571125,0.008729498484884378,-0.5387383,-1.2151078478480364,0.09182961715457155
composite_mpq_leftleg,ZERO_THREE_LEFT,36.5,34.0,39.0,86,29,29,32,-0.30592975906899134,0.004175594273250333,-0.67152196,-1.587169841707871,0.04957622014241234
composite_mpq_leftleg,ZERO_THREE_LEFT,37.5,35.0,40.0,86,29,29,32,-0.1880712698368684,0.08290210063461254,-0.41805255,-0.8461644732506185,0.25440894901783606
composite_mpq_leftleg,ZERO_THREE_LEFT,38.5,36.0,41.0,86,29,29,32,-0.14962445748384956,0.1691283558711803,-0.35286236,-0.7127361292339645,0.3253491930534055
composite_mpq_leftleg,ZERO_THREE_LEFT,39.5,37.0,42.0,86,29,29,32,-0.1981654196374274,0.06739915079680585,-0.49082312,-1.0901305885321393,0.25136797299512326
composite_mpq_leftleg,ZERO_THREE_LEFT,40.5,38.0,43.0,86,29,29,32,-0.26439039950175947,0.013896793667786584,-0.72661036,-1.7748474562085494,0.11575586621241928
composite_mpq_leftleg,ZERO_THREE_LEFT,41.5,39.0,44.0,86,29,29,32,-0.26801618064736676,0.012597991566223226,-0.7012736,-1.6327850874967347,0.14361524627249092
composite_mpq_leftleg,ZERO_THREE_LEFT,42.5,40.0,45.0,86,29,29,32,-0.3767330344743462,0.0003499143838123882,-0.9875792,-2.404249377797444,0.041242036107287695
composite_mpq_leftleg,ZERO_THREE_LEFT,43.5,41.0,46.0,86,29,29,32,-0.39387688288789147,0.00017537108834745008,-0.9803975,-2.195317033636213,0.04620733731548959
composite_mpq_leftleg,ZERO_THREE_LEFT,44.5,42.0,47.0,86,29,29,32,-0.4074507664711665,9.875622863981749e-05,-0.94659066,-2.0562447584524115,0.05710542366572585
composite_mpq_leftleg,ZERO_THREE_LEFT,45.5,43.0,48.0,86,29,29,32,-0.40536729661212334,0.00010802975656319747,-0.9242897,-1.8979040805549934,0.11591081309225851
composite_mpq_leftleg,ZERO_THREE_LEFT,46.5,44.0,49.0,86,29,29,32,-0.39752637032500077,0.00015064542401438158,-0.8777165,-1.7812561224754142,0.07319165886649706
composite_mpq_leftleg,ZERO_THREE_LEFT,47.5,45.0,50.0,86,29,29,32,-0.40593473727821267,0.00010542722187657548,-0.88381433,-1.9330844595189802,0.07527342065567977
composite_mpq_leftleg,ZERO_THREE_LEFT,48.5,46.0,51.0,86,29,29,32,-0.4170412394591598,6.483315603999468e-05,-0.9509113,-2.0737086636708844,0.029371475193570692
composite_mpq_leftleg,ZERO_THREE_LEFT,49.5,47.0,52.0,86,29,29,32,-0.4194845604812717,5.8122534328768084e-05,-0.99103135,-2.288434097615122,0.01468693590311334
composite_mpq_leftleg,ZERO_THREE_LEFT,50.5,48.0,53.0,86,29,29,32,-0.4316686547944964,3.328051118663826e-05,-1.0366957,-2.5373015177979172,0.008116240046549195
composite_mpq_leftleg,ZERO_THREE_LEFT,51.5,49.0,54.0,86,29,29,32,-0.4476886614160261,1.546531298765765e-05,-1.0484332,-2.545340116258019,0.012244986113128246
composite_mpq_leftleg,ZERO_THREE_LEFT,52.5,50.0,55.0,86,29,29,32,-0.4466777972440075,1.6250205087904652e-05,-1.0244864,-2.558386815132701,0.009419176478259971
composite_mpq_leftleg,ZERO_THREE_LEFT,53.5,51.0,56.0,86,29,29,32,-0.4867751495606722,2.0110020629051538e-06,-1.1500595,-2.8097588399521327,0.004259950336821563
composite_mpq_leftleg,ZERO_THREE_LEFT,54.5,52.0,57.0,86,29,29,32,-0.4654264488397226,6.3208212288140715e-06,-1.1118759,-2.6044492352362787,0.018971615544585613
composite_mpq_leftleg,ZERO_THREE_LEFT,55.5,53.0,58.0,86,29,29,32,-0.4398042318410447,2.2659890819402952e-05,-0.97158873,-2.143466071342774,0.03178647102504496
composite_mpq_leftleg,ZERO_THREE_LEFT,56.5,54.0,59.0,86,29,29,32,-0.4492507235145235,1.4321900756171099e-05,-1.0446457,-2.3239256359921114,0.044091003781581505
composite_mpq_leftleg,ZERO_THREE_LEFT,57.5,55.0,60.0,86,29,29,32,-0.4561374943985596,1.0161705436465722e-05,-1.1353947,-2.675718368972309,0.04474463992525901
composite_mpq_leftleg,ZERO_THREE_LEFT,58.5,56.0,61.0,86,29,29,32,-0.414385087340078,7.294081080196394e-05,-0.9735015,-2.602230904407636,0.08184419561855004
composite_mpq_leftleg,ZERO_THREE_LEFT,59.5,57.0,62.0,86,29,29,32,-0.3952136201529017,0.00016590952813238274,-0.95000273,-2.919929867392809,0.033722592455034416
composite_mpq_leftleg,ZERO_THREE_LEFT,60.5,58.0,63.0,86,29,29,32,-0.3828704236841429,0.00027443601764943446,-1.0100118,-3.476964980123876,0.026169376229147962
composite_mpq_leftleg,ZERO_THREE_LEFT,61.5,59.0,64.0,86,29,29,32,-0.3516189240880514,0.0009009914078952287,-0.8449096,-3.0085951347201902,0.032462676724516006
composite_mpq_leftleg,ZERO_THREE_LEFT,62.5,60.0,65.0,86,29,29,32,-0.37596380058250045,0.0003606134324223243,-0.936781,-3.058304760884095,0.014219025091808968
composite_mpq_leftleg,ZERO_THREE_LEFT,63.5,61.0,66.0,86,29,29,32,-0.3755049145542859,0.00036713814132188896,-0.8724671,-2.3392036401254703,0.027284987957983346
composite_mpq_leftleg,ZERO_THREE_LEFT,64.5,62.0,67.0,86,29,29,32,-0.4041970412326642,0.00011358605016165985,-1.045385,-2.9461419713771475,0.013517649386153003
composite_mpq_leftleg,ZERO_THREE_LEFT,65.5,63.0,68.0,86,29,29,32,-0.3976935650804974,0.00014959388605568556,-1.0021687,-2.6438359748043254,0.03042285774284692
composite_mpq_leftleg,ZERO_THREE_LEFT,66.5,64.0,69.0,86,29,29,32,-0.43320084307287293,3.097965027237626e-05,-1.2086701,-3.3140233340926084,0.020931395573325354
composite_mpq_leftleg,ZERO_THREE_LEFT,67.5,65.0,70.0,86,29,29,32,-0.42151640688278597,5.304010313306245e-05,-1.0799165,-2.884402914905088,0.03584770574056151
composite_mpq_leftleg,ZERO_THREE_LEFT,68.5,66.0,71.0,86,29,29,32,-0.44767934362307116,1.547238295747245e-05,-1.263067,-3.5958669237727308,0.011310637072738149
composite_mpq_leftleg,ZERO_THREE_LEFT,69.5,67.0,72.0,86,29,29,32,-0.4146326825353102,7.214703719605662e-05,-1.0965493,-2.6914217515714243,0.005090049271069829
composite_mpq_leftleg,ZERO_THREE_LEFT,70.5,68.0,73.0,86,29,29,32,-0.4348716418538441,2.8640276045007867e-05,-1.1128838,-2.3938258298789776,0.0010451222345352102
composite_mpq_leftleg,ZERO_THREE_LEFT,71.5,69.0,74.0,86,29,29,32,-0.45716152554442857,9.650046969854458e-06,-1.1766009,-2.8989321855083037,0.00010457218424017363
composite_mpq_leftleg,ZERO_THREE_LEFT,72.5,70.0,75.0,86,29,29,32,-0.4152169034740107,7.030575230765085e-05,-1.1279418,-2.99264191349445,3.301716671929801e-05
composite_mpq_leftleg,ZERO_THREE_LEFT,73.5,71.0,76.0,86,29,29,32,-0.39816406082450695,0.00014667109826482514,-1.1476982,-3.4563644568488052,0.0037834980931067204
composite_mpq_leftleg,ZERO_THREE_LEFT,74.5,72.0,77.0,86,29,29,32,-0.3694533412946637,0.00046394273454258763,-0.89516497,-2.6752649071742125,0.010099983932204952
composite_mpq_leftleg,ZERO_THREE_LEFT,75.5,73.0,78.0,86,29,29,32,-0.30037329558334264,0.004954361366180313,-0.61084616,-1.5111312017066119,0.0627277563036885
composite_mpq_leftleg,ZERO_THREE_LEFT,76.5,74.0,79.0,86,29,29,32,-0.2666971779293343,0.013057715149288444,-0.4822703,-1.1310420547653388,0.1749496402632046
composite_mpq_leftleg,ZERO_THREE_LEFT,77.5,75.0,80.0,86,29,29,32,-0.28249728644700095,0.008405126153705462,-0.4703623,-0.9229143497850807,0.1938531903681956
composite_mpq_leftleg,ZERO_THREE_LEFT,78.5,76.0,81.0,86,29,29,32,-0.33371656737733235,0.001689424894248756,-0.5413545,-1.3023311584509931,0.11052689136271172
composite_mpq_leftleg,ZERO_THREE_LEFT,79.5,77.0,82.0,86,29,29,32,-0.33197707077961175,0.0017923434985445165,-0.52307975,-1.1270853954052653,0.13837673292649444
composite_mpq_leftleg,ZERO_THREE_LEFT,80.5,78.0,83.0,86,29,29,32,-0.3400197958007526,0.0013596701745093533,-0.5671373,-1.2109897104736482,0.1054858673710452
composite_mpq_leftleg,ZERO_THREE_LEFT,81.5,79.0,84.0,86,29,29,32,-0.4025148751220588,0.00012203763570074658,-0.7497793,-1.6427520189833498,0.02408964137616559
composite_mpq_leftleg,ZERO_THREE_LEFT,82.5,80.0,85.0,86,29,29,32,-0.40807955050800665,9.610595919787635e-05,-0.8140736,-2.0202863081491,0.0354319206998573
composite_mpq_leftleg,ZERO_THREE_LEFT,83.5,81.0,86.0,86,29,29,32,-0.4362739479532732,2.6805203063289608e-05,-0.8550813,-2.1394004683268126,0.029768685653912528
composite_mpq_leftleg,ZERO_THREE_LEFT,84.5,82.0,87.0,86,29,29,32,-0.4875974218057752,1.9212262424969013e-06,-1.0083127,-2.4335694975591586,0.009143030579269355
composite_mpq_leftleg,ZERO_THREE_LEFT,85.5,83.0,88.0,86,29,29,32,-0.40811005304220926,9.597908621241557e-05,-0.80147624,-1.9247698705737217,0.05883636619603185
composite_mpq_leftleg,ZERO_THREE_LEFT,86.5,84.0,89.0,86,29,29,32,-0.3213408767188235,0.002554332100644673,-0.6174684,-1.3780351038642076,0.08899095815859974
composite_mpq_leftleg,ZERO_THREE_LEFT,87.5,85.0,90.0,86,29,29,32,-0.2572887581948413,0.016779991618414966,-0.47792086,-1.0475862583044395,0.14986266757846498
composite_mpq_leftleg,ZERO_THREE_LEFT,88.5,86.0,91.0,86,29,29,32,-0.25167953023103046,0.019408572514952996,-0.4859861,-1.082485609238639,0.13077856778490712
composite_mpq_leftleg,ZERO_THREE_LEFT,89.5,87.0,92.0,86,29,29,32,-0.1770306079025301,0.10297516953653624,-0.27400535,-0.6362042161525258,0.4126765344330289
composite_mpq_leftleg,ZERO_THREE_LEFT,90.5,88.0,93.0,86,29,29,32,-0.25908054277839465,0.01600776429312277,-0.4567259,-1.0699614001666236,0.20590605924053895
composite_mpq_leftleg,ZERO_THREE_LEFT,91.5,89.0,94.0,86,29,29,32,-0.26672104632329635,0.013049268374838094,-0.40867898,-0.9134512719875466,0.23924907639972626
composite_mpq_leftleg,ZERO_THREE_LEFT,92.5,90.0,95.0,86,29,29,32,-0.3886753424796477,0.00021712888895409927,-0.7361145,-1.8761230167353087,0.034438570773150046
composite_mpq_leftleg,ZERO_THREE_LEFT,93.5,91.0,96.0,86,29,29,32,-0.3438368154253443,0.0011895131593223356,-0.6381195,-1.6386494648677716,0.13586419368771163
composite_mpq_leftleg,ZERO_THREE_LEFT,94.5,92.0,97.0,86,29,29,32,-0.36162591973263747,0.0006237717870819797,-0.7262725,-1.8124371186832062,0.08998327378132878
composite_mpq_leftleg,ZERO_THREE_LEFT,95.5,93.0,98.0,86,29,29,32,-0.2540483036183344,0.018258305832671722,-0.48669636,-1.2119441818585255,0.16312444834425144
composite_mpq_leftleg,ZERO_THREE_LEFT,96.5,94.0,99.0,86,29,29,32,-0.23258050483240217,0.03116603652109647,-0.49212348,-1.1436684012864973,0.18858443084993293
composite_mpq_leftleg,ZERO_THREE_LEFT,97.5,95.0,100.0,86,29,29,32,-0.16874857940409008,0.12038212736269965,-0.2390411,-0.5457679249323889,0.4703747928265677
composite_mpq_leftleg,ZERO_THREE_LEFT,98.5,96.0,101.0,86,29,29,32,-0.11572376158840314,0.2886699774427513,-0.18364373,-0.44376453036922187,0.56528320319294
composite_mpq_leftleg,ZERO_THREE_RIGHT,6.5,4.0,9.0,116,40,39,41,-0.08626592399619673,0.35717134961780517,0.009620165,0.011687473690086117,0.9730436695764545
composite_mpq_leftleg,ZERO_THREE_RIGHT,7.5,5.0,10.0,116,40,39,41,-0.0666495401095324,0.47717437427044895,0.053357694,0.06861505705890583,0.8472400704761158
composite_mpq_leftleg,ZERO_THREE_RIGHT,8.5,6.0,11.0,116,40,39,41,-0.02958358659701925,0.7525768630780499,0.13794053,0.1850684075319582,0.6098002860469662
composite_mpq_leftleg,ZERO_THREE_RIGHT,9.5,7.0,12.0,116,40,39,41,-0.00997782822296293,0.9153416878464915,0.16783807,0.23678758801486963,0.5318661150591022
composite_mpq_leftleg,ZERO_THREE_RIGHT,10.5,8.0,13.0,116,40,39,41,-0.031007216442140925,0.7410820579038337,0.09145663,0.13998713465135743,0.7337172080699699
composite_mpq_leftleg,ZERO_THREE_RIGHT,11.5,9.0,14.0,116,40,39,41,-0.019656951158376856,0.8341053128056247,0.08511206,0.139048470889989,0.7473731640427664
composite_mpq_leftleg,ZERO_THREE_RIGHT,12.5,10.0,15.0,116,40,39,41,-0.029863335098774906,0.7503137228717517,0.0640064,0.10410375314833682,0.8142073315985536
composite_mpq_leftleg,ZERO_THREE_RIGHT,13.5,11.0,16.0,116,40,39,41,-0.06282882074746479,0.5028442623088729,-0.03601191,-0.06230268246665761,0.8991806835681316
composite_mpq_leftleg,ZERO_THREE_RIGHT,14.5,12.0,17.0,116,40,39,41,-0.07706764772467935,0.4109182515538811,-0.081470504,-0.15261353336941993,0.77286359309579
composite_mpq_leftleg,ZERO_THREE_RIGHT,15.5,13.0,18.0,116,40,39,41,-0.05488816384378748,0.5584112738432154,-0.057015285,-0.11224629803659363,0.8398996078763932
composite_mpq_leftleg,ZERO_THREE_RIGHT,16.5,14.0,19.0,116,40,39,41,-0.05599223685803986,0.5505123251015046,-0.061443172,-0.123992923122846,0.8190102358807101
composite_mpq_leftleg,ZERO_THREE_RIGHT,17.5,15.0,20.0,116,40,39,41,-0.06856609245158701,0.46456952258007017,-0.1258177,-0.26530605567978094,0.6447617725673833
composite_mpq_leftleg,ZERO_THREE_RIGHT,18.5,16.0,21.0,116,40,39,41,-0.04992017315166661,0.5946109909142375,-0.1004847,-0.20875964926055812,0.7019978646240072
composite_mpq_leftleg,ZERO_THREE_RIGHT,19.5,17.0,22.0,116,40,39,41,-0.07924020069316502,0.39781432676856493,-0.20207429,-0.41934615814892506,0.4741599894264812
composite_mpq_leftleg,ZERO_THREE_RIGHT,20.5,18.0,23.0,116,40,39,41,-0.12100215541516024,0.1957070928008861,-0.30800545,-0.608766112432826,0.27255248027607926
composite_mpq_leftleg,ZERO_THREE_RIGHT,21.5,19.0,24.0,116,40,39,41,-0.1244412196835947,0.18320941650393183,-0.3352476,-0.6461331750318017,0.24623178430528714
composite_mpq_leftleg,ZERO_THREE_RIGHT,22.5,20.0,25.0,116,40,39,41,-0.09513956496040218,0.3096798516465072,-0.27397794,-0.5309925501369711,0.3163285428033784
composite_mpq_leftleg,ZERO_THREE_RIGHT,23.5,21.0,26.0,116,40,39,41,-0.10975763450009178,0.24084746989886366,-0.31467885,-0.6056521803583943,0.2577716715770587
composite_mpq_leftleg,ZERO_THREE_RIGHT,24.5,22.0,27.0,116,40,39,41,-0.07682369591007233,0.4124052940209127,-0.22543626,-0.4684907421744751,0.40525970996850724
composite_mpq_leftleg,ZERO_THREE_RIGHT,25.5,23.0,28.0,116,40,39,41,-0.019428490082972285,0.8360062247905878,-0.05270593,-0.11044451802877063,0.8498252844958814
composite_mpq_leftleg,ZERO_THREE_RIGHT,26.5,24.0,29.0,116,40,39,41,0.021884224353943566,0.8156249937816616,0.031218912,0.06341061334918029,0.9106295926194736
composite_mpq_leftleg,ZERO_THREE_RIGHT,27.5,25.0,30.0,116,40,39,41,-0.010287245780891414,0.9127265909237046,-0.06868855,-0.14175649494038875,0.8052081476544266
composite_mpq_leftleg,ZERO_THREE_RIGHT,28.5,26.0,31.0,116,40,39,41,-0.013673769326987894,0.8841717143919213,-0.11320535,-0.2253078933682289,0.670023983931306
composite_mpq_leftleg,ZERO_THREE_RIGHT,29.5,27.0,32.0,116,40,39,41,-0.05947919418285353,0.5259275950120099,-0.2503374,-0.4879836940319609,0.37368662702807176
composite_mpq_leftleg,ZERO_THREE_RIGHT,30.5,28.0,33.0,116,40,39,41,-0.07082216109317364,0.44996899480962205,-0.3156631,-0.5850212049623228,0.24618295380936273
composite_mpq_leftleg,ZERO_THREE_RIGHT,31.5,29.0,34.0,116,40,39,41,-0.11834765598869895,0.2057669751529342,-0.4391031,-0.8270723842657066,0.14199663389508244
composite_mpq_leftleg,ZERO_THREE_RIGHT,32.5,30.0,35.0,116,40,39,41,-0.12572432167788664,0.1786993325782437,-0.4700014,-0.8967293766590101,0.1124597160546671
composite_mpq_leftleg,ZERO_THREE_RIGHT,33.5,31.0,36.0,116,40,39,41,-0.09188845324722779,0.3265786739026734,-0.36258787,-0.6776653294215366,0.2128255289620815
composite_mpq_leftleg,ZERO_THREE_RIGHT,34.5,32.0,37.0,116,40,39,41,-0.06881352209555688,0.4629556506038862,-0.33225062,-0.6246586213994517,0.24746381715282295
composite_mpq_leftleg,ZERO_THREE_RIGHT,35.5,33.0,38.0,116,40,39,41,-0.0514393069396619,0.5834298330674154,-0.26005524,-0.4824707299329322,0.3638492170795121
composite_mpq_leftleg,ZERO_THREE_RIGHT,36.5,34.0,39.0,116,40,39,41,-0.06266079741454202,0.5039894405317049,-0.28625542,-0.5452158177039206,0.3207953722455611
composite_mpq_leftleg,ZERO_THREE_RIGHT,37.5,35.0,40.0,116,40,39,41,-0.02476800951054636,0.791848348476956,-0.17473362,-0.32660493823041387,0.5556323703051307
composite_mpq_leftleg,ZERO_THREE_RIGHT,38.5,36.0,41.0,116,40,39,41,-0.02580167711070643,0.7833708960850576,-0.17472233,-0.31848508648450113,0.5579177989409195
composite_mpq_leftleg,ZERO_THREE_RIGHT,39.5,37.0,42.0,116,40,39,41,-0.011048731374301774,0.9062947890918283,-0.08213968,-0.15583221285907026,0.7765402721635644
composite_mpq_leftleg,ZERO_THREE_RIGHT,40.5,38.0,43.0,116,40,39,41,-0.03322287934874303,0.7233058780591598,-0.13945863,-0.2613640708413396,0.6310291724047408
composite_mpq_leftleg,ZERO_THREE_RIGHT,41.5,39.0,44.0,116,40,39,41,-0.02073747746120799,0.8251279213856284,-0.09633655,-0.1858867953499356,0.7390721828359457
composite_mpq_leftleg,ZERO_THREE_RIGHT,42.5,40.0,45.0,116,40,39,41,-0.05222297612075322,0.5776999221849286,-0.19416268,-0.3848367368435143,0.48777565969357584
composite_mpq_leftleg,ZERO_THREE_RIGHT,43.5,41.0,46.0,116,40,39,41,-0.06122405328526257,0.5138368776371056,-0.22382675,-0.42785469636329276,0.4214232571895249
composite_mpq_leftleg,ZERO_THREE_RIGHT,44.5,42.0,47.0,116,40,39,41,-0.03877442620380175,0.679426237797469,-0.19953357,-0.36453830255936315,0.4831184753035246
composite_mpq_leftleg,ZERO_THREE_RIGHT,45.5,43.0,48.0,116,40,39,41,-0.01568039169443842,0.8673194534493168,-0.14562275,-0.28549163924974363,0.6078439796456617
composite_mpq_leftleg,ZERO_THREE_RIGHT,46.5,44.0,49.0,116,40,39,41,-0.025039010862281223,0.7896233816560513,-0.16858678,-0.3153755386665961,0.5665912833386083
composite_mpq_leftleg,ZERO_THREE_RIGHT,47.5,45.0,50.0,116,40,39,41,-0.03810895739896698,0.6846333930804555,-0.2039812,-0.37084155178335904,0.5003308867831946
composite_mpq_leftleg,ZERO_THREE_RIGHT,48.5,46.0,51.0,116,40,39,41,-0.03880265182998066,0.6792057093014551,-0.1620069,-0.2803722021994928,0.5729483946988445
composite_mpq_leftleg,ZERO_THREE_RIGHT,49.5,47.0,52.0,116,40,39,41,-0.025235410073411315,0.7880119670637509,-0.12118986,-0.21097999093486977,0.6695985821518542
composite_mpq_leftleg,ZERO_THREE_RIGHT,50.5,48.0,53.0,116,40,39,41,-0.08049360621508586,0.3903687179985644,-0.24079783,-0.3974971602790378,0.38100105816055974
composite_mpq_leftleg,ZERO_THREE_RIGHT,51.5,49.0,54.0,116,40,39,41,-0.09150206192318294,0.32862566403166227,-0.28711504,-0.48337326902264705,0.2980133082468437
composite_mpq_leftleg,ZERO_THREE_RIGHT,52.5,50.0,55.0,116,40,39,41,-0.08640693684633896,0.35638297011082204,-0.2654206,-0.4506280575320163,0.32595021962268367
composite_mpq_leftleg,ZERO_THREE_RIGHT,53.5,51.0,56.0,116,40,39,41,-0.11374160457173056,0.22409253147210556,-0.35743198,-0.6266485289171287,0.21565355857727586
composite_mpq_leftleg,ZERO_THREE_RIGHT,54.5,52.0,57.0,116,40,39,41,-0.13162196274764432,0.15901413331322123,-0.3950207,-0.6817568292361055,0.16249491538178729
composite_mpq_leftleg,ZERO_THREE_RIGHT,55.5,53.0,58.0,116,40,39,41,-0.10921400347402442,0.24319953793302737,-0.36667356,-0.6186387438982855,0.18498713679014067
composite_mpq_leftleg,ZERO_THREE_RIGHT,56.5,54.0,59.0,116,40,39,41,-0.08398150342478926,0.3700938059233454,-0.3033616,-0.476873310921176,0.27956979823922345
composite_mpq_leftleg,ZERO_THREE_RIGHT,57.5,55.0,60.0,116,40,39,41,-0.09802973176078758,0.2951445924541211,-0.3510188,-0.5792729376388931,0.22290512522003714
composite_mpq_leftleg,ZERO_THREE_RIGHT,58.5,56.0,61.0,116,40,39,41,-0.10812902128284599,0.2479413168104391,-0.3576563,-0.5796736225550511,0.21496553835356336
composite_mpq_leftleg,ZERO_THREE_RIGHT,59.5,57.0,62.0,116,40,39,41,-0.15199579056007106,0.10335653013108893,-0.47703856,-0.7668710763553331,0.12294994620178547
composite_mpq_leftleg,ZERO_THREE_RIGHT,60.5,58.0,63.0,116,40,39,41,-0.16093428116248848,0.0843811860004271,-0.49823314,-0.8099315209568944,0.10831143256967617
composite_mpq_leftleg,ZERO_THREE_RIGHT,61.5,59.0,64.0,116,40,39,41,-0.18120632970653838,0.051575073560989004,-0.5326902,-0.8925817636808576,0.10568688197894915
composite_mpq_leftleg,ZERO_THREE_RIGHT,62.5,60.0,65.0,116,40,39,41,-0.1685689698908687,0.07047447127851567,-0.48623246,-0.7549095684866102,0.11273727575527934
composite_mpq_leftleg,ZERO_THREE_RIGHT,63.5,61.0,66.0,116,40,39,41,-0.1555768132882195,0.0953876820366587,-0.46420008,-0.7178668926129708,0.13516805664163714
composite_mpq_leftleg,ZERO_THREE_RIGHT,64.5,62.0,67.0,116,40,39,41,-0.16256629249991741,0.08123777322908789,-0.51225543,-0.8129196800281648,0.10494980995657678
composite_mpq_leftleg,ZERO_THREE_RIGHT,65.5,63.0,68.0,116,40,39,41,-0.14967947358525233,0.10878308166511359,-0.4896729,-0.7537395457990793,0.11071625902307311
composite_mpq_leftleg,ZERO_THREE_RIGHT,66.5,64.0,69.0,116,40,39,41,-0.154095225776004,0.09862367836630448,-0.5105639,-0.7604080784293347,0.09672223351650273
composite_mpq_leftleg,ZERO_THREE_RIGHT,67.5,65.0,70.0,116,40,39,41,-0.1657210379355021,0.075427627798357,-0.53687847,-0.8324973648692438,0.10467445228846416
composite_mpq_leftleg,ZERO_THREE_RIGHT,68.5,66.0,71.0,116,40,39,41,-0.13431949779029645,0.15056992268844147,-0.46447378,-0.7151837707210064,0.13831536347156728
composite_mpq_leftleg,ZERO_THREE_RIGHT,69.5,67.0,72.0,116,40,39,41,-0.08219041821243021,0.38042335927543613,-0.2909573,-0.43288362844850997,0.29109215637223895
composite_mpq_leftleg,ZERO_THREE_RIGHT,70.5,68.0,73.0,116,40,39,41,-0.08370718969682103,0.3716645803758725,-0.28443775,-0.415291790555228,0.30385958495295884
composite_mpq_leftleg,ZERO_THREE_RIGHT,71.5,69.0,74.0,116,40,39,41,-0.07925863340757167,0.397704222639369,-0.2514392,-0.3589850796437865,0.3429137993030168
composite_mpq_leftleg,ZERO_THREE_RIGHT,72.5,70.0,75.0,116,40,39,41,-0.07158427636872174,0.4450954585386561,-0.23496422,-0.32263922694822045,0.3621222649368844
composite_mpq_leftleg,ZERO_THREE_RIGHT,73.5,71.0,76.0,116,40,39,41,-0.08215922377494862,0.38060479852659873,-0.2685668,-0.3754543106746793,0.31335230092084243
composite_mpq_leftleg,ZERO_THREE_RIGHT,74.5,72.0,77.0,116,40,39,41,-0.11605406223409968,0.21475324522235345,-0.37169266,-0.5625262260796113,0.2225297792425538
composite_mpq_leftleg,ZERO_THREE_RIGHT,75.5,73.0,78.0,116,40,39,41,-0.11721065443424626,0.21018744679485526,-0.36105502,-0.5274723587600457,0.2401841759963418
composite_mpq_leftleg,ZERO_THREE_RIGHT,76.5,74.0,79.0,116,40,39,41,-0.151315821947077,0.10492703364992718,-0.46044266,-0.7590706564640181,0.19142056520456197
composite_mpq_leftleg,ZERO_THREE_RIGHT,77.5,75.0,80.0,116,40,39,41,-0.1354117633665642,0.1472483831849898,-0.40930393,-0.634745272293396,0.21812530093543414
composite_mpq_leftleg,ZERO_THREE_RIGHT,78.5,76.0,81.0,116,40,39,41,-0.15842966562816535,0.08939341052658893,-0.45838377,-0.7974973769885462,0.2004192850778228
composite_mpq_leftleg,ZERO_THREE_RIGHT,79.5,77.0,82.0,116,40,39,41,-0.17586101857284853,0.05898388410419743,-0.49038863,-0.9460434801441837,0.19470686550829175
composite_mpq_leftleg,ZERO_THREE_RIGHT,80.5,78.0,83.0,116,40,39,41,-0.20644116286077926,0.026191004778623798,-0.5769542,-1.232071992337311,0.117976900402854
composite_mpq_leftleg,ZERO_THREE_RIGHT,81.5,79.0,84.0,116,40,39,41,-0.19979291791732046,0.031534570978230966,-0.55550915,-1.2512131256528363,0.09690258342421183
composite_mpq_leftleg,ZERO_THREE_RIGHT,82.5,80.0,85.0,116,40,39,41,-0.2249835972969236,0.01517727737285393,-0.62327236,-1.5261487963051672,0.07610046383804563
composite_mpq_leftleg,ZERO_THREE_RIGHT,83.5,81.0,86.0,116,40,39,41,-0.20536875019850478,0.02699675998354767,-0.57573295,-1.4385299584983455,0.10681024784472518
composite_mpq_leftleg,ZERO_THREE_RIGHT,84.5,82.0,87.0,116,40,39,41,-0.18108779898943977,0.05173060731856348,-0.51995325,-1.1255793274294439,0.10107807753342796
composite_mpq_leftleg,ZERO_THREE_RIGHT,85.5,83.0,88.0,116,40,39,41,-0.16025459091826957,0.08571865378247971,-0.4552817,-0.8842332820725686,0.1648728354565352
composite_mpq_leftleg,ZERO_THREE_RIGHT,86.5,84.0,89.0,116,40,39,41,-0.1333154495708627,0.15367262674900037,-0.393669,-0.6666884657952397,0.23802777315673285
composite_mpq_leftleg,ZERO_THREE_RIGHT,87.5,85.0,90.0,116,40,39,41,-0.1197081029868572,0.20056586633015083,-0.35379928,-0.5352508209502584,0.2913918887681948
composite_mpq_leftleg,ZERO_THREE_RIGHT,88.5,86.0,91.0,116,40,39,41,-0.10975784537576148,0.24084656060477289,-0.31552234,-0.43978218329325397,0.3322013335638503
composite_mpq_leftleg,ZERO_THREE_RIGHT,89.5,87.0,92.0,116,40,39,41,-0.1107782874432622,0.23647433340113178,-0.33440524,-0.4866213158746267,0.3664196705243328
composite_mpq_leftleg,ZERO_THREE_RIGHT,90.5,88.0,93.0,116,40,39,41,-0.105458153778651,0.25988478630922945,-0.31090584,-0.42312476576245395,0.38047443989666996
composite_mpq_leftleg,ZERO_THREE_RIGHT,91.5,89.0,94.0,116,40,39,41,-0.07415910382850593,0.42885157625154163,-0.23364237,-0.29233129681054254,0.47021279319228837
composite_mpq_leftleg,ZERO_THREE_RIGHT,92.5,90.0,95.0,116,40,39,41,-0.05222909785056405,0.5776552653383601,-0.1841239,-0.22302300974555941,0.5359499376907391
composite_mpq_leftleg,ZERO_THREE_RIGHT,93.5,91.0,96.0,116,40,39,41,-0.05418011208563376,0.5635053823416172,-0.20760009,-0.25541394849668203,0.5011486908186312
composite_mpq_leftleg,ZERO_THREE_RIGHT,94.5,92.0,97.0,116,40,39,41,-0.05502298215622405,0.5574438269308648,-0.19477858,-0.23693711840448217,0.5305148798027929
composite_mpq_leftleg,ZERO_THREE_RIGHT,95.5,93.0,98.0,116,40,39,41,-0.03794239403966842,0.68593904620161,-0.15544547,-0.18493505810490835,0.6181709903834443
composite_mpq_leftleg,ZERO_THREE_RIGHT,96.5,94.0,99.0,116,40,39,41,-0.05813593286490848,0.5353322808711697,-0.19895987,-0.24489760221657092,0.5572650948506707
composite_mpq_leftleg,ZERO_THREE_RIGHT,97.5,95.0,100.0,116,40,39,41,-0.06163483040938593,0.5110113645531223,-0.21676993,-0.28107347998427146,0.5490074530238157
composite_mpq_leftleg,ZERO_THREE_RIGHT,98.5,96.0,101.0,116,40,39,41,-0.030916997554839468,0.7418088521480871,-0.12788859,-0.16321726739266249,0.6960487105816429
composite_mpq_leftleg,ZERO_TWO_LEFT,6.5,4.0,9.0,79,27,26,31,-0.3534903947621967,0.0013951330643256707,-0.4967478,-0.6896570715088054,0.20295886387839213
composite_mpq_leftleg,ZERO_TWO_LEFT,7.5,5.0,10.0,79,27,26,31,-0.2799452690961441,0.012464060463588167,-0.29373667,-0.38850688043691295,0.4310525126479161
composite_mpq_leftleg,ZERO_TWO_LEFT,8.5,6.0,11.0,79,27,26,31,-0.2908190972832199,0.009319265849209545,-0.32290176,-0.42473573903468803,0.3746741111475327
composite_mpq_leftleg,ZERO_TWO_LEFT,9.5,7.0,12.0,79,27,26,31,-0.2972908658758995,0.007797663263955842,-0.39160925,-0.5107564480471602,0.2929763139755479
composite_mpq_leftleg,ZERO_TWO_LEFT,10.5,8.0,13.0,79,27,26,31,-0.2805845317060846,0.012256484325653743,-0.3952848,-0.5082801110437681,0.28920757911394146
composite_mpq_leftleg,ZERO_TWO_LEFT,11.5,9.0,14.0,79,27,26,31,-0.26378048876016347,0.018827534176645476,-0.38740012,-0.5296586238804376,0.3263806177876257
composite_mpq_leftleg,ZERO_TWO_LEFT,12.5,10.0,15.0,79,27,26,31,-0.24633744256911633,0.028637589325303095,-0.31492883,-0.4331756143341807,0.4269848858439812
composite_mpq_leftleg,ZERO_TWO_LEFT,13.5,11.0,16.0,79,27,26,31,-0.2424538346879196,0.03132958944850672,-0.34161648,-0.5089653190186856,0.3849040363628353
composite_mpq_leftleg,ZERO_TWO_LEFT,14.5,12.0,17.0,79,27,26,31,-0.21379805328499665,0.05850052455215902,-0.30972716,-0.49208375571337803,0.40897513919040296
composite_mpq_leftleg,ZERO_TWO_LEFT,15.5,13.0,18.0,79,27,26,31,-0.18402099329801702,0.10449520231930956,-0.24019457,-0.3992945582309908,0.5114102842531513
composite_mpq_leftleg,ZERO_TWO_LEFT,16.5,14.0,19.0,79,27,26,31,-0.16480261166555352,0.14667003821561292,-0.22650747,-0.3814618482531404,0.5357077519788858
composite_mpq_leftleg,ZERO_TWO_LEFT,17.5,15.0,20.0,79,27,26,31,-0.17855233883087063,0.11539671414646245,-0.3616503,-0.6388098837841687,0.30684952214011185
composite_mpq_leftleg,ZERO_TWO_LEFT,18.5,16.0,21.0,79,27,26,31,-0.1892006989471562,0.09492561906481771,-0.390379,-0.6336552688700169,0.29525987532732245
composite_mpq_leftleg,ZERO_TWO_LEFT,19.5,17.0,22.0,79,27,26,31,-0.18295879659225886,0.10654736713882561,-0.34602213,-0.5527461979136907,0.34901701396015283
composite_mpq_leftleg,ZERO_TWO_LEFT,20.5,18.0,23.0,79,27,26,31,-0.18729182259698873,0.09836884179618756,-0.40187058,-0.6206647796729625,0.279048384656035
composite_mpq_leftleg,ZERO_TWO_LEFT,21.5,19.0,24.0,79,27,26,31,-0.11070000148173328,0.3314340810179067,-0.23074731,-0.3435116484558011,0.5364988307414686
composite_mpq_leftleg,ZERO_TWO_LEFT,22.5,20.0,25.0,79,27,26,31,-0.0589052710200295,0.6060887791581775,-0.08920569,-0.13328517909390258,0.811321755670126
composite_mpq_leftleg,ZERO_TWO_LEFT,23.5,21.0,26.0,79,27,26,31,0.01884570944688991,0.8690627939066707,0.111520104,0.16795638838552374,0.764615269094699
composite_mpq_leftleg,ZERO_TWO_LEFT,24.5,22.0,27.0,79,27,26,31,0.05135847145569986,0.6530674547214217,0.1592888,0.2316138464181052,0.6532709340551939
composite_mpq_leftleg,ZERO_TWO_LEFT,25.5,23.0,28.0,79,27,26,31,0.03450713610919958,0.7627226532258442,0.12119584,0.17614434596972783,0.7330712919382307
composite_mpq_leftleg,ZERO_TWO_LEFT,26.5,24.0,29.0,79,27,26,31,-0.09263287086477073,0.41681258291023077,-0.15913014,-0.2592422497330571,0.6789729713126029
composite_mpq_leftleg,ZERO_TWO_LEFT,27.5,25.0,30.0,79,27,26,31,-0.19076530284279172,0.09217459622545175,-0.35678697,-0.6343891138536384,0.4149036408531427
composite_mpq_leftleg,ZERO_TWO_LEFT,28.5,26.0,31.0,79,27,26,31,-0.19201532266097424,0.09002214216823456,-0.39861056,-0.7499258598999315,0.32281008858297344
composite_mpq_leftleg,ZERO_TWO_LEFT,29.5,27.0,32.0,79,27,26,31,-0.20782018119209159,0.0660882023985361,-0.41376626,-0.7927939475322251,0.34265589834850596
composite_mpq_leftleg,ZERO_TWO_LEFT,30.5,28.0,33.0,79,27,26,31,-0.22620783427355304,0.04500611470877416,-0.4100132,-0.7053982247112786,0.34738175464549614
composite_mpq_leftleg,ZERO_TWO_LEFT,31.5,29.0,34.0,79,27,26,31,-0.19854330636550027,0.07941826548367517,-0.32780525,-0.5283293708020044,0.4541339624302628
composite_mpq_leftleg,ZERO_TWO_LEFT,32.5,30.0,35.0,79,27,26,31,-0.1957060734294719,0.08389770306756947,-0.31454498,-0.4757271412978255,0.4569512104604604
composite_mpq_leftleg,ZERO_TWO_LEFT,33.5,31.0,36.0,79,27,26,31,-0.27828389427859906,0.01301785980758732,-0.4601079,-0.680305399798749,0.30726388677839833
composite_mpq_leftleg,ZERO_TWO_LEFT,34.5,32.0,37.0,79,27,26,31,-0.3284169404252498,0.0031273428743918206,-0.5630592,-0.8412498816395008,0.17623376872546614
composite_mpq_leftleg,ZERO_TWO_LEFT,35.5,33.0,38.0,79,27,26,31,-0.37451719053080357,0.0006729318062057493,-0.66329443,-1.0965203991398984,0.10884032126508524
composite_mpq_leftleg,ZERO_TWO_LEFT,36.5,34.0,39.0,79,27,26,31,-0.4253314695312986,9.327702221309656e-05,-0.8533403,-1.4490783487732075,0.055252540154000544
composite_mpq_leftleg,ZERO_TWO_LEFT,37.5,35.0,40.0,79,27,26,31,-0.3728778558591434,0.0007135584266636291,-0.7348628,-1.197563011956135,0.08857010698876122
composite_mpq_leftleg,ZERO_TWO_LEFT,38.5,36.0,41.0,79,27,26,31,-0.36459597984600967,0.0009550611210549899,-0.705513,-1.2188525357611066,0.11492776391776366
composite_mpq_leftleg,ZERO_TWO_LEFT,39.5,37.0,42.0,79,27,26,31,-0.40675031436853587,0.0001993431551846052,-0.8136509,-1.4684055350307654,0.1893580078569096
composite_mpq_leftleg,ZERO_TWO_LEFT,40.5,38.0,43.0,79,27,26,31,-0.39771004639789287,0.0002839557889552256,-0.7964098,-1.3885351933485837,0.22081089423163225
composite_mpq_leftleg,ZERO_TWO_LEFT,41.5,39.0,44.0,79,27,26,31,-0.36453000362007476,0.0009572521164203609,-0.67396355,-1.130033455051076,0.248415112770629
composite_mpq_leftleg,ZERO_TWO_LEFT,42.5,40.0,45.0,79,27,26,31,-0.3917280256254711,0.0003568983302325531,-0.75970393,-1.2677383613281141,0.20491189754129213
composite_mpq_leftleg,ZERO_TWO_LEFT,43.5,41.0,46.0,79,27,26,31,-0.41577013150613323,0.000138640794459974,-0.8313695,-1.314962171935826,0.14221046692797276
composite_mpq_leftleg,ZERO_TWO_LEFT,44.5,42.0,47.0,79,27,26,31,-0.42485781411322293,9.515307874278356e-05,-0.8562615,-1.4535752274572313,0.09156739553035306
composite_mpq_leftleg,ZERO_TWO_LEFT,45.5,43.0,48.0,79,27,26,31,-0.4076017617636952,0.00019270983523738674,-0.8320655,-1.3921974058234494,0.0749090706344637
composite_mpq_leftleg,ZERO_TWO_LEFT,46.5,44.0,49.0,79,27,26,31,-0.4078601593607133,0.00019073733825744068,-0.832849,-1.3958801399732457,0.08523032645439463
composite_mpq_leftleg,ZERO_TWO_LEFT,47.5,45.0,50.0,79,27,26,31,-0.38616010496029585,0.0004398410469999529,-0.8052948,-1.394798823313129,0.10827237654793401
composite_mpq_leftleg,ZERO_TWO_LEFT,48.5,46.0,51.0,79,27,26,31,-0.3994905887934863,0.0002650530911991144,-0.85755444,-1.5344221880042743,0.05279343278095245
composite_mpq_leftleg,ZERO_TWO_LEFT,49.5,47.0,52.0,79,27,26,31,-0.3364132969934414,0.0024348251973946512,-0.69669664,-1.1856889651038083,0.12547361795414014
composite_mpq_leftleg,ZERO_TWO_LEFT,50.5,48.0,53.0,79,27,26,31,-0.3913962778729025,0.00036140692998702623,-0.82520115,-1.4725298189468499,0.0990487456119791
composite_mpq_leftleg,ZERO_TWO_LEFT,51.5,49.0,54.0,79,27,26,31,-0.3252857570614032,0.00344327658606441,-0.6937816,-1.2809345659179405,0.14220802586380946
composite_mpq_leftleg,ZERO_TWO_LEFT,52.5,50.0,55.0,79,27,26,31,-0.3647018407272856,0.0009515551139174367,-0.7717649,-1.3651148100118986,0.10773160015238065
composite_mpq_leftleg,ZERO_TWO_LEFT,53.5,51.0,56.0,79,27,26,31,-0.383784721351408,0.0004803176289097462,-0.77077365,-1.2537406985772508,0.07302339956767717
composite_mpq_leftleg,ZERO_TWO_LEFT,54.5,52.0,57.0,79,27,26,31,-0.4780093011213853,8.384848503979241e-06,-1.0096918,-1.8627252096328306,0.039421403491105095
composite_mpq_leftleg,ZERO_TWO_LEFT,55.5,53.0,58.0,79,27,26,31,-0.4207665893994957,0.00011287323844899715,-0.818962,-1.362874763449533,0.05484093674842657
composite_mpq_leftleg,ZERO_TWO_LEFT,56.5,54.0,59.0,79,27,26,31,-0.420695385466261,0.00011320703753595442,-0.7975526,-1.3252378721275921,0.05782590614433761
composite_mpq_leftleg,ZERO_TWO_LEFT,57.5,55.0,60.0,79,27,26,31,-0.4234880570200187,0.00010077675951024503,-0.77379185,-1.4374768741034085,0.0449367050302385
composite_mpq_leftleg,ZERO_TWO_LEFT,58.5,56.0,61.0,79,27,26,31,-0.37582982531391157,0.0006419337753800305,-0.66097635,-1.458456569423605,0.10577045130835143
composite_mpq_leftleg,ZERO_TWO_LEFT,59.5,57.0,62.0,79,27,26,31,-0.2751939492690047,0.01410476537174515,-0.47495455,-1.0399443326104472,0.1992545345720409
composite_mpq_leftleg,ZERO_TWO_LEFT,60.5,58.0,63.0,79,27,26,31,-0.33573121770101094,0.002488007823849369,-0.6395763,-1.5686911289656058,0.13832939450296272
composite_mpq_leftleg,ZERO_TWO_LEFT,61.5,59.0,64.0,79,27,26,31,-0.401551684309921,0.0002446194718856022,-0.86806035,-2.1709082423201913,0.08076868006672863
composite_mpq_leftleg,ZERO_TWO_LEFT,62.5,60.0,65.0,79,27,26,31,-0.40714316557719243,0.0001962568937498398,-0.83061886,-1.7698262604340866,0.10886838723988118
composite_mpq_leftleg,ZERO_TWO_LEFT,63.5,61.0,66.0,79,27,26,31,-0.3926401443256815,0.0003447666598086435,-0.770196,-1.3706998125183025,0.15293218171394957
composite_mpq_leftleg,ZERO_TWO_LEFT,64.5,62.0,67.0,79,27,26,31,-0.35348458168596864,0.001395404927678042,-0.6841727,-1.1692044742789776,0.16865829381442898
composite_mpq_leftleg,ZERO_TWO_LEFT,65.5,63.0,68.0,79,27,26,31,-0.356761717276448,0.0012495194651023537,-0.6847584,-1.217677250578959,0.185276165691733
composite_mpq_leftleg,ZERO_TWO_LEFT,66.5,64.0,69.0,79,27,26,31,-0.3342243940599107,0.002609206628111418,-0.64247966,-1.1292713244058064,0.20446684225504164
composite_mpq_leftleg,ZERO_TWO_LEFT,67.5,65.0,70.0,79,27,26,31,-0.31712861770491163,0.0044040342134125205,-0.71678823,-1.3765184469957883,0.18434103310439753
composite_mpq_leftleg,ZERO_TWO_LEFT,68.5,66.0,71.0,79,27,26,31,-0.30747602908936356,0.005843042188104086,-0.6139913,-1.3527178866973415,0.18950961408673883
composite_mpq_leftleg,ZERO_TWO_LEFT,69.5,67.0,72.0,79,27,26,31,-0.3560797399658405,0.0012786883458886903,-0.7309997,-1.61700710190961,0.14680522669956228
composite_mpq_leftleg,ZERO_TWO_LEFT,70.5,68.0,73.0,79,27,26,31,-0.3607466563188569,0.0010907953331412903,-0.7303771,-1.4626272227343247,0.10658219105133915
composite_mpq_leftleg,ZERO_TWO_LEFT,71.5,69.0,74.0,79,27,26,31,-0.291284903259969,0.009201664666352811,-0.5812597,-1.2019327083658469,0.16379484342751705
composite_mpq_leftleg,ZERO_TWO_LEFT,72.5,70.0,75.0,79,27,26,31,-0.31705332403227166,0.004413913656967963,-0.5834179,-1.1874336124329945,0.13216841423962164
composite_mpq_leftleg,ZERO_TWO_LEFT,73.5,71.0,76.0,79,27,26,31,-0.4228008727217525,0.0001037124634135848,-0.91584074,-1.921118065768746,0.05243894760597161
composite_mpq_leftleg,ZERO_TWO_LEFT,74.5,72.0,77.0,79,27,26,31,-0.3402608389034154,0.0021534817188652556,-0.6499445,-1.2847593057445348,0.12908611251054566
composite_mpq_leftleg,ZERO_TWO_LEFT,75.5,73.0,78.0,79,27,26,31,-0.3099752822909843,0.005435321326524723,-0.6624105,-1.3388611993100643,0.10686336115394336
composite_mpq_leftleg,ZERO_TWO_LEFT,76.5,74.0,79.0,79,27,26,31,-0.42000484792142573,0.00011649190532072284,-0.88010055,-1.7262942921420017,0.07257369326569522
composite_mpq_leftleg,ZERO_TWO_LEFT,77.5,75.0,80.0,79,27,26,31,-0.3951955185295358,0.0003127640353663706,-0.8315368,-1.6254784681454104,0.10676017394896585
composite_mpq_leftleg,ZERO_TWO_LEFT,78.5,76.0,81.0,79,27,26,31,-0.35793619215399225,0.0012006944538129195,-0.73186046,-1.4767216600473343,0.137206754233967
composite_mpq_leftleg,ZERO_TWO_LEFT,79.5,77.0,82.0,79,27,26,31,-0.34976037040106567,0.0015797516000578338,-0.6238649,-1.3248636761128465,0.2100407835206718
composite_mpq_leftleg,ZERO_TWO_LEFT,80.5,78.0,83.0,79,27,26,31,-0.3205615223592596,0.003973948922877905,-0.5435875,-0.9809552617617147,0.20398692112013384
composite_mpq_leftleg,ZERO_TWO_LEFT,81.5,79.0,84.0,79,27,26,31,-0.2928540615203223,0.008815001986632843,-0.5000659,-0.8452509092604692,0.20520076431469847
composite_mpq_leftleg,ZERO_TWO_LEFT,82.5,80.0,85.0,79,27,26,31,-0.32432403145737504,0.003545873105566389,-0.54490906,-0.9844587541175757,0.15293383440290495
composite_mpq_leftleg,ZERO_TWO_LEFT,83.5,81.0,86.0,79,27,26,31,-0.38337850369231524,0.00048757118566323295,-0.74950945,-1.3796170619027672,0.04461395574793518
composite_mpq_leftleg,ZERO_TWO_LEFT,84.5,82.0,87.0,79,27,26,31,-0.424066463859804,9.836555622679097e-05,-0.90881044,-1.8211010721763408,0.015669917939525765
composite_mpq_leftleg,ZERO_TWO_LEFT,85.5,83.0,88.0,79,27,26,31,-0.45532832416517705,2.4840925738769648e-05,-0.9510357,-2.157546417990873,0.004387893164474186
composite_mpq_leftleg,ZERO_TWO_LEFT,86.5,84.0,89.0,79,27,26,31,-0.47373803528527136,1.0349010904597846e-05,-0.9866195,-2.260263926926924,0.006000185571962008
composite_mpq_leftleg,ZERO_TWO_LEFT,87.5,85.0,90.0,79,27,26,31,-0.43389996821687077,6.472861720746972e-05,-0.8151775,-1.936679272444452,0.031393484033506495
composite_mpq_leftleg,ZERO_TWO_LEFT,88.5,86.0,91.0,79,27,26,31,-0.37812124743922604,0.0005909247152912366,-0.71703315,-1.8168910536369396,0.025157865843685442
composite_mpq_leftleg,ZERO_TWO_LEFT,89.5,87.0,92.0,79,27,26,31,-0.42068827235528866,0.0001132404333961437,-0.9143653,-2.5345796671328116,0.003479750914656498
composite_mpq_leftleg,ZERO_TWO_LEFT,90.5,88.0,93.0,79,27,26,31,-0.4582837229622389,2.1656434122274794e-05,-1.0370567,-2.865980989316624,0.0005598090721116153
composite_mpq_leftleg,ZERO_TWO_LEFT,91.5,89.0,94.0,79,27,26,31,-0.4037949018287303,0.0002240335139726805,-0.92505616,-2.6786329126143626,0.008241310815704384
composite_mpq_leftleg,ZERO_TWO_LEFT,92.5,90.0,95.0,79,27,26,31,-0.45978083754158927,2.0192703575100682e-05,-1.0860784,-3.2245275373669884,0.0012847469328122608
composite_mpq_leftleg,ZERO_TWO_LEFT,93.5,91.0,96.0,79,27,26,31,-0.3971464450882449,0.0002901922711288981,-1.0489033,-3.0781937159884474,0.007909691493491975
composite_mpq_leftleg,ZERO_TWO_LEFT,94.5,92.0,97.0,79,27,26,31,-0.43238747310104275,6.909007341874925e-05,-1.0254089,-2.7353276881622905,0.02218397630101312
composite_mpq_leftleg,ZERO_TWO_LEFT,95.5,93.0,98.0,79,27,26,31,-0.28902853759563907,0.009783651801142084,-0.6636701,-1.7111942114910834,0.07946042915356505
composite_mpq_leftleg,ZERO_TWO_LEFT,96.5,94.0,99.0,79,27,26,31,-0.3147229665259448,0.0047295844681753876,-0.64601696,-1.5218159369884352,0.05534909726426242
composite_mpq_leftleg,ZERO_TWO_LEFT,97.5,95.0,100.0,79,27,26,31,-0.31188954071119984,0.005140273018863743,-0.6962328,-1.793112466254461,0.03709302472805248
composite_mpq_leftleg,ZERO_TWO_LEFT,98.5,96.0,101.0,79,27,26,31,-0.35452479415711974,0.0013475120544354882,-0.64635557,-1.518393757011085,0.11559287084890217
composite_mpq_leftleg,ZERO_TWO_RIGHT,6.5,4.0,9.0,73,25,24,27,-0.08636241326200511,0.4675297947448314,-0.060496505,-0.06761762763395339,0.860166699492122
composite_mpq_leftleg,ZERO_TWO_RIGHT,7.5,5.0,10.0,73,25,24,27,-0.07085263795348572,0.5513983109966336,-0.03155167,-0.03668310115848541,0.9243116554666088
composite_mpq_leftleg,ZERO_TWO_RIGHT,8.5,6.0,11.0,73,25,24,27,-0.054908855555990205,0.6445170106558874,0.011035709,0.012893940312164958,0.973537109003937
composite_mpq_leftleg,ZERO_TWO_RIGHT,9.5,7.0,12.0,73,25,24,27,-0.06815541808862305,0.5666878390817218,-0.04204568,-0.051701912041875395,0.8974648919212769
composite_mpq_leftleg,ZERO_TWO_RIGHT,10.5,8.0,13.0,73,25,24,27,-0.09995366008317784,0.40013823515042557,-0.13067654,-0.16891204844373678,0.687813064741734
composite_mpq_leftleg,ZERO_TWO_RIGHT,11.5,9.0,14.0,73,25,24,27,-0.09842042321829739,0.4074414335258333,-0.15336852,-0.2040874926023718,0.6361078053899548
composite_mpq_leftleg,ZERO_TWO_RIGHT,12.5,10.0,15.0,73,25,24,27,-0.09773636809918496,0.41072468916663707,-0.15074024,-0.19282071317094635,0.6265906993514068
composite_mpq_leftleg,ZERO_TWO_RIGHT,13.5,11.0,16.0,73,25,24,27,-0.13586454341000226,0.25174744732128485,-0.22081539,-0.27648339392218513,0.44870562129683556
composite_mpq_leftleg,ZERO_TWO_RIGHT,14.5,12.0,17.0,73,25,24,27,-0.11626060339074154,0.32732656329694637,-0.17342225,-0.22949229475319172,0.5738754300803062
composite_mpq_leftleg,ZERO_TWO_RIGHT,15.5,13.0,18.0,73,25,24,27,-0.09059246657510854,0.4459214365122293,-0.11374996,-0.16502413300131197,0.7145474500061759
composite_mpq_leftleg,ZERO_TWO_RIGHT,16.5,14.0,19.0,73,25,24,27,-0.1263616312646461,0.2867505680030543,-0.25908542,-0.39635462298717095,0.37752069803696686
composite_mpq_leftleg,ZERO_TWO_RIGHT,17.5,15.0,20.0,73,25,24,27,-0.11370744804224146,0.33813338594299164,-0.23025757,-0.38628272349072623,0.46322133519458797
composite_mpq_leftleg,ZERO_TWO_RIGHT,18.5,16.0,21.0,73,25,24,27,-0.08623220656411647,0.46820381485955526,-0.21463358,-0.3612688561887974,0.5104025148245399
composite_mpq_leftleg,ZERO_TWO_RIGHT,19.5,17.0,22.0,73,25,24,27,-0.1254654719133494,0.2902097694764928,-0.3075354,-0.5202716458734459,0.3421824538361409
composite_mpq_leftleg,ZERO_TWO_RIGHT,20.5,18.0,23.0,73,25,24,27,-0.17204535806667082,0.14554135332837884,-0.44080558,-0.7441702057493634,0.16426654729411716
composite_mpq_leftleg,ZERO_TWO_RIGHT,21.5,19.0,24.0,73,25,24,27,-0.09993976366913752,0.4002040794668564,-0.2032265,-0.2999774437167585,0.5084037356060328
composite_mpq_leftleg,ZERO_TWO_RIGHT,22.5,20.0,25.0,73,25,24,27,-0.0918200938443975,0.4397562562511653,-0.23402847,-0.32946679430988535,0.47309005949370675
composite_mpq_leftleg,ZERO_TWO_RIGHT,23.5,21.0,26.0,73,25,24,27,-0.08424484397408691,0.4785565599932025,-0.21433313,-0.33361785303558045,0.5011894911104209
composite_mpq_leftleg,ZERO_TWO_RIGHT,24.5,22.0,27.0,73,25,24,27,-0.09799459705657244,0.40948346603475416,-0.26084575,-0.4175740162283826,0.4247362005361547
composite_mpq_leftleg,ZERO_TWO_RIGHT,25.5,23.0,28.0,73,25,24,27,-0.08065703586761196,0.4975522400870119,-0.2373096,-0.3927764799918911,0.41626615667793765
composite_mpq_leftleg,ZERO_TWO_RIGHT,26.5,24.0,29.0,73,25,24,27,-0.0858225979216588,0.47032760037325483,-0.26300478,-0.4398900808562022,0.3650199029040756
composite_mpq_leftleg,ZERO_TWO_RIGHT,27.5,25.0,30.0,73,25,24,27,-0.1308314937449037,0.26990490239953013,-0.33422324,-0.6105596107145868,0.2416731497485901
composite_mpq_leftleg,ZERO_TWO_RIGHT,28.5,26.0,31.0,73,25,24,27,-0.1657210985281792,0.1611564239305197,-0.43398145,-0.8004950594593128,0.16323444651098062
composite_mpq_leftleg,ZERO_TWO_RIGHT,29.5,27.0,32.0,73,25,24,27,-0.14574693717793935,0.21856548072641324,-0.37857994,-0.6271349830325168,0.2116004212290029
composite_mpq_leftleg,ZERO_TWO_RIGHT,30.5,28.0,33.0,73,25,24,27,-0.1590697253193444,0.1788801022469467,-0.41339678,-0.6527580470412674,0.1693210519751852
composite_mpq_leftleg,ZERO_TWO_RIGHT,31.5,29.0,34.0,73,25,24,27,-0.18331020856015012,0.12057687136953059,-0.4720295,-0.7693502064769067,0.10227004332940073
composite_mpq_leftleg,ZERO_TWO_RIGHT,32.5,30.0,35.0,73,25,24,27,-0.16553220056048668,0.16164115817193514,-0.4747444,-0.8184070371537321,0.0732814377127725
composite_mpq_leftleg,ZERO_TWO_RIGHT,33.5,31.0,36.0,73,25,24,27,-0.20805353078660951,0.07734341731530442,-0.53643286,-0.8781448057826935,0.04344580327164596
composite_mpq_leftleg,ZERO_TWO_RIGHT,34.5,32.0,37.0,73,25,24,27,-0.22498034600474612,0.05566270301175424,-0.53284,-0.8660012938387897,0.02782420899435575
composite_mpq_leftleg,ZERO_TWO_RIGHT,35.5,33.0,38.0,73,25,24,27,-0.2568420677400871,0.02826966585046814,-0.56456155,-1.0046068989895633,0.03568284967035091
composite_mpq_leftleg,ZERO_TWO_RIGHT,36.5,34.0,39.0,73,25,24,27,-0.29524628449250456,0.011217494034429594,-0.5990918,-1.0774935333841698,0.07182122773905257
composite_mpq_leftleg,ZERO_TWO_RIGHT,37.5,35.0,40.0,73,25,24,27,-0.31179695462741125,0.007246236353236113,-0.6175915,-1.0449542158291178,0.04325412384095787
composite_mpq_leftleg,ZERO_TWO_RIGHT,38.5,36.0,41.0,73,25,24,27,-0.2814882636464511,0.015842378271719183,-0.5796205,-0.9239729679336283,0.06236923632982407
composite_mpq_leftleg,ZERO_TWO_RIGHT,39.5,37.0,42.0,73,25,24,27,-0.25989320632546425,0.026384200245868277,-0.551721,-0.8744129111177901,0.05176470618948654
composite_mpq_leftleg,ZERO_TWO_RIGHT,40.5,38.0,43.0,73,25,24,27,-0.24007041815468594,0.04077776556411975,-0.5437683,-0.8908575849668471,0.048079073489224515
composite_mpq_leftleg,ZERO_TWO_RIGHT,41.5,39.0,44.0,73,25,24,27,-0.23146624944838143,0.04879692988853869,-0.53421706,-0.8509594131141767,0.05446750648748227
composite_mpq_leftleg,ZERO_TWO_RIGHT,42.5,40.0,45.0,73,25,24,27,-0.2123837674711765,0.0712425331505099,-0.4884436,-0.7287151738544001,0.06253475063657292
composite_mpq_leftleg,ZERO_TWO_RIGHT,43.5,41.0,46.0,73,25,24,27,-0.20101676731978588,0.08813868723047283,-0.45001245,-0.6810987513915965,0.07562983439184956
composite_mpq_leftleg,ZERO_TWO_RIGHT,44.5,42.0,47.0,73,25,24,27,-0.21779942474207517,0.06416236612056798,-0.46245873,-0.7158034706017976,0.0935752888799835
composite_mpq_leftleg,ZERO_TWO_RIGHT,45.5,43.0,48.0,73,25,24,27,-0.21108340967255107,0.07303261742571064,-0.44638577,-0.6431049385421116,0.12462227835525336
composite_mpq_leftleg,ZERO_TWO_RIGHT,46.5,44.0,49.0,73,25,24,27,-0.22137828090849015,0.05980375663871175,-0.45983285,-0.7271400978129764,0.1121185256427511
composite_mpq_leftleg,ZERO_TWO_RIGHT,47.5,45.0,50.0,73,25,24,27,-0.2700865024934407,0.020837383823099305,-0.57109183,-0.9960117552542423,0.029769261592849042
composite_mpq_leftleg,ZERO_TWO_RIGHT,48.5,46.0,51.0,73,25,24,27,-0.28288678089516106,0.015307286101816576,-0.6275604,-1.2699968649223246,0.03124380379123682
composite_mpq_leftleg,ZERO_TWO_RIGHT,49.5,47.0,52.0,73,25,24,27,-0.2551312241837323,0.029375737608362252,-0.54965097,-0.9743336569686188,0.04877192987735437
composite_mpq_leftleg,ZERO_TWO_RIGHT,50.5,48.0,53.0,73,25,24,27,-0.24901189311731395,0.03363464691963941,-0.5130824,-0.917771138555833,0.04931683290568826
composite_mpq_leftleg,ZERO_TWO_RIGHT,51.5,49.0,54.0,73,25,24,27,-0.2398423428014158,0.040975266232496727,-0.47799104,-0.7219932261486196,0.06554228054378479
composite_mpq_leftleg,ZERO_TWO_RIGHT,52.5,50.0,55.0,73,25,24,27,-0.19937427446134384,0.09082209168991082,-0.36614355,-0.48600544845125,0.10459659137416222
composite_mpq_leftleg,ZERO_TWO_RIGHT,53.5,51.0,56.0,73,25,24,27,-0.2515668385867516,0.03179748622602745,-0.44624388,-0.5581721878059747,0.07303009602852095
composite_mpq_leftleg,ZERO_TWO_RIGHT,54.5,52.0,57.0,73,25,24,27,-0.23337570737903973,0.04691371902850808,-0.43944347,-0.5405779288589789,0.05551287102219846
composite_mpq_leftleg,ZERO_TWO_RIGHT,55.5,53.0,58.0,73,25,24,27,-0.2623115112043892,0.02496636413166445,-0.5139507,-0.6528284695905285,0.02834804856211366
composite_mpq_leftleg,ZERO_TWO_RIGHT,56.5,54.0,59.0,73,25,24,27,-0.28968953676151993,0.012920854999232411,-0.6001643,-0.8803098218885076,0.008258227910029186
composite_mpq_leftleg,ZERO_TWO_RIGHT,57.5,55.0,60.0,73,25,24,27,-0.2626779661166007,0.024757252358578154,-0.56814414,-0.8192878438735428,0.012373216248831862
composite_mpq_leftleg,ZERO_TWO_RIGHT,58.5,56.0,61.0,73,25,24,27,-0.1453621928040148,0.2197967878204513,-0.3487637,-0.5053440471016235,0.17990990394605988
composite_mpq_leftleg,ZERO_TWO_RIGHT,59.5,57.0,62.0,73,25,24,27,-0.2001979637271498,0.08946847068925545,-0.39987996,-0.6134231511121284,0.16646127038326508
composite_mpq_leftleg,ZERO_TWO_RIGHT,60.5,58.0,63.0,73,25,24,27,-0.14623106403827907,0.21702301894127976,-0.27389473,-0.40127700369464886,0.30814745181507686
composite_mpq_leftleg,ZERO_TWO_RIGHT,61.5,59.0,64.0,73,25,24,27,-0.08526488764488233,0.47322763142484414,-0.09152644,-0.11840447217175452,0.7392869038426699
composite_mpq_leftleg,ZERO_TWO_RIGHT,62.5,60.0,65.0,73,25,24,27,-0.07473602281388725,0.5297396674749996,-0.04391795,-0.05981701468248751,0.87752872377475
composite_mpq_leftleg,ZERO_TWO_RIGHT,63.5,61.0,66.0,73,25,24,27,-0.10565721485263052,0.3736547665236437,-0.09286545,-0.12108605974407786,0.7162484390589978
composite_mpq_leftleg,ZERO_TWO_RIGHT,64.5,62.0,67.0,73,25,24,27,-0.08386317125019244,0.48055871745213447,-0.068736896,-0.09470897493275765,0.8085737319170216
composite_mpq_leftleg,ZERO_TWO_RIGHT,65.5,63.0,68.0,73,25,24,27,-0.06358553581186722,0.5930374602817515,-0.043516293,-0.06378085730149409,0.8747385531876422
composite_mpq_leftleg,ZERO_TWO_RIGHT,66.5,64.0,69.0,73,25,24,27,-0.09886568728482006,0.4053125555357883,-0.17249341,-0.24842697492438112,0.5223027906084673
composite_mpq_leftleg,ZERO_TWO_RIGHT,67.5,65.0,70.0,73,25,24,27,-0.09260873247019924,0.43582108424024113,-0.17163083,-0.2303997914922113,0.48536855543134805
composite_mpq_leftleg,ZERO_TWO_RIGHT,68.5,66.0,71.0,73,25,24,27,-0.0624518534122318,0.5996582283837903,-0.12569875,-0.18244651959155436,0.6301691170281492
composite_mpq_leftleg,ZERO_TWO_RIGHT,69.5,67.0,72.0,73,25,24,27,-0.10119694747591505,0.39427309072801847,-0.24420297,-0.37238816711264516,0.32719724610501555
composite_mpq_leftleg,ZERO_TWO_RIGHT,70.5,68.0,73.0,73,25,24,27,-0.16502901740597076,0.16293764086345516,-0.3517875,-0.5231072614562404,0.15277843594784837
composite_mpq_leftleg,ZERO_TWO_RIGHT,71.5,69.0,74.0,73,25,24,27,-0.16410528037648486,0.16533765759144048,-0.35699013,-0.5075163236853425,0.15695824220027527
composite_mpq_leftleg,ZERO_TWO_RIGHT,72.5,70.0,75.0,73,25,24,27,-0.16775145389832524,0.15601396806955753,-0.34612614,-0.5092704338212763,0.21461462575080414
composite_mpq_leftleg,ZERO_TWO_RIGHT,73.5,71.0,76.0,73,25,24,27,-0.2788741334908994,0.01688583786220931,-0.6569384,-1.0985593147717008,0.031027000181315267
composite_mpq_leftleg,ZERO_TWO_RIGHT,74.5,72.0,77.0,73,25,24,27,-0.23556824056529918,0.04482555298496746,-0.6003971,-0.9515416894060189,0.049561462503235613
composite_mpq_leftleg,ZERO_TWO_RIGHT,75.5,73.0,78.0,73,25,24,27,-0.2489491692102992,0.03368084351987571,-0.68079424,-1.143389194407697,0.03444704298839781
composite_mpq_leftleg,ZERO_TWO_RIGHT,76.5,74.0,79.0,73,25,24,27,-0.19300090068043502,0.10184791853456662,-0.5399834,-0.8596355864719367,0.05074966644524958
composite_mpq_leftleg,ZERO_TWO_RIGHT,77.5,75.0,80.0,73,25,24,27,-0.1985899548985098,0.09212594642033015,-0.5266058,-0.8189479625402281,0.04140957083919465
composite_mpq_leftleg,ZERO_TWO_RIGHT,78.5,76.0,81.0,73,25,24,27,-0.09655116581640508,0.4164495611076255,-0.2360496,-0.3504476718320035,0.3677628942056387
composite_mpq_leftleg,ZERO_TWO_RIGHT,79.5,77.0,82.0,73,25,24,27,-0.05003292998986736,0.6742175572648094,-0.10758589,-0.1690951685243025,0.7136489236779222
composite_mpq_leftleg,ZERO_TWO_RIGHT,80.5,78.0,83.0,73,25,24,27,0.017338973181077272,0.8842385699327795,0.02770876,0.04896015658630476,0.9312661965520312
composite_mpq_leftleg,ZERO_TWO_RIGHT,81.5,79.0,84.0,73,25,24,27,0.01644069813509687,0.8901975731945727,0.00990942,0.01747099121081891,0.9782781634040791
composite_mpq_leftleg,ZERO_TWO_RIGHT,82.5,80.0,85.0,73,25,24,27,-0.05443879498335557,0.6473571427681138,-0.13021776,-0.2211910807714574,0.7071944560937269
composite_mpq_leftleg,ZERO_TWO_RIGHT,83.5,81.0,86.0,73,25,24,27,0.01695084967652464,0.886812548481078,-0.033860847,-0.057393534936169575,0.9174294328133413
composite_mpq_leftleg,ZERO_TWO_RIGHT,84.5,82.0,87.0,73,25,24,27,-0.02631424112225885,0.8251027795469421,-0.072905205,-0.11491602113648615,0.8064820195663684
composite_mpq_leftleg,ZERO_TWO_RIGHT,85.5,83.0,88.0,73,25,24,27,-0.04425888403453497,0.7100390879860401,-0.09004232,-0.1416844191913953,0.7677736379631038
composite_mpq_leftleg,ZERO_TWO_RIGHT,86.5,84.0,89.0,73,25,24,27,-0.05021808348556651,0.6730802484550164,-0.09157883,-0.15986722307409723,0.7423047231207599
composite_mpq_leftleg,ZERO_TWO_RIGHT,87.5,85.0,90.0,73,25,24,27,-0.021401643723569834,0.8573722167765115,0.012140275,0.02305723826234961,0.9659599633598095
composite_mpq_leftleg,ZERO_TWO_RIGHT,88.5,86.0,91.0,73,25,24,27,-0.11508550097322778,0.3322729017768921,-0.08590637,-0.16530628548911463,0.7624923816145835
composite_mpq_leftleg,ZERO_TWO_RIGHT,89.5,87.0,92.0,73,25,24,27,-0.11939357241202725,0.31436899598556667,-0.11405317,-0.24681045837340804,0.6662129644353647
composite_mpq_leftleg,ZERO_TWO_RIGHT,90.5,88.0,93.0,73,25,24,27,-0.11843908682484232,0.3182811755501323,-0.16949677,-0.36387961075494624,0.5283329128126089
composite_mpq_leftleg,ZERO_TWO_RIGHT,91.5,89.0,94.0,73,25,24,27,-0.17244704858508825,0.14458927552770648,-0.2645581,-0.51983654186094,0.36781481238970903
composite_mpq_leftleg,ZERO_TWO_RIGHT,92.5,90.0,95.0,73,25,24,27,-0.11504567876561085,0.3324413482991464,-0.24167354,-0.4425245831795922,0.436720173012898
composite_mpq_leftleg,ZERO_TWO_RIGHT,93.5,91.0,96.0,73,25,24,27,-0.11941663650769485,0.3142748470486582,-0.31292224,-0.6189444240062061,0.2874166302614013
composite_mpq_leftleg,ZERO_TWO_RIGHT,94.5,92.0,97.0,73,25,24,27,-0.12175293085135316,0.3048320077724065,-0.3290256,-0.6721576586477734,0.34548823212518054
composite_mpq_leftleg,ZERO_TWO_RIGHT,95.5,93.0,98.0,73,25,24,27,-0.0634250125971842,0.5939729302473893,-0.09725529,-0.19971147613920162,0.7482294964480953
composite_mpq_leftleg,ZERO_TWO_RIGHT,96.5,94.0,99.0,73,25,24,27,-0.035329899072021255,0.7666639331110549,-0.12762274,-0.2740420172474008,0.631632496207285
composite_mpq_leftleg,ZERO_TWO_RIGHT,97.5,95.0,100.0,73,25,24,27,-0.07555726548449242,0.5252142245947565,-0.18331027,-0.3935650308102509,0.45188270818622
composite_mpq_leftleg,ZERO_TWO_RIGHT,98.5,96.0,101.0,73,25,24,27,-0.06435285470964686,0.5885749657891997,-0.13184364,-0.30266394853027095,0.5944098909240662
