channel,win_h,t_epoch,center_hz,psd_bandpower_uV2,lsb,n_lsb_in_window
ZERO_THREE_RIGHT,1,1752695229.0,24.4,0.2880228266248652,55.0,18
ZERO_THREE_RIGHT,1,1752695469.0,24.4,0.4055532695658465,55.0,18
ZERO_THREE_RIGHT,1,1752695969.75,24.4,0.19752599492413747,55.0,18
ZERO_THREE_RIGHT,1,1752713293.0,24.4,0.2323563062809451,54.5,24
ZERO_THREE_RIGHT,1,1752713546.0,24.4,0.3058978474146187,54.5,24
ZERO_THREE_RIGHT,1,1752713860.0,24.4,0.23559812771221844,54.5,24
ZERO_THREE_RIGHT,1,1752714370.25,24.4,0.25045903767810196,54.5,24
ZERO_THREE_RIGHT,1,1752715072.75,24.4,0.2126326824941029,54.5,24
ZERO_THREE_RIGHT,1,1753291811.0,13.7,0.591136283138068,156.0,16
ZERO_THREE_RIGHT,1,1753291949.2,13.7,0.6828033660391548,156.0,15
ZERO_THREE_RIGHT,1,1753389184.0,13.7,0.7786836240601349,154.5,16
ZERO_THREE_RIGHT,1,1753389245.95,13.7,0.6847795939733534,154.5,16
ZERO_THREE_RIGHT,1,1753545330.0,13.7,0.7011461545703707,179.0,9
ZERO_THREE_RIGHT,1,1753545387.2,13.7,0.9424762053802086,179.0,9
ZERO_THREE_RIGHT,1,1754408830.0,23.4,0.3127741778855593,92.0,12
ZERO_THREE_RIGHT,1,1754408880.9,23.4,0.34351384463874673,92.0,12
ZERO_THREE_RIGHT,1,1754514803.0,23.4,0.2969160294956994,121.0,1
ZERO_THREE_RIGHT,1,1754514868.55,23.4,0.32702808156381147,121.0,1
ZERO_THREE_RIGHT,1,1754597026.0,23.4,0.31267509037845703,78.0,11
ZERO_THREE_RIGHT,1,1754597073.55,23.4,0.1789182213172043,78.0,11
ZERO_THREE_RIGHT,1,1754666941.0,23.4,0.4146699694424909,105.0,11
ZERO_THREE_RIGHT,1,1754667035.25,23.4,0.4610808674340375,105.0,11
ZERO_THREE_RIGHT,1,1754792936.55,23.4,0.4779795795276523,139.0,12
ZERO_THREE_RIGHT,1,1754841444.0,23.4,0.3955958575783586,92.0,10
ZERO_THREE_RIGHT,1,1754841490.3,23.4,0.33414938610897243,92.0,10
ZERO_THREE_RIGHT,1,1754843534.3,23.4,0.2888005574792274,85.0,2
ZERO_THREE_RIGHT,1,1754843717.8,23.4,0.3479860807893999,85.0,2
ZERO_THREE_RIGHT,1,1755200288.0,23.4,0.395269253229641,98.0,3
ZERO_THREE_RIGHT,1,1755200349.2,23.4,0.5768979286156309,98.0,3
ZERO_THREE_RIGHT,1,1755295317.0,23.4,0.7424095167010129,169.0,2
ZERO_THREE_RIGHT,1,1755295372.8,23.4,1.8155285854081866,169.0,2
ZERO_THREE_RIGHT,1,1755295404.8,23.4,0.7748812752339513,169.0,2
ZERO_THREE_RIGHT,1,1755373155.0,23.4,0.2933543062014818,92.0,15
ZERO_THREE_RIGHT,1,1755373209.85,23.4,0.3340089838404344,92.0,15
ZERO_THREE_RIGHT,1,1755646739.0,23.4,0.5759712214409092,92.0,21
ZERO_THREE_RIGHT,1,1755646784.7,23.4,0.37957894432484085,92.0,21
ZERO_THREE_RIGHT,1,1755699552.0,23.4,0.4239620519119556,137.0,15
ZERO_THREE_RIGHT,1,1755699604.15,23.4,0.25092880700237913,137.0,15
ZERO_THREE_RIGHT,1,1755699958.6,23.4,0.28527347128830205,124.5,12
ZERO_THREE_RIGHT,1,1755803308.05,8.8,1.2887595916589771,372.5,2500
ZERO_THREE_RIGHT,1,1755803886.0,8.8,1.14200295243487,371.0,3351
ZERO_THREE_RIGHT,1,1755804033.0,8.8,1.3947436546805874,367.0,3630
ZERO_THREE_RIGHT,1,1755804652.0,8.8,1.3901390577524664,358.0,4867
ZERO_THREE_RIGHT,1,1755805647.5,8.8,1.0565740305163034,357.0,5335
ZERO_THREE_RIGHT,1,1755805769.25,8.8,1.0519914013446166,357.0,5335
ZERO_THREE_RIGHT,1,1755805854.5,8.8,1.5842194359669493,357.0,5335
ZERO_THREE_RIGHT,1,1755807096.25,8.8,1.3141778654166152,357.0,5346
ZERO_THREE_RIGHT,1,1755807145.5,8.8,1.9064628342642838,357.0,5346
ZERO_THREE_RIGHT,1,1755807556.75,8.8,1.152761498946678,357.0,5346
ZERO_THREE_RIGHT,1,1755809368.0,8.8,1.3452547786134035,355.4000000000002,5116
ZERO_THREE_RIGHT,1,1755809552.0,8.8,1.0549581247550701,348.0,4765
ZERO_THREE_RIGHT,1,1755893201.0,23.4,0.4097074940800778,460.0,10
ZERO_THREE_RIGHT,1,1755893268.5,23.4,0.27269923140059604,467.0,9
ZERO_THREE_RIGHT,1,1755965888.0,7.8,1.9152836061917229,500.0,5
ZERO_THREE_RIGHT,1,1755965935.4,7.8,2.255048864121853,500.0,5
ZERO_THREE_RIGHT,1,1756144928.0,7.8,1.419402918957867,487.5,12
ZERO_THREE_RIGHT,1,1756144976.15,7.8,1.9759758582959581,477.0,10
ZERO_THREE_RIGHT,1,1756233495.0,7.8,1.3094586021368402,568.5,12
ZERO_THREE_RIGHT,1,1756233542.8,7.8,1.7284122313471348,568.5,12
ZERO_THREE_RIGHT,1,1756395679.0,7.8,1.383345646493349,668.0,9
ZERO_THREE_RIGHT,1,1756395731.9,7.8,2.346119734508391,668.0,9
ZERO_THREE_RIGHT,1,1756482749.0,8.8,1.2502024271054453,361.0,9
ZERO_THREE_RIGHT,1,1756482804.1,8.8,1.4671891181790604,361.0,9
ZERO_THREE_RIGHT,1,1756573715.45,8.8,1.520547791906969,352.0,8
ZERO_THREE_RIGHT,1,1756661722.0,8.8,1.3644527269875764,298.0,13
ZERO_THREE_RIGHT,1,1756661769.1,8.8,1.563950032500325,298.0,13
ZERO_THREE_RIGHT,1,1756741759.0,8.8,1.4686880044662909,567.0,19
ZERO_THREE_RIGHT,1,1756741805.45,8.8,1.6299942288164373,567.0,19
ZERO_THREE_RIGHT,1,1756846795.0,8.8,1.7072267299732258,625.0,19
ZERO_THREE_RIGHT,1,1756846890.85,8.8,1.6042488970288835,625.0,19
ZERO_THREE_RIGHT,1,1756925347.0,8.8,1.6110640537006993,552.0,11
ZERO_THREE_RIGHT,1,1756925404.9,8.8,2.2105086535458804,552.0,11
ZERO_THREE_RIGHT,1,1757012063.65,8.8,1.5818745878616083,282.0,538
ZERO_THREE_RIGHT,1,1757013010.0,8.8,0.9654727545964464,264.0,1311
ZERO_THREE_RIGHT,1,1757013158.0,8.8,1.2541033420417267,264.0,1311
ZERO_THREE_RIGHT,1,1757013476.0,8.8,1.5560725324836553,264.0,1311
ZERO_THREE_RIGHT,1,1757015027.6,8.8,1.2684459027176507,264.0,1308
ZERO_THREE_RIGHT,1,1757015068.1,8.8,1.324291781552109,264.0,1308
ZERO_THREE_RIGHT,1,1757015242.85,8.8,1.4105251199123945,264.0,1308
ZERO_THREE_RIGHT,1,1757015460.85,8.8,1.156092325247371,264.0,1308
ZERO_THREE_RIGHT,1,1757015489.85,8.8,0.6752407720254432,264.0,1308
ZERO_THREE_RIGHT,1,1757015533.0,8.8,1.0995775092035736,264.0,1308
ZERO_THREE_RIGHT,1,1757015675.85,8.8,1.3079994921352056,264.0,1308
ZERO_THREE_RIGHT,1,1757016238.0,8.8,1.5792245019296096,264.0,1308
ZERO_THREE_RIGHT,1,1757018498.0,8.8,1.2795663496327483,299.0,2614
ZERO_THREE_RIGHT,1,1757019824.0,8.8,1.0646775727905227,328.0,1309
ZERO_THREE_RIGHT,1,1757020081.0,8.8,1.1673827012828517,328.0,1309
ZERO_THREE_RIGHT,1,1757020236.0,8.8,1.6236652465027306,328.0,1309
ZERO_THREE_RIGHT,1,1757020251.0,8.8,1.304355617197388,328.0,1309
ZERO_THREE_RIGHT,1,1757020276.0,8.8,1.1537897536621997,328.0,1309
ZERO_THREE_RIGHT,1,1757020453.0,8.8,1.1407801541177462,328.0,1310
ZERO_THREE_RIGHT,1,1757081970.8,8.8,1.4959342455789146,421.0,5
ZERO_THREE_RIGHT,1,1757175583.0,11.7,1.0676227320665874,406.5,8
ZERO_THREE_RIGHT,1,1757175637.2,11.7,0.9069860115562945,406.5,8
ZERO_THREE_RIGHT,1,1757259890.0,11.7,2.8354727773647594,471.5,12
ZERO_THREE_RIGHT,1,1757260165.0,11.7,2.8354727773647594,471.5,12
ZERO_THREE_RIGHT,1,1757282319.0,11.7,1.68648988923601,358.0,3
ZERO_THREE_RIGHT,1,1757282388.6,11.7,2.433911169090549,358.0,3
ZERO_THREE_RIGHT,1,1757446374.0,11.7,1.5877203528550132,807.0,15
ZERO_THREE_RIGHT,1,1757446429.6,11.7,1.9705873660323103,807.0,15
ZERO_THREE_RIGHT,1,1757534891.0,11.7,1.6551796377142822,1018.0,2
ZERO_THREE_RIGHT,1,1757534944.0,11.7,1.2179791041439907,1018.0,2
ZERO_THREE_RIGHT,1,1757638037.0,11.7,0.9172185800219153,327.0,10
ZERO_THREE_RIGHT,1,1757638555.7,11.7,0.704513935127238,327.0,9
ZERO_THREE_RIGHT,1,1757638694.45,11.7,1.045461063243038,327.0,9
ZERO_THREE_RIGHT,1,1757697570.0,11.7,1.3823298096241525,519.0,10
ZERO_THREE_RIGHT,1,1757697621.8,11.7,1.4901460884004094,532.5,8
ZERO_THREE_RIGHT,1,1757786183.0,11.7,1.263493045342012,427.0,10
ZERO_THREE_RIGHT,1,1757786233.75,11.7,1.086571323418145,427.0,10
ZERO_THREE_RIGHT,1,1757787270.25,11.7,1.356113920552543,444.0,10
ZERO_THREE_RIGHT,1,1757874346.0,11.7,2.8343544682433377,394.0,22
ZERO_THREE_RIGHT,1,1757874460.0,11.7,2.8343544682433377,394.0,19
ZERO_THREE_RIGHT,1,1757874526.0,11.7,2.8343544682433377,394.0,19
ZERO_THREE_RIGHT,1,1757874621.0,11.7,2.8343544682433377,394.0,19
ZERO_THREE_RIGHT,1,1757875299.0,8.8,1.3730762854698904,400.5,18
ZERO_THREE_RIGHT,1,1757875360.4,8.8,1.8665486826192383,400.5,18
ZERO_THREE_RIGHT,1,1757970484.0,8.8,1.9760463655158413,535.5,12
ZERO_THREE_RIGHT,1,1757970532.7,8.8,1.871928012298793,535.5,12
ZERO_THREE_RIGHT,1,1758042868.0,11.7,1.3004865762402533,865.0,15
ZERO_THREE_RIGHT,1,1758042915.35,11.7,1.126313383371087,865.0,15
ZERO_THREE_RIGHT,1,1758124145.0,11.7,1.5668009495725421,896.0,17
ZERO_THREE_RIGHT,1,1758124190.9,11.7,2.1792890680777384,896.0,17
ZERO_THREE_RIGHT,1,1758216797.0,8.8,9.57724073701645,421.0,2207
ZERO_THREE_RIGHT,1,1758216975.0,8.8,2.227262684003786,421.0,2207
ZERO_THREE_RIGHT,1,1758217549.0,8.8,1.9361787342073908,440.0,2853
ZERO_THREE_RIGHT,1,1758217763.0,8.8,1.8845541698010235,440.0,2853
ZERO_THREE_RIGHT,1,1758217946.5,8.8,12.464369861859598,440.0,2851
ZERO_THREE_RIGHT,1,1758218911.0,8.8,1.8456588931627924,440.0,2849
ZERO_THREE_RIGHT,1,1758219004.0,8.8,1.6027323136059928,440.0,2849
ZERO_THREE_RIGHT,1,1758219888.5,8.8,2.882413536727635,440.0,2849
ZERO_THREE_RIGHT,1,1758219922.75,8.8,1.8694129448860184,440.0,2849
ZERO_THREE_RIGHT,1,1758220645.75,8.8,3.0196513676464303,440.0,2849
ZERO_THREE_RIGHT,1,1758220736.75,8.8,2.801420759156043,440.0,2849
ZERO_THREE_RIGHT,1,1758220775.0,8.8,4.450952104735254,440.0,2849
ZERO_THREE_RIGHT,1,1758220800.75,8.8,3.6446425216587275,440.0,2849
ZERO_THREE_RIGHT,1,1758415611.0,10.7,1.837568595540587,556.0,12
ZERO_THREE_RIGHT,1,1758415664.55,10.7,1.5576075818461814,556.0,12
ZERO_THREE_RIGHT,1,1758482034.0,10.7,1.7806438352706222,717.0,12
ZERO_THREE_RIGHT,1,1758482081.75,10.7,1.7758935342390574,717.0,12
ZERO_THREE_RIGHT,1,1758640251.0,10.7,1.129087090562716,762.0,11
ZERO_THREE_RIGHT,1,1758640311.15,10.7,1.334481930805666,730.0,12
ZERO_THREE_RIGHT,1,1758737856.0,10.7,1.4498744913345167,488.0,12
ZERO_THREE_RIGHT,1,1758737902.2,10.7,1.3198151994299883,488.0,12
ZERO_THREE_RIGHT,1,1758814944.0,10.7,1.166262397173632,702.0,13
ZERO_THREE_RIGHT,1,1758814998.55,10.7,2.924036046839431,702.0,14
ZERO_THREE_RIGHT,1,1758901175.0,10.7,1.3412543382688618,1197.0,14
ZERO_THREE_RIGHT,1,1758901230.2,10.7,2.193167779676443,1197.0,14
ZERO_THREE_RIGHT,1,1758989044.0,10.7,3.1521283234065463,832.0,23
ZERO_THREE_RIGHT,1,1758989091.45,10.7,2.7173698045901027,832.0,23
ZERO_THREE_RIGHT,1,1759182634.0,10.7,2.265687386070699,731.0,15
ZERO_THREE_RIGHT,1,1759182701.3,10.7,1.8602486938552245,755.0,13
ZERO_THREE_RIGHT,1,1759249518.0,10.7,2.9868604819936793,1403.0,23
ZERO_THREE_RIGHT,1,1759249566.8,10.7,1.8698583868119596,1403.0,23
ZERO_THREE_RIGHT,1,1759339071.0,10.7,2.132742541918592,797.0,9
ZERO_THREE_RIGHT,1,1759339163.45,10.7,1.8340156808727315,797.0,9
ZERO_THREE_RIGHT,1,1759429368.0,10.7,1.175283610366143,602.5,4
ZERO_THREE_RIGHT,1,1759429850.35,8.8,2.0576400956413377,613.0,946
ZERO_THREE_RIGHT,1,1759430733.0,8.8,2.387586918021669,606.0,2306
ZERO_THREE_RIGHT,1,1759430946.0,8.8,7.084655981347015,606.0,2326
ZERO_THREE_RIGHT,1,1759431967.0,8.8,1.6865389489255598,706.5,4168
ZERO_THREE_RIGHT,1,1759432978.8,8.8,4.2782023252630985,746.0,5406
ZERO_THREE_RIGHT,1,1759433493.0,8.8,2.2812758700473394,746.0,5406
ZERO_THREE_RIGHT,1,1759433493.0,8.8,1.9998732719539003,746.0,5406
ZERO_THREE_RIGHT,1,1759433629.0,8.8,2.206089951261039,746.0,5406
ZERO_THREE_RIGHT,1,1759433682.0,8.8,5.856666829447403,746.0,5406
ZERO_THREE_RIGHT,1,1759433683.0,8.8,2.4605180248923046,746.0,5406
ZERO_THREE_RIGHT,1,1759433724.0,8.8,2.505664329751461,746.0,5406
ZERO_THREE_RIGHT,1,1759433760.0,8.8,4.036309533865393,746.0,5406
ZERO_THREE_RIGHT,1,1759433760.0,8.8,5.418505799337542,746.0,5406
ZERO_THREE_RIGHT,1,1759433762.0,8.8,3840.0540312006656,746.0,5406
ZERO_THREE_RIGHT,1,1759433765.0,8.8,2.4648618322847886,746.0,5406
ZERO_THREE_RIGHT,1,1759433802.0,8.8,10.714139341820093,746.0,5406
ZERO_THREE_RIGHT,1,1759433803.0,8.8,1.6828249139714118,746.0,5406
ZERO_THREE_RIGHT,1,1759434324.0,8.8,7.577783559003466,746.0,5406
ZERO_THREE_RIGHT,1,1759434447.0,8.8,1.7715129288882805,746.0,5406
ZERO_THREE_RIGHT,1,1759434638.0,8.8,1.9093101680405553,746.0,5406
ZERO_THREE_RIGHT,1,1759434937.0,8.8,6.613643685380916,746.0,5406
ZERO_THREE_RIGHT,1,1759435719.0,8.8,3.39215534488193,746.0,5406
ZERO_THREE_RIGHT,1,1759435787.0,8.8,4.446779612861224,746.0,5406
ZERO_THREE_RIGHT,1,1759436369.0,8.8,2.1754430363246477,746.0,5406
ZERO_THREE_RIGHT,1,1759436420.0,8.8,2.326567121653757,746.0,5406
ZERO_THREE_RIGHT,1,1759699605.0,10.7,1.7062425960609189,2642.5,4
ZERO_THREE_RIGHT,1,1759699655.75,10.7,2.414162438697266,2488.0,3
ZERO_THREE_RIGHT,1,1759798385.0,9.8,1.2232106016017714,495.0,9
ZERO_THREE_RIGHT,1,1759798430.25,9.8,1.4772087745494082,495.0,9
ZERO_THREE_RIGHT,1,1759877986.0,9.8,5.082714956861697,830.5,12
ZERO_THREE_RIGHT,1,1759878081.0,9.8,5.082714956861697,830.5,12
ZERO_THREE_RIGHT,1,1759943625.0,9.8,3.8262946589444,761.5,8
ZERO_THREE_RIGHT,1,1759943720.0,9.8,3.8262946589444,761.0,9
ZERO_THREE_RIGHT,1,1759953267.0,9.8,1.347713987394342,490.0,12
ZERO_THREE_RIGHT,1,1759953393.4,9.8,1.9493871791490347,494.0,13
ZERO_THREE_RIGHT,1,1759953761.65,9.8,1.780910717499924,494.0,13
ZERO_THREE_RIGHT,1,1760058342.0,9.8,2.4792790254943275,616.0,14
ZERO_THREE_RIGHT,1,1760058395.05,9.8,1.6404549547557226,616.0,13
ZERO_THREE_RIGHT,1,1760112968.0,9.8,3.0248150530179876,746.0,23
ZERO_THREE_RIGHT,1,1760113046.0,9.8,2.2361467904425756,746.0,25
ZERO_THREE_RIGHT,1,1760466005.0,8.8,1.7891308490068585,429.0,3829
ZERO_THREE_RIGHT,1,1760466391.5,8.8,1.7214173325804718,429.0,4223
ZERO_THREE_RIGHT,1,1760466834.0,8.8,1.7557031187668084,429.0,4223
ZERO_THREE_RIGHT,1,1760467162.75,8.8,1.2770807540760718,429.0,4223
ZERO_THREE_RIGHT,1,1760467262.25,8.8,1.4197460226924339,427.0,4239
ZERO_THREE_RIGHT,1,1760467912.0,8.8,1.3217978966305475,448.0,5390
ZERO_THREE_RIGHT,1,1760468504.5,8.8,1.693986714263477,452.0,6549
ZERO_THREE_RIGHT,1,1760468852.5,8.8,4.921549890094495,449.0,7089
ZERO_THREE_RIGHT,1,1760469532.5,8.8,4.501255261496337,458.0,7890
ZERO_THREE_RIGHT,1,1760469538.75,8.8,2.953561552236921,458.0,7890
ZERO_THREE_RIGHT,1,1760469588.25,8.8,1.4762544588728685,458.0,7890
ZERO_THREE_RIGHT,1,1760470029.0,8.8,1.6069477980476135,458.0,8029
ZERO_THREE_RIGHT,1,1760470439.0,8.8,1.233198277926888,455.0,8829
ZERO_THREE_RIGHT,1,1760470852.0,8.8,1.1195905820790728,456.0,8685
ZERO_THREE_RIGHT,1,1760470865.0,8.8,2.440089406962413,456.0,8667
ZERO_THREE_RIGHT,1,1760471201.0,8.8,2.3813101708049906,458.0,7996
ZERO_THREE_RIGHT,1,1760471256.0,8.8,1.1093367502779086,459.0,7886
ZERO_THREE_RIGHT,1,1760471264.0,8.8,1.7673513506116443,459.0,7870
ZERO_THREE_RIGHT,1,1760471728.0,8.8,3.3218439860679507,460.5,6956
ZERO_THREE_RIGHT,1,1760471729.0,8.8,1.3610624323502676,460.0,6954
ZERO_THREE_RIGHT,1,1760471944.0,8.8,1.4392548194618888,460.0,6524
ZERO_THREE_RIGHT,1,1760472312.0,8.8,1.5776628799566337,462.0,5802
ZERO_THREE_RIGHT,1,1760472378.0,8.8,0.7919722910617268,464.0,5670
ZERO_THREE_RIGHT,1,1760472379.0,8.8,1.3228203207050997,464.0,5668
ZERO_THREE_RIGHT,1,1760472388.0,8.8,2.081989813357572,464.0,5650
ZERO_THREE_RIGHT,1,1760472500.0,8.8,1.557281283144138,468.0,5439
ZERO_THREE_RIGHT,1,1760472704.0,8.8,3.204468690705278,473.0,5148
ZERO_THREE_RIGHT,1,1760472712.0,8.8,2.8351500188569285,473.0,5148
ZERO_THREE_RIGHT,1,1760472883.0,8.8,2.062626087654009,473.0,5148
ZERO_THREE_RIGHT,1,1760473380.0,8.8,2.5855617617437914,473.0,4688
ZERO_THREE_RIGHT,1,1760473551.0,8.8,1.3929233335571969,473.0,4645
ZERO_THREE_RIGHT,1,1760473591.0,8.8,1.2220376463040412,473.0,4645
ZERO_THREE_RIGHT,1,1760577532.0,8.3,3.1498698090206183,1149.0,16
ZERO_THREE_RIGHT,1,1760577580.05,8.3,3.0221861553798632,1149.0,16
ZERO_THREE_RIGHT,1,1760578118.55,8.8,5.200056220693649,1149.0,17
ZERO_THREE_RIGHT,1,1760630765.0,8.8,4.931026172260464,3244.0,23
ZERO_THREE_RIGHT,1,1760630812.0,8.8,3.919153124989782,3244.0,23
ZERO_THREE_RIGHT,1,1760717838.0,8.8,2.310799872728765,2827.0,10
ZERO_THREE_RIGHT,1,1760717973.7,8.8,2.3506796091864284,2827.0,10
ZERO_THREE_RIGHT,1,1761088577.0,8.8,1.4928622584107762,342.0,4313
ZERO_THREE_RIGHT,1,1761088937.0,8.8,1.3713351176955366,342.0,4313
ZERO_THREE_RIGHT,1,1761089179.95,8.8,1.494430291665593,342.0,4313
ZERO_THREE_RIGHT,1,1761089262.45,8.8,1.1370242456317494,342.0,4313
ZERO_THREE_RIGHT,1,1761089862.0,8.8,0.7465353212560525,342.0,4316
ZERO_THREE_RIGHT,1,1761089974.0,8.8,1.4006335756761101,342.0,4319
ZERO_THREE_RIGHT,1,1761090661.0,8.8,1.5684758322270649,342.0,4322
ZERO_THREE_RIGHT,1,1761091498.0,8.8,1.4252845548338589,342.0,4325
ZERO_THREE_RIGHT,1,1761092844.0,8.8,2.9981867545316185,342.0,4321
ZERO_THREE_RIGHT,1,1761092939.0,8.8,2.9981867545316185,342.0,4170
ZERO_THREE_RIGHT,1,1761092955.0,8.8,2.6710813365157664,342.0,4138
ZERO_THREE_RIGHT,1,1761093050.0,8.8,2.6710813365157664,342.0,3948
ZERO_THREE_RIGHT,1,1761095799.0,8.8,3.0529839014812827,354.0,33
ZERO_THREE_RIGHT,1,1761095894.0,8.8,3.0529839014812827,354.0,36
ZERO_THREE_RIGHT,1,1761096112.0,8.8,3.270495025597806,354.0,36
ZERO_THREE_RIGHT,1,1761096207.0,8.8,3.270495025597806,354.0,36
ZERO_THREE_RIGHT,1,1761109354.0,8.8,3.162578195380611,379.0,36
ZERO_THREE_RIGHT,1,1761109449.0,8.8,3.162578195380611,379.0,36
ZERO_THREE_RIGHT,1,1761152957.0,8.8,3.651838436002611,527.0,21
ZERO_THREE_RIGHT,1,1761152957.0,8.8,3.651838436002611,527.0,21
ZERO_THREE_RIGHT,1,1761153052.0,8.8,3.651838436002611,527.0,21
ZERO_THREE_RIGHT,1,1761153159.0,8.8,3.8173481859730254,527.0,21
ZERO_THREE_RIGHT,1,1761153159.0,8.8,3.8173481859730254,527.0,21
ZERO_THREE_RIGHT,1,1761153254.0,8.8,3.8173481859730254,527.0,21
ZERO_THREE_RIGHT,1,1761167827.0,8.8,3.2173753423302753,399.0,33
ZERO_THREE_RIGHT,1,1761167922.0,8.8,3.2173753423302753,399.0,33
ZERO_THREE_RIGHT,1,1761167942.0,8.8,2.8343544682433373,399.0,33
ZERO_THREE_RIGHT,1,1761168037.0,8.8,2.8343544682433373,399.0,33
ZERO_THREE_RIGHT,1,1761247087.0,8.8,1.2995348033825047,431.0,21
ZERO_THREE_RIGHT,1,1761247282.7,8.8,1.5105005020142226,403.0,20
ZERO_THREE_RIGHT,1,1761267529.0,9.8,3.1709655137912742,447.0,24
ZERO_THREE_RIGHT,1,1761267624.0,9.8,3.1709655137912742,393.0,24
ZERO_THREE_RIGHT,1,1761267736.0,9.8,3.8262946589443994,393.0,24
ZERO_THREE_RIGHT,1,1761267831.0,9.8,3.8262946589443994,393.0,24
ZERO_THREE_RIGHT,1,1761320215.0,9.8,4.209315533031337,1912.5,24
ZERO_THREE_RIGHT,1,1761320310.0,9.8,4.209315533031337,1912.5,24
ZERO_THREE_RIGHT,1,1761320338.0,9.8,9.621931680712441,1912.5,24
ZERO_THREE_RIGHT,1,1761320433.0,9.8,9.621931680712441,1912.5,24
ZERO_THREE_RIGHT,1,1761344793.0,9.8,3.3347978000795555,719.5,24
ZERO_THREE_RIGHT,1,1761344888.0,9.8,3.3347978000795555,719.5,24
ZERO_THREE_RIGHT,1,1761345080.0,9.8,6.014825609566697,624.0,24
ZERO_THREE_RIGHT,1,1761345175.0,9.8,6.014825609566697,624.0,24
ZERO_THREE_RIGHT,1,1761347609.0,9.8,3.8816509604547744,525.5,24
ZERO_THREE_RIGHT,1,1761347704.0,9.8,3.8816509604547744,525.5,24
ZERO_THREE_RIGHT,1,1761348029.0,9.8,3.3895949470292193,525.5,24
ZERO_THREE_RIGHT,1,1761348124.0,9.8,3.3895949470292193,525.5,24
ZERO_THREE_RIGHT,1,1761348271.0,9.8,3.1709655137912742,525.5,24
ZERO_THREE_RIGHT,1,1761348366.0,9.8,3.1709655137912742,525.5,24
ZERO_THREE_RIGHT,1,1761348515.0,9.8,2.8975389336036645,525.5,24
ZERO_THREE_RIGHT,1,1761348610.0,9.8,2.8975389336036645,525.5,24
ZERO_THREE_RIGHT,1,1761411351.0,9.8,4.318350672369954,2004.0,22
ZERO_THREE_RIGHT,1,1761411446.0,9.8,4.318350672369954,2004.0,22
ZERO_THREE_RIGHT,1,1761413329.0,9.8,16.951329662510364,2814.0,24
ZERO_THREE_RIGHT,1,1761413424.0,9.8,16.951329662510364,2814.0,24
ZERO_THREE_RIGHT,1,1761417187.0,9.8,2.842741786654001,2843.5,24
ZERO_THREE_RIGHT,1,1761417262.0,9.8,4.264112679981001,2843.5,24
ZERO_THREE_RIGHT,1,1761417282.0,9.8,2.842741786654001,2843.5,24
ZERO_THREE_RIGHT,1,1761417357.0,9.8,4.264112679981001,2843.5,24
ZERO_THREE_RIGHT,1,1761505345.0,9.8,3.9912452543541024,1448.5,24
ZERO_THREE_RIGHT,1,1761505440.0,9.8,3.9912452543541024,1448.5,24
ZERO_THREE_RIGHT,1,1761505479.0,9.8,20.277180989618547,1448.5,24
ZERO_THREE_RIGHT,1,1761505574.0,9.8,20.277180989618547,1448.5,24
ZERO_THREE_RIGHT,1,1761614260.0,9.8,3.3890357924685093,816.0,22
ZERO_THREE_RIGHT,1,1761614355.0,9.8,3.3890357924685093,790.5,20
ZERO_THREE_RIGHT,1,1761614525.0,9.8,3.608224380267165,790.5,20
ZERO_THREE_RIGHT,1,1761614620.0,9.8,3.608224380267165,790.5,20
ZERO_THREE_RIGHT,1,1761671401.0,9.8,3.0608120653312354,3008.0,24
ZERO_THREE_RIGHT,1,1761671496.0,9.8,3.0608120653312354,3008.0,24
ZERO_THREE_RIGHT,1,1761671506.0,9.8,3.662462372656118,3008.0,24
ZERO_THREE_RIGHT,1,1761671601.0,9.8,3.662462372656118,3008.0,24
ZERO_THREE_RIGHT,1,1761682148.0,9.8,3.8805326513333527,2368.0,24
ZERO_THREE_RIGHT,1,1761682243.0,9.8,3.8805326513333527,2368.0,24
ZERO_THREE_RIGHT,1,1761682244.0,9.8,4.866322141866595,2368.0,24
ZERO_THREE_RIGHT,1,1761682339.0,9.8,4.866322141866595,2368.0,24
ZERO_THREE_RIGHT,1,1761701526.0,9.8,3.9906860997933915,1428.5,24
ZERO_THREE_RIGHT,1,1761701621.0,9.8,3.9906860997933915,1428.5,24
ZERO_THREE_RIGHT,1,1761701648.0,9.8,3.5528680787567897,1428.5,24
ZERO_THREE_RIGHT,1,1761701743.0,9.8,3.5528680787567897,1248.0,24
ZERO_THREE_RIGHT,1,1761773044.0,9.8,4.482182958658235,3651.0,9
ZERO_THREE_RIGHT,1,1761773139.0,9.8,4.482182958658235,3109.0,10
ZERO_THREE_RIGHT,1,1761847372.0,9.8,4.8115249949169305,798.0,14
ZERO_THREE_RIGHT,1,1761847467.0,9.8,4.8115249949169305,798.0,14
ZERO_THREE_RIGHT,1,1761848473.0,9.8,7.575046578788663,876.0,10
ZERO_THREE_RIGHT,1,1761848611.0,9.8,1.32075516975193,876.0,10
ZERO_THREE_RIGHT,1,1761849085.0,9.8,2.5443231101346586,905.5,8
ZERO_THREE_RIGHT,1,1761849513.25,9.8,1.7870817319219174,876.0,6
ZERO_THREE_RIGHT,1,1761852296.7,8.8,2.168810321999437,810.0,2735
ZERO_THREE_RIGHT,1,1761853215.95,8.8,1.2184936949437815,854.0,2867
ZERO_THREE_RIGHT,1,1761853236.2,8.8,4.129839966278602,854.0,2867
ZERO_THREE_RIGHT,1,1761853676.2,8.8,1.4256661696230675,854.0,2867
ZERO_THREE_RIGHT,1,1761854548.0,8.8,3.739076813079482,854.0,2869
ZERO_THREE_RIGHT,1,1761855605.0,8.8,5.915020753949719,854.0,2871
ZERO_THREE_RIGHT,1,1761926759.0,9.8,3.334238645518845,1470.5,12
ZERO_THREE_RIGHT,1,1761926798.0,9.8,3.608224380267165,1470.5,12
ZERO_THREE_RIGHT,1,1761926854.0,9.8,3.334238645518845,1470.5,12
ZERO_THREE_RIGHT,1,1761926893.0,9.8,3.608224380267165,1470.5,12
ZERO_THREE_RIGHT,1,1761927324.0,9.8,3.990126945232681,1392.0,12
ZERO_THREE_RIGHT,1,1761927419.0,9.8,3.990126945232681,1392.0,12
ZERO_THREE_RIGHT,1,1761952409.0,9.8,11.809903476774027,3569.0,9
ZERO_THREE_RIGHT,1,1761952504.0,9.8,11.809903476774027,3569.0,9
ZERO_THREE_RIGHT,1,1761960224.0,9.8,5.35837815529215,2717.5,2
ZERO_THREE_RIGHT,1,1762016425.0,8.8,6.103731184719722,5243.0,6
ZERO_THREE_RIGHT,1,1762016520.0,8.8,6.103731184719722,5243.0,6
ZERO_THREE_RIGHT,1,1762016693.0,8.8,5.9946960453811045,5531.0,5
ZERO_THREE_RIGHT,1,1762016788.0,8.8,5.9946960453811045,5531.0,5
ZERO_THREE_RIGHT,1,1762189605.0,8.8,3.325851327108182,440.0,11
ZERO_THREE_RIGHT,1,1762189700.0,8.8,3.325851327108182,440.0,11
ZERO_THREE_RIGHT,1,1762193281.0,8.8,3.8156707222908928,384.0,5
ZERO_THREE_RIGHT,1,1762193376.0,8.8,3.8156707222908928,384.0,5
ZERO_THREE_RIGHT,1,1762291999.0,8.8,4.034859310089549,729.0,8
ZERO_THREE_RIGHT,1,1762292156.0,8.8,3.816229876851603,729.0,8
ZERO_THREE_RIGHT,1,1762292251.0,8.8,3.816229876851603,729.0,8
ZERO_THREE_RIGHT,1,1762292719.0,8.8,3.543362451224705,704.0,7
ZERO_THREE_RIGHT,1,1762292814.0,8.8,3.543362451224705,704.0,7
ZERO_THREE_RIGHT,1,1762621601.0,8.8,4.360287264423268,1072.0,9
ZERO_THREE_RIGHT,1,1762621696.0,8.8,4.360287264423268,970.5,8
ZERO_THREE_RIGHT,1,1762622364.0,8.8,3.870467869240557,869.0,7
ZERO_THREE_RIGHT,1,1762622459.0,8.8,3.870467869240557,869.0,7
ZERO_THREE_RIGHT,1,1762716568.0,8.8,3.869908714679846,1533.5,8
ZERO_THREE_RIGHT,1,1762716663.0,8.8,3.869908714679846,1533.5,8
ZERO_THREE_RIGHT,1,1762717055.0,8.8,3.869908714679846,1640.0,7
ZERO_THREE_RIGHT,1,1762717291.0,8.8,3.8162298768516036,1640.0,7
ZERO_THREE_RIGHT,1,1762717386.0,8.8,3.8162298768516036,1840.5,6
ZERO_THREE_RIGHT,1,1762717514.0,8.8,3.869908714679846,1840.5,6
ZERO_THREE_RIGHT,1,1762717778.0,8.8,3.8162298768516036,1840.5,6
ZERO_THREE_RIGHT,1,1762718116.0,8.8,3.869908714679846,2254.0,5
ZERO_THREE_RIGHT,1,1762718237.0,8.8,3.8162298768516036,2254.0,5
ZERO_THREE_RIGHT,1,1762718839.0,8.8,3.8162298768516036,1540.0,4
ZERO_THREE_RIGHT,1,1762793104.0,8.8,4.1427761403067445,882.5,12
ZERO_THREE_RIGHT,1,1762793199.0,8.8,4.1427761403067445,882.5,12
ZERO_THREE_RIGHT,1,1762793591.0,8.8,4.1427761403067445,868.0,12
ZERO_THREE_RIGHT,1,1762794050.0,8.8,4.1427761403067445,719.0,12
ZERO_THREE_RIGHT,1,1762794652.0,8.8,4.1427761403067445,719.0,12
ZERO_THREE_RIGHT,1,1762798302.0,8.8,4.469881558322596,542.0,7
ZERO_THREE_RIGHT,1,1762798397.0,8.8,4.469881558322596,542.0,7
ZERO_THREE_RIGHT,1,1762798789.0,8.8,4.469881558322596,560.5,6
ZERO_THREE_RIGHT,1,1762799248.0,8.8,4.469881558322596,560.5,6
ZERO_THREE_RIGHT,1,1762799850.0,8.8,4.469881558322596,540.0,5
ZERO_THREE_RIGHT,1,1762889921.0,8.8,4.4145252568122215,1269.0,8
ZERO_THREE_RIGHT,1,1762890313.0,8.8,4.4145252568122215,1269.0,8
ZERO_THREE_RIGHT,1,1762890772.0,8.8,4.4145252568122215,1260.0,9
ZERO_THREE_RIGHT,1,1762891374.0,8.8,4.4145252568122215,1203.5,10
ZERO_THREE_RIGHT,1,1762908776.0,8.8,3.760873575341229,2117.0,3
ZERO_THREE_RIGHT,1,1762908871.0,8.8,3.760873575341229,2117.0,3
ZERO_THREE_RIGHT,1,1762908959.0,8.8,3.979503008579173,2117.0,3
ZERO_THREE_RIGHT,1,1762909054.0,8.8,3.979503008579173,2117.0,3
ZERO_THREE_RIGHT,1,1762909263.0,8.8,3.760873575341229,1814.5,2
ZERO_THREE_RIGHT,1,1762909446.0,8.8,3.979503008579173,1814.5,2
ZERO_THREE_RIGHT,1,1762909722.0,8.8,3.760873575341229,1350.0,1
ZERO_THREE_RIGHT,1,1762909905.0,8.8,3.979503008579173,1350.0,1
ZERO_THREE_RIGHT,1,1763051150.0,9.8,7.217007915095041,2277.0,11
ZERO_THREE_RIGHT,1,1763051245.0,9.8,7.217007915095041,2380.5,10
ZERO_THREE_RIGHT,1,1763051637.0,9.8,7.217007915095041,2380.5,10
ZERO_THREE_RIGHT,1,1763052096.0,9.8,7.217007915095041,2484.0,9
ZERO_THREE_RIGHT,1,1763052506.0,9.8,3.5528680787567906,2380.5,8
ZERO_THREE_RIGHT,1,1763052601.0,9.8,3.5528680787567906,2380.5,8
ZERO_THREE_RIGHT,1,1763052698.0,9.8,7.217007915095041,2380.5,8
ZERO_THREE_RIGHT,1,1763052993.0,9.8,3.5528680787567906,2380.5,8
ZERO_THREE_RIGHT,1,1763053452.0,9.8,3.5528680787567906,2277.0,7
ZERO_THREE_RIGHT,1,1763054054.0,9.8,3.5528680787567906,2219.5,6
ZERO_THREE_RIGHT,1,1763139372.0,8.8,4.524119550711549,1443.0,1
ZERO_THREE_RIGHT,1,1763139625.0,8.8,6.922333461600419,1443.0,1
ZERO_THREE_RIGHT,1,1763139831.0,8.8,4.524119550711549,1443.0,1
ZERO_THREE_RIGHT,1,1763140084.0,8.8,6.922333461600419,1443.0,1
ZERO_THREE_RIGHT,1,1763140433.0,8.8,4.524119550711549,1443.0,1
ZERO_THREE_RIGHT,1,1763140686.0,8.8,6.922333461600419,1443.0,1
ZERO_THREE_RIGHT,1,1763179046.0,8.8,3.8704678692405565,1172.5,12
ZERO_THREE_RIGHT,1,1763179438.0,8.8,3.8704678692405565,1172.5,12
ZERO_THREE_RIGHT,1,1763179897.0,8.8,3.8704678692405565,1172.5,12
ZERO_THREE_RIGHT,1,1763180499.0,8.8,3.8704678692405565,1082.5,12
ZERO_THREE_RIGHT,1,1763225830.0,8.8,4.687392682439119,2588.5,18
ZERO_THREE_RIGHT,1,1763225925.0,8.8,4.687392682439119,3294.0,15
ZERO_THREE_RIGHT,1,1763226000.0,8.8,4.633154690050166,3294.0,15
ZERO_THREE_RIGHT,1,1763226095.0,8.8,4.633154690050166,3294.0,15
ZERO_THREE_RIGHT,1,1763226317.0,8.8,4.687392682439119,3294.0,15
ZERO_THREE_RIGHT,1,1763226487.0,8.8,4.633154690050166,3411.0,12
ZERO_THREE_RIGHT,1,1763226776.0,8.8,4.687392682439119,3411.0,12
ZERO_THREE_RIGHT,1,1763226946.0,8.8,4.633154690050166,3411.0,12
ZERO_THREE_RIGHT,1,1763227378.0,8.8,4.687392682439119,3294.0,9
ZERO_THREE_RIGHT,1,1763227548.0,8.8,4.633154690050166,3294.0,9
ZERO_THREE_RIGHT,1,1763238877.0,8.8,4.251811279645361,1315.0,1
ZERO_THREE_RIGHT,1,1763239037.0,8.8,4.360846418983979,1315.0,1
ZERO_THREE_RIGHT,1,1763239336.0,8.8,4.251811279645361,1867.0,2
ZERO_THREE_RIGHT,1,1763239496.0,8.8,4.360846418983979,1867.0,2
ZERO_THREE_RIGHT,1,1763239938.0,8.8,4.251811279645361,1406.0,3
ZERO_THREE_RIGHT,1,1763240098.0,8.8,4.360846418983979,1406.0,3
ZERO_THREE_RIGHT,1,1763342251.0,8.8,3.1614598862591894,1040.0,11
ZERO_THREE_RIGHT,1,1763342346.0,8.8,3.1614598862591894,1040.0,11
ZERO_THREE_RIGHT,1,1763342377.0,8.8,3.0529839014812827,1040.0,11
ZERO_THREE_RIGHT,1,1763342472.0,8.8,3.0529839014812827,1040.0,11
ZERO_THREE_RIGHT,1,1763342738.0,8.8,3.1614598862591894,518.0,10
ZERO_THREE_RIGHT,1,1763342864.0,8.8,3.0529839014812827,518.0,10
ZERO_THREE_RIGHT,1,1763343197.0,8.8,3.1614598862591894,494.0,9
ZERO_THREE_RIGHT,1,1763343323.0,8.8,3.0529839014812827,494.0,9
ZERO_THREE_RIGHT,1,1763343799.0,8.8,3.1614598862591894,468.5,8
ZERO_THREE_RIGHT,1,1763343925.0,8.8,3.0529839014812827,468.5,8
ZERO_THREE_RIGHT,1,1763345456.0,8.8,3.0529839014812827,470.5,6
ZERO_THREE_RIGHT,1,1763345683.0,8.8,3.1625781953806107,411.0,7
ZERO_THREE_RIGHT,1,1763345848.0,8.8,3.0529839014812827,411.0,7
ZERO_THREE_RIGHT,1,1763346075.0,8.8,3.1625781953806107,411.0,7
ZERO_THREE_RIGHT,1,1763346307.0,8.8,3.0529839014812827,470.5,8
ZERO_THREE_RIGHT,1,1763346534.0,8.8,3.1625781953806107,470.5,8
ZERO_THREE_RIGHT,1,1763346909.0,8.8,3.0529839014812827,433.0,9
ZERO_THREE_RIGHT,1,1763347136.0,8.8,3.1625781953806107,433.0,9
ZERO_THREE_RIGHT,1,1763398271.0,8.8,4.306049272034315,798.0,24
ZERO_THREE_RIGHT,1,1763398366.0,8.8,4.306049272034315,691.5,24
ZERO_THREE_RIGHT,1,1763398758.0,8.8,4.306049272034315,691.5,24
ZERO_THREE_RIGHT,1,1763399217.0,8.8,4.306049272034315,655.0,22
ZERO_THREE_RIGHT,1,1763399340.0,8.8,3.3800893194971353,655.0,22
ZERO_THREE_RIGHT,1,1763399732.0,8.8,3.3800893194971353,606.0,20
ZERO_THREE_RIGHT,1,1763399819.0,8.8,4.306049272034315,606.0,20
ZERO_THREE_RIGHT,1,1763400191.0,8.8,3.3800893194971353,557.0,18
ZERO_THREE_RIGHT,1,1763400793.0,8.8,3.3800893194971353,548.0,16
ZERO_THREE_RIGHT,1,1763429487.0,8.8,3.5976004436136586,643.0,1
ZERO_THREE_RIGHT,1,1763429682.0,8.8,3.9241467070687985,643.0,1
ZERO_THREE_RIGHT,1,1763429946.0,8.8,3.5976004436136586,612.5,2
ZERO_THREE_RIGHT,1,1763430141.0,8.8,3.9241467070687985,612.5,2
ZERO_THREE_RIGHT,1,1763430548.0,8.8,3.5976004436136586,643.0,3
ZERO_THREE_RIGHT,1,1763430743.0,8.8,3.9241467070687985,643.0,3
ZERO_THREE_RIGHT,1,1763481523.0,8.8,5.01393894589426,944.0,17
ZERO_THREE_RIGHT,1,1763481632.0,8.8,4.033181846407416,931.5,18
ZERO_THREE_RIGHT,1,1763481727.0,8.8,4.033181846407416,931.5,18
ZERO_THREE_RIGHT,1,1763481915.0,8.8,5.01393894589426,931.5,18
ZERO_THREE_RIGHT,1,1763482119.0,8.8,4.033181846407416,931.5,18
ZERO_THREE_RIGHT,1,1763482374.0,8.8,5.01393894589426,944.0,19
ZERO_THREE_RIGHT,1,1763482578.0,8.8,4.033181846407416,944.0,19
ZERO_THREE_RIGHT,1,1763482976.0,8.8,5.01393894589426,919.0,20
ZERO_THREE_RIGHT,1,1763483180.0,8.8,4.033181846407416,919.0,20
ZERO_THREE_RIGHT,1,1763488943.0,8.8,3.489124458835752,948.0,24
ZERO_THREE_RIGHT,1,1763489038.0,8.8,3.489124458835752,948.0,24
ZERO_THREE_RIGHT,1,1763489430.0,8.8,3.489124458835752,948.0,24
ZERO_THREE_RIGHT,1,1763489889.0,8.8,3.489124458835752,948.0,24
ZERO_THREE_RIGHT,1,1763490491.0,8.8,3.489124458835752,994.5,24
ZERO_THREE_RIGHT,1,1763515861.0,8.8,4.960819262626729,1239.0,1
ZERO_THREE_RIGHT,1,1763516142.0,8.8,3.979503008579174,1239.0,1
ZERO_THREE_RIGHT,1,1763516463.0,8.8,4.960819262626729,1196.5,2
ZERO_THREE_RIGHT,1,1763516629.0,8.8,3.979503008579174,1196.5,2
ZERO_THREE_RIGHT,1,1763517088.0,8.8,3.979503008579174,1154.0,3
ZERO_THREE_RIGHT,1,1763517690.0,8.8,3.979503008579174,998.0,4
ZERO_THREE_RIGHT,1,1763579965.0,8.8,4.255577772414551,78.0,3164
ZERO_THREE_RIGHT,1,1763580145.0,8.8,2.4896973967775,78.0,3164
ZERO_THREE_RIGHT,1,1763580355.0,8.8,2.2088478305246073,78.0,3164
ZERO_THREE_RIGHT,1,1763580608.0,8.8,2.3961719124276346,76.0,3420
ZERO_THREE_RIGHT,1,1763580851.45,8.8,2.184834709274166,76.0,3565
ZERO_THREE_RIGHT,1,1763581977.95,8.8,6.455749944309245,82.0,4897
ZERO_THREE_RIGHT,1,1763581989.95,8.8,8.801826872574585,82.0,4921
ZERO_THREE_RIGHT,1,1763582416.0,8.8,2.3194174227329674,80.0,5339
ZERO_THREE_RIGHT,1,1763582720.2,8.8,1.1230159234394608,80.0,5339
ZERO_THREE_RIGHT,1,1763582765.45,8.8,2.2227193918634423,80.0,5339
ZERO_THREE_RIGHT,1,1763582879.2,8.8,1.5782498967557324,80.0,5339
ZERO_THREE_RIGHT,1,1763582884.95,8.8,2.049832563389977,80.0,5339
ZERO_THREE_RIGHT,1,1763583191.2,8.8,1.6187873555302663,80.0,5339
ZERO_THREE_RIGHT,1,1763583885.0,8.8,1.378652451416833,80.0,5339
ZERO_THREE_RIGHT,1,1763584079.0,8.8,3.8155082436274252,80.0,5339
ZERO_THREE_RIGHT,1,1763584543.0,8.8,2.0557072457780086,79.0,5158
ZERO_THREE_RIGHT,1,1763584679.0,8.8,2.288011800178677,79.0,4886
ZERO_THREE_RIGHT,1,1763584740.0,8.8,2.824040330565334,79.0,4764
ZERO_THREE_RIGHT,1,1763585074.0,8.8,3.601801360033533,80.0,4096
ZERO_THREE_RIGHT,1,1763585408.0,8.8,2.105387345695587,81.0,3603
ZERO_THREE_RIGHT,1,1763585613.0,8.8,2.384898162248575,80.0,3550
ZERO_THREE_RIGHT,1,1763585666.0,8.8,2.4056629482636396,80.0,3444
ZERO_THREE_RIGHT,1,1763585885.4,8.8,2.265563232693437,80.0,3243
ZERO_THREE_RIGHT,1,1763659552.0,8.8,11.55828392445414,98.5,6
ZERO_THREE_RIGHT,1,1763660039.0,8.8,11.55828392445414,102.0,5
ZERO_THREE_RIGHT,1,1763660498.0,8.8,11.55828392445414,126.5,4
ZERO_THREE_RIGHT,1,1763661100.0,8.8,11.55828392445414,151.0,3
ZERO_THREE_RIGHT,1,1763763743.0,26.4,1.0389091738007736,62.0,6
ZERO_THREE_RIGHT,1,1763764000.0,26.4,1.0389091738007736,62.0,5
ZERO_THREE_RIGHT,1,1763764230.0,26.4,1.0389091738007736,62.0,5
ZERO_THREE_RIGHT,1,1763764459.0,26.4,1.0389091738007736,57.5,4
ZERO_THREE_RIGHT,1,1763764689.0,26.4,1.0389091738007736,57.5,4
ZERO_THREE_RIGHT,1,1763765061.0,26.4,1.0389091738007736,53.0,3
ZERO_THREE_RIGHT,1,1763765291.0,26.4,1.0389091738007736,53.0,3
ZERO_THREE_RIGHT,1,1763828756.0,26.4,1.2027414600890547,86.0,13
ZERO_THREE_RIGHT,1,1763829243.0,26.4,1.2027414600890547,79.5,12
ZERO_THREE_RIGHT,1,1763829702.0,26.4,1.2027414600890547,73.0,11
ZERO_THREE_RIGHT,1,1763830304.0,26.4,1.2027414600890547,72.5,10
ZERO_THREE_RIGHT,1,1763924180.0,26.4,1.6394411720042346,75.5,10
ZERO_THREE_RIGHT,1,1763924370.0,26.4,1.311776599427672,75.5,10
ZERO_THREE_RIGHT,1,1763924639.0,26.4,1.6394411720042346,74.0,9
ZERO_THREE_RIGHT,1,1763924857.0,26.4,1.311776599427672,74.0,9
ZERO_THREE_RIGHT,1,1763925241.0,26.4,1.6394411720042346,74.5,8
ZERO_THREE_RIGHT,1,1763925316.0,26.4,1.311776599427672,74.5,8
ZERO_THREE_RIGHT,1,1763925918.0,26.4,1.311776599427672,72.0,6
ZERO_THREE_RIGHT,1,1764002777.0,26.4,1.2569794524780078,60.0,5
ZERO_THREE_RIGHT,1,1764002811.0,26.4,1.311776599427672,60.0,5
ZERO_THREE_RIGHT,1,1764003236.0,26.4,1.2569794524780078,60.0,5
ZERO_THREE_RIGHT,1,1764003298.0,26.4,1.311776599427672,60.0,5
ZERO_THREE_RIGHT,1,1764003757.0,26.4,1.311776599427672,59.5,4
ZERO_THREE_RIGHT,1,1764003838.0,26.4,1.2569794524780078,59.5,4
ZERO_THREE_RIGHT,1,1764004359.0,26.4,1.311776599427672,59.0,3
ZERO_THREE_RIGHT,1,1764004817.0,26.4,1.311776599427672,57.0,2
ZERO_THREE_RIGHT,1,1764004817.0,26.4,1.311776599427672,57.0,2
ZERO_THREE_RIGHT,1,1764089592.0,26.4,0.9835528722903984,61.5,6
ZERO_THREE_RIGHT,1,1764089929.0,26.4,1.1479443131393907,61.5,6
ZERO_THREE_RIGHT,1,1764090079.0,26.4,0.9835528722903984,60.0,5
ZERO_THREE_RIGHT,1,1764090388.0,26.4,1.1479443131393907,60.0,5
ZERO_THREE_RIGHT,1,1764090538.0,26.4,0.9835528722903984,60.0,5
ZERO_THREE_RIGHT,1,1764090990.0,26.4,1.1479443131393907,57.5,4
ZERO_THREE_RIGHT,1,1764091140.0,26.4,0.9835528722903984,57.5,4
ZERO_THREE_RIGHT,1,1764091448.0,26.4,1.1479443131393907,55.0,3
ZERO_THREE_RIGHT,1,1764091448.0,26.4,1.1479443131393907,55.0,3
ZERO_THREE_RIGHT,1,1764091598.0,26.4,0.9835528722903984,55.0,3
ZERO_THREE_RIGHT,1,1764091598.0,26.4,0.9835528722903984,55.0,3
ZERO_THREE_RIGHT,1,1764177511.0,26.4,1.311776599427672,117.0,6
ZERO_THREE_RIGHT,1,1764177791.0,26.4,1.311776599427672,117.0,6
ZERO_THREE_RIGHT,1,1764177998.0,26.4,1.311776599427672,117.0,6
ZERO_THREE_RIGHT,1,1764178250.0,26.4,1.311776599427672,114.0,5
ZERO_THREE_RIGHT,1,1764178457.0,26.4,1.311776599427672,114.0,5
ZERO_THREE_RIGHT,1,1764178852.0,26.4,1.311776599427672,96.0,4
ZERO_THREE_RIGHT,1,1764179059.0,26.4,1.311776599427672,96.0,4
ZERO_THREE_RIGHT,1,1764179310.0,26.4,1.311776599427672,72.0,3
ZERO_THREE_RIGHT,1,1764179310.0,26.4,1.311776599427672,72.0,3
ZERO_THREE_RIGHT,1,1764179517.0,26.4,1.311776599427672,72.0,3
ZERO_THREE_RIGHT,1,1764268777.0,26.4,1.311776599427672,82.0,5
ZERO_THREE_RIGHT,1,1764268870.0,26.4,1.0383500192400625,82.0,5
ZERO_THREE_RIGHT,1,1764269236.0,26.4,1.311776599427672,77.0,5
ZERO_THREE_RIGHT,1,1764269357.0,26.4,1.0383500192400625,77.0,5
ZERO_THREE_RIGHT,1,1764269816.0,26.4,1.0383500192400625,74.0,5
ZERO_THREE_RIGHT,1,1764269838.0,26.4,1.311776599427672,74.0,5
ZERO_THREE_RIGHT,1,1764270296.0,26.4,1.311776599427672,74.0,5
ZERO_THREE_RIGHT,1,1764270296.0,26.4,1.311776599427672,74.0,5
ZERO_THREE_RIGHT,1,1764270418.0,26.4,1.0383500192400625,77.0,5
ZERO_THREE_RIGHT,1,1764270876.0,26.4,1.0383500192400625,77.0,5
ZERO_THREE_RIGHT,1,1764270876.0,26.4,1.0383500192400625,77.0,5
ZERO_THREE_RIGHT,1,1764350074.0,26.4,1.1473851585786798,61.5,12
ZERO_THREE_RIGHT,1,1764350280.0,26.4,1.0389091738007736,62.0,12
ZERO_THREE_RIGHT,1,1764350533.0,26.4,1.1473851585786798,62.0,12
ZERO_THREE_RIGHT,1,1764350739.0,26.4,1.0389091738007736,62.0,12
ZERO_THREE_RIGHT,1,1764351135.0,26.4,1.1473851585786798,62.0,12
ZERO_THREE_RIGHT,1,1764351341.0,26.4,1.0389091738007736,62.0,12
ZERO_THREE_RIGHT,1,1764351593.0,26.4,1.1473851585786798,61.5,12
ZERO_THREE_RIGHT,1,1764351799.0,26.4,1.0389091738007736,61.5,12
ZERO_THREE_RIGHT,1,1764451750.0,26.4,1.311776599427672,63.0,10
ZERO_THREE_RIGHT,1,1764452130.0,26.4,1.311776599427672,63.0,10
ZERO_THREE_RIGHT,1,1764452237.0,26.4,1.311776599427672,63.0,9
ZERO_THREE_RIGHT,1,1764452589.0,26.4,1.311776599427672,63.0,9
ZERO_THREE_RIGHT,1,1764452696.0,26.4,1.311776599427672,63.0,9
ZERO_THREE_RIGHT,1,1764453191.0,26.4,1.311776599427672,63.0,8
ZERO_THREE_RIGHT,1,1764453298.0,26.4,1.311776599427672,62.5,8
ZERO_THREE_RIGHT,1,1764453649.0,26.4,1.311776599427672,62.0,7
ZERO_THREE_RIGHT,1,1764453649.0,26.4,1.311776599427672,62.0,7
ZERO_THREE_RIGHT,1,1764453756.0,26.4,1.311776599427672,62.0,7
ZERO_THREE_RIGHT,1,1764453756.0,26.4,1.311776599427672,62.0,7
ZERO_THREE_RIGHT,1,1764520630.0,26.4,1.1479443131393907,61.5,12
ZERO_THREE_RIGHT,1,1764520836.0,26.4,1.1479443131393907,61.5,12
ZERO_THREE_RIGHT,1,1764521089.0,26.4,1.1479443131393907,63.0,10
ZERO_THREE_RIGHT,1,1764521323.0,26.4,1.1479443131393907,63.0,10
ZERO_THREE_RIGHT,1,1764521691.0,26.4,1.1479443131393907,63.5,8
ZERO_THREE_RIGHT,1,1764521782.0,26.4,1.1479443131393907,63.5,8
ZERO_THREE_RIGHT,1,1764522149.0,26.4,1.1479443131393907,63.0,7
ZERO_THREE_RIGHT,1,1764522149.0,26.4,1.1479443131393907,63.0,7
ZERO_THREE_RIGHT,1,1764522384.0,26.4,1.1479443131393907,63.0,6
ZERO_THREE_RIGHT,1,1764522842.0,26.4,1.1479443131393907,60.5,4
ZERO_THREE_RIGHT,1,1764522842.0,26.4,1.1479443131393907,60.5,4
ZERO_THREE_RIGHT,1,1764543488.0,26.4,1.2021823055283438,61.0,1
ZERO_THREE_RIGHT,1,1764543607.0,26.4,1.2569794524780078,61.0,1
ZERO_THREE_RIGHT,1,1764543947.0,26.4,1.2021823055283438,58.5,2
ZERO_THREE_RIGHT,1,1764544066.0,26.4,1.2569794524780078,58.5,2
ZERO_THREE_RIGHT,1,1764544549.0,26.4,1.2021823055283438,61.0,3
ZERO_THREE_RIGHT,1,1764544668.0,26.4,1.2569794524780078,61.0,3
ZERO_THREE_RIGHT,1,1764545007.0,26.4,1.2021823055283438,61.0,3
ZERO_THREE_RIGHT,1,1764545007.0,26.4,1.2021823055283438,61.0,3
ZERO_THREE_RIGHT,1,1764545126.0,26.4,1.2569794524780078,64.0,4
ZERO_THREE_RIGHT,1,1764545126.0,26.4,1.2569794524780078,64.0,4
ZERO_THREE_RIGHT,1,1764613285.0,26.4,1.0383500192400625,60.0,12
ZERO_THREE_RIGHT,1,1764613551.0,26.4,1.2569794524780078,59.0,10
ZERO_THREE_RIGHT,1,1764613677.0,26.4,1.0383500192400625,59.0,10
ZERO_THREE_RIGHT,1,1764614010.0,26.4,1.2569794524780078,59.0,10
ZERO_THREE_RIGHT,1,1764614136.0,26.4,1.0383500192400625,68.5,8
ZERO_THREE_RIGHT,1,1764614612.0,26.4,1.2569794524780078,68.5,8
ZERO_THREE_RIGHT,1,1764614738.0,26.4,1.0383500192400625,78.0,6
ZERO_THREE_RIGHT,1,1764615070.0,26.4,1.2569794524780078,78.0,6
ZERO_THREE_RIGHT,1,1764615070.0,26.4,1.2569794524780078,78.0,6
ZERO_THREE_RIGHT,1,1764615196.0,26.4,1.0383500192400625,78.0,6
ZERO_THREE_RIGHT,1,1764615196.0,26.4,1.0383500192400625,78.0,6
ZERO_THREE_RIGHT,1,1764698008.0,26.4,2.1314971854297897,145.0,12
ZERO_THREE_RIGHT,1,1764698250.0,26.4,1.6400003265649457,159.0,14
ZERO_THREE_RIGHT,1,1764698400.0,26.4,2.1314971854297897,159.0,14
ZERO_THREE_RIGHT,1,1764698709.0,26.4,1.6400003265649457,143.5,12
ZERO_THREE_RIGHT,1,1764698859.0,26.4,2.1314971854297897,128.0,14
ZERO_THREE_RIGHT,1,1764699311.0,26.4,1.6400003265649457,128.0,12
ZERO_THREE_RIGHT,1,1764699461.0,26.4,2.1314971854297897,114.5,14
ZERO_THREE_RIGHT,1,1764699769.0,26.4,1.6400003265649457,101.0,12
ZERO_THREE_RIGHT,1,1764699769.0,26.4,1.6400003265649457,101.0,12
ZERO_THREE_RIGHT,1,1764699919.0,26.4,2.1314971854297897,101.0,12
ZERO_THREE_RIGHT,1,1764699919.0,26.4,2.1314971854297897,101.0,12
ZERO_THREE_RIGHT,1,1764789776.0,8.8,1.6963870122486797,82.0,1777
ZERO_THREE_RIGHT,1,1764789889.75,8.8,1.6324875220443504,79.0,2002
ZERO_THREE_RIGHT,1,1764790350.0,8.8,2.726281348905365,76.0,2599
ZERO_THREE_RIGHT,1,1764790651.0,8.8,2.0244921641994122,73.0,2969
ZERO_THREE_RIGHT,1,1764790842.0,8.8,2.324234286266092,70.0,3234
ZERO_THREE_RIGHT,1,1764791745.95,8.8,1.3484336962825398,71.0,4201
ZERO_THREE_RIGHT,1,1764792016.2,8.8,1.7919879533199243,71.0,4201
ZERO_THREE_RIGHT,1,1764792023.2,8.8,9.561181090766507,71.0,4201
ZERO_THREE_RIGHT,1,1764792023.95,8.8,2.8044526088472588,71.0,4201
ZERO_THREE_RIGHT,1,1764792024.7,8.8,1.6619233372087596,71.0,4201
ZERO_THREE_RIGHT,1,1764792447.7,8.8,1.7254631899393738,71.0,4705
ZERO_THREE_RIGHT,1,1764792517.95,8.8,2.01892658408266,71.0,4845
ZERO_THREE_RIGHT,1,1764792799.0,8.8,1.6811798044451187,70.0,5350
ZERO_THREE_RIGHT,1,1764792948.0,8.8,1.4382976897874564,70.0,5592
ZERO_THREE_RIGHT,1,1764793280.0,8.8,1.2336791225097727,70.0,5592
ZERO_THREE_RIGHT,1,1764793514.0,8.8,1.724355989380765,70.0,5592
ZERO_THREE_RIGHT,1,1764793767.65,8.8,1.343568197685817,70.0,5592
ZERO_THREE_RIGHT,1,1764794023.65,8.8,1.777950220249798,70.0,5592
ZERO_THREE_RIGHT,1,1764794308.4,8.8,1.3123705237137586,70.0,5592
ZERO_THREE_RIGHT,1,1764794533.65,8.8,1.8175575447956265,70.0,5592
ZERO_THREE_RIGHT,1,1764794868.65,8.8,1.5763194600509158,70.0,5592
ZERO_THREE_RIGHT,1,1764795131.4,8.8,1.37651181463283,70.0,5592
ZERO_THREE_RIGHT,1,1764795452.0,8.8,1.4253775327198919,70.0,5380
ZERO_THREE_RIGHT,1,1764795724.9,8.8,1.3183693389569249,69.0,4856
ZERO_THREE_RIGHT,1,1764796025.65,8.8,1.9782256833169054,67.0,4366
ZERO_THREE_RIGHT,1,1764796406.15,8.8,1.0342184796873117,65.0,4016
ZERO_THREE_RIGHT,1,1764798841.0,8.8,3.216257033208853,68.0,1582
ZERO_THREE_RIGHT,1,1764799300.0,8.8,3.216257033208853,68.0,1393
ZERO_THREE_RIGHT,1,1764799902.0,8.8,3.216257033208853,68.0,379
ZERO_THREE_RIGHT,1,1764870196.0,26.4,1.420811738766289,73.5,6
ZERO_THREE_RIGHT,1,1764870588.0,26.4,1.420811738766289,74.0,5
ZERO_THREE_RIGHT,1,1764871047.0,26.4,1.420811738766289,74.0,5
ZERO_THREE_RIGHT,1,1764871649.0,26.4,1.420811738766289,74.5,4
ZERO_THREE_RIGHT,1,1764872107.0,26.4,1.420811738766289,75.0,3
ZERO_THREE_RIGHT,1,1764872107.0,26.4,1.420811738766289,75.0,3
ZERO_THREE_RIGHT,1,1764948997.0,26.4,1.311776599427672,70.0,5
ZERO_THREE_RIGHT,1,1764949487.0,26.4,1.311776599427672,71.0,4
ZERO_THREE_RIGHT,1,1764949848.0,26.4,1.311776599427672,71.0,4
ZERO_THREE_RIGHT,1,1764950089.0,26.4,1.311776599427672,72.0,3
ZERO_THREE_RIGHT,1,1764950450.0,26.4,1.311776599427672,72.0,3
ZERO_THREE_RIGHT,1,1764950547.0,26.4,1.311776599427672,72.0,3
ZERO_THREE_RIGHT,1,1764950547.0,26.4,1.311776599427672,72.0,3
ZERO_THREE_RIGHT,1,1764950790.0,26.4,1.311776599427672,72.5,2
ZERO_THREE_RIGHT,1,1764950908.0,26.4,1.311776599427672,72.5,2
ZERO_THREE_RIGHT,1,1764950908.0,26.4,1.311776599427672,72.5,2
ZERO_THREE_RIGHT,1,1764951151.0,26.4,1.311776599427672,72.5,2
ZERO_THREE_RIGHT,1,1765046257.0,26.4,1.0389091738007736,70.0,4
ZERO_THREE_RIGHT,1,1765046368.0,26.4,1.1479443131393907,70.0,4
ZERO_THREE_RIGHT,1,1765046859.0,26.4,1.0389091738007736,74.0,3
ZERO_THREE_RIGHT,1,1765046970.0,26.4,1.1479443131393907,74.0,3
ZERO_THREE_RIGHT,1,1765047317.0,26.4,1.0389091738007736,69.5,2
ZERO_THREE_RIGHT,1,1765047317.0,26.4,1.0389091738007736,69.5,2
ZERO_THREE_RIGHT,1,1765047428.0,26.4,1.1479443131393907,69.5,2
ZERO_THREE_RIGHT,1,1765047428.0,26.4,1.1479443131393907,69.5,2
ZERO_THREE_RIGHT,1,1765047560.0,26.4,1.0389091738007736,69.5,2
ZERO_THREE_RIGHT,1,1765047671.0,26.4,1.1479443131393907,69.5,2
ZERO_THREE_RIGHT,1,1765124311.0,26.4,1.0389091738007736,68.0,5
ZERO_THREE_RIGHT,1,1765124933.0,26.4,1.2569794524780078,67.5,4
ZERO_THREE_RIGHT,1,1765125040.0,26.4,1.0389091738007736,67.5,4
ZERO_THREE_RIGHT,1,1765125535.0,26.4,1.2569794524780078,68.0,3
ZERO_THREE_RIGHT,1,1765125642.0,26.4,1.0389091738007736,68.0,3
ZERO_THREE_RIGHT,1,1765125993.0,26.4,1.2569794524780078,68.0,3
ZERO_THREE_RIGHT,1,1765125993.0,26.4,1.2569794524780078,68.0,3
ZERO_THREE_RIGHT,1,1765126100.0,26.4,1.0389091738007736,71.0,2
ZERO_THREE_RIGHT,1,1765126100.0,26.4,1.0389091738007736,71.0,2
ZERO_THREE_RIGHT,1,1765126236.0,26.4,1.2569794524780078,71.0,2
ZERO_THREE_RIGHT,1,1765126343.0,26.4,1.0389091738007736,71.0,2
ZERO_THREE_RIGHT,1,1765386936.0,26.4,1.1479443131393907,62.0,8
ZERO_THREE_RIGHT,1,1765387094.0,26.4,1.0931471661897265,62.0,8
ZERO_THREE_RIGHT,1,1765387548.0,26.4,1.1479443131393907,63.0,7
ZERO_THREE_RIGHT,1,1765387696.0,26.4,1.0931471661897265,63.0,7
ZERO_THREE_RIGHT,1,1765388150.0,26.4,1.1479443131393907,64.0,6
ZERO_THREE_RIGHT,1,1765388154.0,26.4,1.0931471661897265,64.0,6
ZERO_THREE_RIGHT,1,1765388154.0,26.4,1.0931471661897265,64.0,6
ZERO_THREE_RIGHT,1,1765388397.0,26.4,1.0931471661897265,64.0,6
ZERO_THREE_RIGHT,1,1765388608.0,26.4,1.1479443131393907,64.0,6
ZERO_THREE_RIGHT,1,1765388608.0,26.4,1.1479443131393907,64.0,6
ZERO_THREE_RIGHT,1,1765388851.0,26.4,1.1479443131393907,65.0,5
ZERO_THREE_RIGHT,1,1765421395.0,26.4,1.0383500192400625,48.0,1
ZERO_THREE_RIGHT,1,1765421997.0,26.4,1.0383500192400625,47.0,2
ZERO_THREE_RIGHT,1,1765422455.0,26.4,1.0383500192400625,47.0,2
ZERO_THREE_RIGHT,1,1765422455.0,26.4,1.0383500192400625,47.0,2
ZERO_THREE_RIGHT,1,1765422698.0,26.4,1.0383500192400625,48.0,3
ZERO_THREE_RIGHT,1,1765467673.0,26.4,0.8745177329517813,61.0,10
ZERO_THREE_RIGHT,1,1765467848.0,26.4,0.9293148799014453,61.0,10
ZERO_THREE_RIGHT,1,1765468275.0,26.4,0.8745177329517813,62.5,8
ZERO_THREE_RIGHT,1,1765468450.0,26.4,0.9293148799014453,62.5,8
ZERO_THREE_RIGHT,1,1765468733.0,26.4,0.8745177329517813,64.0,6
ZERO_THREE_RIGHT,1,1765468908.0,26.4,0.9293148799014453,64.0,6
ZERO_THREE_RIGHT,1,1765468908.0,26.4,0.9293148799014453,64.0,6
ZERO_THREE_RIGHT,1,1765468976.0,26.4,0.8745177329517813,64.0,6
ZERO_THREE_RIGHT,1,1765469151.0,26.4,0.9293148799014453,64.0,6
ZERO_THREE_RIGHT,1,1765506610.0,26.4,0.9841120268511093,52.0,1
ZERO_THREE_RIGHT,1,1765506816.0,26.4,1.0937063207504376,52.0,1
ZERO_THREE_RIGHT,1,1765507212.0,26.4,0.9841120268511093,51.5,2
ZERO_THREE_RIGHT,1,1765507418.0,26.4,1.0937063207504376,51.5,2
ZERO_THREE_RIGHT,1,1765507670.0,26.4,0.9841120268511093,51.5,2
ZERO_THREE_RIGHT,1,1765507670.0,26.4,0.9841120268511093,51.5,2
ZERO_THREE_RIGHT,1,1765507876.0,26.4,1.0937063207504376,51.0,3
ZERO_THREE_RIGHT,1,1765507876.0,26.4,1.0937063207504376,51.0,3
ZERO_THREE_RIGHT,1,1765507913.0,26.4,0.9841120268511093,51.0,3
ZERO_THREE_RIGHT,1,1765508119.0,26.4,1.0937063207504376,51.0,3
ZERO_THREE_RIGHT,1,1765558499.0,26.4,0.9841120268511094,58.0,14
ZERO_THREE_RIGHT,1,1765558911.0,26.4,1.2027414600890547,58.0,12
ZERO_THREE_RIGHT,1,1765559111.0,26.4,0.9841120268511094,58.0,12
ZERO_THREE_RIGHT,1,1765559513.0,26.4,1.2027414600890547,58.0,10
ZERO_THREE_RIGHT,1,1765559713.0,26.4,0.9841120268511094,58.0,10
ZERO_THREE_RIGHT,1,1765559971.0,26.4,1.2027414600890547,58.0,8
ZERO_THREE_RIGHT,1,1765559971.0,26.4,1.2027414600890547,58.0,8
ZERO_THREE_RIGHT,1,1765560171.0,26.4,0.9841120268511094,58.0,8
ZERO_THREE_RIGHT,1,1765560171.0,26.4,0.9841120268511094,58.0,8
ZERO_THREE_RIGHT,1,1765560214.0,26.4,1.2027414600890547,58.0,8
ZERO_THREE_RIGHT,1,1765560414.0,26.4,0.9841120268511094,58.0,7
ZERO_THREE_RIGHT,1,1765589943.0,26.4,1.2569794524780078,59.0,1
ZERO_THREE_RIGHT,1,1765590212.0,26.4,1.2569794524780078,59.0,1
ZERO_THREE_RIGHT,1,1765590545.0,26.4,1.2569794524780078,56.0,2
ZERO_THREE_RIGHT,1,1765590814.0,26.4,1.2569794524780078,56.0,2
ZERO_THREE_RIGHT,1,1765591003.0,26.4,1.2569794524780078,56.0,2
ZERO_THREE_RIGHT,1,1765591003.0,26.4,1.2569794524780078,56.0,2
ZERO_THREE_RIGHT,1,1765591246.0,26.4,1.2569794524780078,56.0,3
ZERO_THREE_RIGHT,1,1765591272.0,26.4,1.2569794524780078,56.0,3
ZERO_THREE_RIGHT,1,1765591272.0,26.4,1.2569794524780078,56.0,3
ZERO_THREE_RIGHT,1,1765591515.0,26.4,1.2569794524780078,56.0,3
ZERO_THREE_RIGHT,1,1765641014.0,26.4,1.2027414600890547,54.0,10
ZERO_THREE_RIGHT,1,1765641525.0,26.4,1.0389091738007736,55.5,8
ZERO_THREE_RIGHT,1,1765641626.0,26.4,1.2027414600890547,55.5,8
ZERO_THREE_RIGHT,1,1765642127.0,26.4,1.0389091738007736,54.0,6
ZERO_THREE_RIGHT,1,1765642228.0,26.4,1.2027414600890547,54.0,6
ZERO_THREE_RIGHT,1,1765642585.0,26.4,1.0389091738007736,54.0,5
ZERO_THREE_RIGHT,1,1765642585.0,26.4,1.0389091738007736,54.0,5
ZERO_THREE_RIGHT,1,1765642686.0,26.4,1.2027414600890547,54.0,5
ZERO_THREE_RIGHT,1,1765642686.0,26.4,1.2027414600890547,54.0,5
ZERO_THREE_RIGHT,1,1765642828.0,26.4,1.0389091738007736,57.5,4
ZERO_THREE_RIGHT,1,1765642929.0,26.4,1.2027414600890547,57.5,4
ZERO_THREE_RIGHT,1,1765643387.0,26.4,1.2027414600890547,54.0,2
ZERO_THREE_RIGHT,1,1765659632.0,26.4,1.2569794524780078,54.0,1
ZERO_THREE_RIGHT,1,1765659787.0,26.4,1.202741460089055,54.0,1
ZERO_THREE_RIGHT,1,1765660234.0,26.4,1.2569794524780078,54.0,2
ZERO_THREE_RIGHT,1,1765660389.0,26.4,1.202741460089055,54.0,2
ZERO_THREE_RIGHT,1,1765660692.0,26.4,1.2569794524780078,54.0,3
ZERO_THREE_RIGHT,1,1765660692.0,26.4,1.2569794524780078,54.0,3
ZERO_THREE_RIGHT,1,1765660847.0,26.4,1.202741460089055,54.0,3
ZERO_THREE_RIGHT,1,1765660935.0,26.4,1.2569794524780078,54.0,3
ZERO_THREE_RIGHT,1,1765661090.0,26.4,1.202741460089055,54.0,3
ZERO_THREE_RIGHT,1,1765661393.0,26.4,1.2569794524780078,54.0,4
ZERO_THREE_RIGHT,1,1765661548.0,26.4,1.202741460089055,54.0,4
ZERO_THREE_RIGHT,1,1765762255.0,26.4,1.311776599427672,60.0,13
ZERO_THREE_RIGHT,1,1765762701.0,26.4,1.311776599427672,60.0,11
ZERO_THREE_RIGHT,1,1765762867.0,26.4,1.311776599427672,60.5,12
ZERO_THREE_RIGHT,1,1765763303.0,26.4,1.311776599427672,61.0,10
ZERO_THREE_RIGHT,1,1765763469.0,26.4,1.311776599427672,61.0,11
ZERO_THREE_RIGHT,1,1765763761.0,26.4,1.311776599427672,69.0,10
ZERO_THREE_RIGHT,1,1765763761.0,26.4,1.311776599427672,69.0,10
ZERO_THREE_RIGHT,1,1765763927.0,26.4,1.311776599427672,77.0,9
ZERO_THREE_RIGHT,1,1765763927.0,26.4,1.311776599427672,77.0,9
ZERO_THREE_RIGHT,1,1765764004.0,26.4,1.311776599427672,77.0,9
ZERO_THREE_RIGHT,1,1765764170.0,26.4,1.311776599427672,77.5,10
ZERO_THREE_RIGHT,1,1765764462.0,26.4,1.311776599427672,78.5,8
ZERO_THREE_RIGHT,1,1765764628.0,26.4,1.311776599427672,78.0,9
ZERO_THREE_RIGHT,1,1766004290.0,26.4,0.4361879268917558,89.0,9
ZERO_THREE_RIGHT,1,1766004493.0,26.4,0.432496680625337,89.0,9
ZERO_THREE_RIGHT,1,1766005156.35,26.4,0.3572317807613711,89.0,9
ZERO_THREE_RIGHT,1,1767641681.0,8.8,1.5620857628751048,99.0,346
ZERO_THREE_RIGHT,1,1767641977.35,8.8,2.212166706600714,94.0,780
ZERO_THREE_RIGHT,1,1767643298.0,8.8,4.669810372388545,94.0,780
ZERO_THREE_RIGHT,1,1767643515.6,8.8,1.9532017953827256,94.0,780
ZERO_THREE_RIGHT,1,1767643558.35,8.8,2.4696347392199223,94.0,780
ZERO_THREE_RIGHT,1,1767645021.0,8.8,1.997639025431163,94.0,780
ZERO_THREE_RIGHT,1,1767645258.0,8.8,7.623871230579598,94.0,780
ZERO_THREE_RIGHT,1,1767645339.0,8.8,1.887634381552694,94.0,780
ZERO_THREE_RIGHT,1,1770151825.0,8.8,1.2768678364300081,108.0,3962
ZERO_THREE_RIGHT,1,1770152069.0,8.8,1.0053769546469966,108.0,3975
ZERO_THREE_RIGHT,1,1770152297.55,8.8,1.4595801034803546,109.0,4148
ZERO_THREE_RIGHT,1,1770152479.8,8.8,1.4361849075325743,109.0,4482
ZERO_THREE_RIGHT,1,1770152946.8,8.8,1.0827040747279508,107.0,6489
ZERO_THREE_RIGHT,1,1770153301.3,8.8,1.1821253495130613,107.0,6489
ZERO_THREE_RIGHT,1,1770153857.05,8.8,1.1658845313366408,107.0,6489
ZERO_THREE_RIGHT,1,1770153897.8,8.8,1.1404752614234237,107.0,6489
ZERO_THREE_RIGHT,1,1770154924.0,8.8,1.0520270632187678,107.0,6489
ZERO_THREE_RIGHT,1,1770155662.0,8.8,1.3983401646512896,107.0,6489
ZERO_THREE_RIGHT,1,1770155745.0,8.8,0.9690278280711047,107.0,6489
ZERO_THREE_RIGHT,1,1770155910.0,8.8,1.3910473689494545,107.0,6466
ZERO_THREE_RIGHT,1,1770156237.0,8.8,1.039419840503954,106.0,5820
ZERO_THREE_RIGHT,1,1770156274.0,8.8,1.453550764973545,106.0,5746
ZERO_THREE_RIGHT,1,1770229532.0,24.4,1.5846440250545704,96.0,7
ZERO_THREE_RIGHT,1,1770229714.0,24.4,1.366014591816625,94.5,6
ZERO_THREE_RIGHT,1,1770229990.0,24.4,1.5846440250545704,94.5,6
ZERO_THREE_RIGHT,1,1770229990.0,24.4,1.5846440250545704,94.5,6
ZERO_THREE_RIGHT,1,1770230172.0,24.4,1.366014591816625,94.5,6
ZERO_THREE_RIGHT,1,1770230172.0,24.4,1.366014591816625,94.5,6
ZERO_THREE_RIGHT,1,1770230233.0,24.4,1.5846440250545704,96.0,5
ZERO_THREE_RIGHT,1,1770230415.0,24.4,1.366014591816625,96.0,5
ZERO_THREE_RIGHT,1,1770230691.0,24.4,1.5846440250545704,96.0,5
ZERO_THREE_RIGHT,1,1770230873.0,24.4,1.366014591816625,95.0,4
ZERO_THREE_RIGHT,1,1770314279.0,24.4,1.6394411720042346,104.0,10
ZERO_THREE_RIGHT,1,1770314593.0,24.4,1.6394411720042346,104.0,10
ZERO_THREE_RIGHT,1,1770314593.0,24.4,1.6394411720042346,104.0,10
ZERO_THREE_RIGHT,1,1770314836.0,24.4,1.6394411720042346,110.5,8
ZERO_THREE_RIGHT,1,1770314861.0,24.4,1.311776599427672,110.5,8
ZERO_THREE_RIGHT,1,1770314861.0,24.4,1.311776599427672,110.5,8
ZERO_THREE_RIGHT,1,1770315104.0,24.4,1.311776599427672,110.5,8
ZERO_THREE_RIGHT,1,1770315294.0,24.4,1.6394411720042346,110.5,8
ZERO_THREE_RIGHT,1,1770315562.0,24.4,1.311776599427672,117.0,6
ZERO_THREE_RIGHT,1,1770402205.0,24.4,1.8038326128532272,175.0,10
ZERO_THREE_RIGHT,1,1770402205.0,24.4,1.8038326128532272,175.0,10
ZERO_THREE_RIGHT,1,1770402448.0,24.4,1.8038326128532272,167.0,8
ZERO_THREE_RIGHT,1,1770402587.0,24.4,1.9671057445807971,167.0,8
ZERO_THREE_RIGHT,1,1770402906.0,24.4,1.8038326128532272,167.0,8
ZERO_THREE_RIGHT,1,1770403045.0,24.4,1.9671057445807971,159.0,6
ZERO_THREE_RIGHT,1,1770488932.0,24.4,1.6942383189538988,173.0,12
ZERO_THREE_RIGHT,1,1770489489.0,24.4,1.6942383189538988,173.0,12
ZERO_THREE_RIGHT,1,1770489752.0,24.4,1.9128677521918442,163.0,10
ZERO_THREE_RIGHT,1,1770489947.0,24.4,1.6942383189538988,163.0,10
ZERO_THREE_RIGHT,1,1770490309.0,24.4,1.9128677521918442,177.5,8
ZERO_THREE_RIGHT,1,1770490767.0,24.4,1.9128677521918442,161.0,6
ZERO_THREE_RIGHT,1,1770575067.0,24.4,2.0224620460911726,153.0,10
ZERO_THREE_RIGHT,1,1770575525.0,24.4,2.0224620460911726,149.5,8
ZERO_THREE_RIGHT,1,1770662343.0,24.4,1.749035465903563,136.0,12
ZERO_THREE_RIGHT,1,1770662436.0,24.4,1.9134269067525551,136.0,12
ZERO_THREE_RIGHT,1,1770662808.0,24.4,1.749035465903563,137.0,10
ZERO_THREE_RIGHT,1,1770662901.0,24.4,1.9134269067525551,137.0,10
ZERO_THREE_RIGHT,1,1770663266.0,24.4,1.749035465903563,138.0,8
ZERO_THREE_RIGHT,1,1770663359.0,24.4,1.9134269067525551,138.0,8
ZERO_THREE_RIGHT,1,1770750603.0,24.4,1.6394411720042346,159.5,12
ZERO_THREE_RIGHT,1,1770750643.0,24.4,1.9128677521918442,159.5,12
ZERO_THREE_RIGHT,1,1770751068.0,24.4,1.6394411720042346,161.0,10
ZERO_THREE_RIGHT,1,1770751108.0,24.4,1.9128677521918442,161.0,10
ZERO_THREE_RIGHT,1,1770751526.0,24.4,1.6394411720042346,148.5,8
ZERO_THREE_RIGHT,1,1770751566.0,24.4,1.9128677521918442,148.5,8
ZERO_THREE_RIGHT,1,1770834768.0,24.4,1.5852031796152817,112.0,10
ZERO_THREE_RIGHT,1,1770835042.0,24.4,1.6942383189538988,113.5,8
ZERO_THREE_RIGHT,1,1770835226.0,24.4,1.5852031796152817,113.5,8
ZERO_THREE_RIGHT,1,1770835500.0,24.4,1.6942383189538988,112.0,6
ZERO_THREE_RIGHT,1,1770835520.0,24.4,1.5852031796152817,112.0,6
ZERO_THREE_RIGHT,1,1770835794.0,24.4,1.6942383189538988,112.0,6
ZERO_THREE_RIGHT,1,1770922660.0,24.4,1.4756088857159533,125.0,14
ZERO_THREE_RIGHT,1,1770923125.0,24.4,1.4756088857159533,128.5,12
ZERO_THREE_RIGHT,1,1770923571.0,24.4,1.6394411720042346,128.5,12
ZERO_THREE_RIGHT,1,1770923583.0,24.4,1.4756088857159533,128.5,12
ZERO_THREE_RIGHT,1,1770923877.0,24.4,1.4756088857159533,132.0,10
ZERO_THREE_RIGHT,1,1770924036.0,24.4,1.6394411720042346,132.0,10
ZERO_THREE_RIGHT,1,1770924494.0,24.4,1.6394411720042346,134.0,8
ZERO_THREE_RIGHT,1,1770924788.0,24.4,1.6394411720042346,134.0,8
ZERO_THREE_RIGHT,1,1771009406.0,24.4,1.4756088857159533,148.0,2
ZERO_THREE_RIGHT,1,1771009547.0,24.4,1.9128677521918442,167.0,1
ZERO_THREE_RIGHT,1,1771009749.0,24.4,1.4756088857159533,167.0,1
ZERO_THREE_RIGHT,1,1771009890.0,24.4,1.9128677521918442,167.0,1
ZERO_THREE_RIGHT,1,1771036773.0,24.4,1.3665737463773362,122.0,1
ZERO_THREE_RIGHT,1,1771036978.0,24.4,1.4761680402766642,122.0,1
ZERO_THREE_RIGHT,1,1771037231.0,24.4,1.3665737463773362,122.0,1
ZERO_THREE_RIGHT,1,1771037272.0,24.4,1.4761680402766642,122.0,1
ZERO_THREE_RIGHT,1,1771037525.0,24.4,1.3665737463773362,115.0,2
ZERO_THREE_RIGHT,1,1771093949.0,24.4,1.3665737463773362,116.0,14
ZERO_THREE_RIGHT,1,1771094073.0,24.4,1.5304060326656175,116.0,14
ZERO_THREE_RIGHT,1,1771094407.0,24.4,1.3665737463773362,119.0,12
ZERO_THREE_RIGHT,1,1771094531.0,24.4,1.5304060326656175,119.0,12
ZERO_THREE_RIGHT,1,1771094701.0,24.4,1.3665737463773362,119.0,12
ZERO_THREE_RIGHT,1,1771094825.0,24.4,1.5304060326656175,122.0,10
ZERO_THREE_RIGHT,1,1771123935.0,24.4,1.4756088857159533,119.0,1
ZERO_THREE_RIGHT,1,1771123978.0,24.4,1.8038326128532272,119.0,1
ZERO_THREE_RIGHT,1,1771124229.0,24.4,1.4756088857159533,122.5,2
ZERO_THREE_RIGHT,1,1771124272.0,24.4,1.8038326128532272,122.5,2
ZERO_THREE_RIGHT,1,1771188328.0,24.4,1.6400003265649459,131.0,15
ZERO_THREE_RIGHT,1,1771189129.0,24.4,1.6400003265649459,132.0,12
ZERO_THREE_RIGHT,1,1771189423.0,24.4,1.6400003265649459,133.0,9
ZERO_THREE_RIGHT,1,1771204198.0,24.4,1.749035465903563,119.0,1
ZERO_THREE_RIGHT,1,1771204492.0,24.4,1.749035465903563,119.5,2
ZERO_THREE_RIGHT,1,1771269700.0,24.4,1.4756088857159533,129.0,15
ZERO_THREE_RIGHT,1,1771269700.0,24.4,1.4756088857159533,129.0,15
ZERO_THREE_RIGHT,1,1771270501.0,24.4,1.4756088857159533,129.5,12
ZERO_THREE_RIGHT,1,1771270795.0,24.4,1.4756088857159533,130.0,10
ZERO_THREE_RIGHT,1,1771281064.0,24.4,1.6394411720042346,125.5,2
ZERO_THREE_RIGHT,1,1771281358.0,24.4,1.6394411720042346,125.5,2
ZERO_THREE_RIGHT,1,1771349516.0,24.4,1.6942383189538988,112.0,10
ZERO_THREE_RIGHT,1,1771349584.0,24.4,1.5304060326656175,112.0,10
ZERO_THREE_RIGHT,1,1771349616.0,24.4,1.6942383189538988,112.0,10
ZERO_THREE_RIGHT,1,1771350317.0,24.4,1.6942383189538988,113.5,8
ZERO_THREE_RIGHT,1,1771350385.0,24.4,1.5304060326656175,113.5,8
ZERO_THREE_RIGHT,1,1771350611.0,24.4,1.6942383189538988,115.0,7
ZERO_THREE_RIGHT,1,1771350679.0,24.4,1.5304060326656175,115.0,6
ZERO_THREE_RIGHT,1,1771383215.0,24.4,1.5298468781049066,99.0,1
ZERO_THREE_RIGHT,1,1771383284.0,24.4,1.3665737463773362,106.0,2
ZERO_THREE_RIGHT,1,1771383509.0,24.4,1.5298468781049066,106.0,2
ZERO_THREE_RIGHT,1,1771383578.0,24.4,1.3665737463773362,106.0,2
ZERO_THREE_RIGHT,1,1771531365.0,8.8,2.637460106138713,113.0,4416
ZERO_THREE_RIGHT,1,1771531457.0,8.8,4.252370434206072,113.0,4416
ZERO_THREE_RIGHT,1,1771531540.0,8.8,2.3883047034215297,113.0,4415
ZERO_THREE_RIGHT,1,1771531599.0,8.8,4.252370434206073,113.0,4415
ZERO_THREE_RIGHT,1,1771531751.0,8.8,4.252370434206072,113.0,4415
ZERO_THREE_RIGHT,1,1771531820.45,8.8,2.4025408319851564,113.0,4415
ZERO_THREE_RIGHT,1,1771531893.0,8.8,4.252370434206073,113.0,4415
ZERO_THREE_RIGHT,1,1771532122.95,8.8,2.225525448741437,113.0,4414
ZERO_THREE_RIGHT,1,1771533109.0,8.8,2.934330472583044,113.0,4413
ZERO_THREE_RIGHT,1,1771533391.3500001,8.8,2.4424589417943405,113.0,4412
ZERO_THREE_RIGHT,1,1771533762.6000001,8.8,3.994588681454347,113.0,4412
ZERO_THREE_RIGHT,1,1771534417.1000001,8.8,3.268575673452709,113.0,4411
ZERO_THREE_RIGHT,1,1771534448.3500001,8.8,1.9909820702105392,113.0,4411
ZERO_THREE_RIGHT,1,1771534468.8500001,8.8,3.1572782874848206,113.0,4411
ZERO_THREE_RIGHT,1,1771614903.0,24.4,1.6942383189538988,124.0,8
ZERO_THREE_RIGHT,1,1771615197.0,24.4,1.6942383189538988,124.0,8
ZERO_THREE_RIGHT,1,1771615273.0,24.4,1.803832612853227,124.0,8
ZERO_THREE_RIGHT,1,1771615567.0,24.4,1.803832612853227,120.0,6
ZERO_THREE_RIGHT,1,1771699363.0,26.4,1.749035465903563,122.5,12
ZERO_THREE_RIGHT,1,1771699452.0,26.4,1.6942383189538988,120.0,10
ZERO_THREE_RIGHT,1,1771700064.0,26.4,1.749035465903563,119.0,8
ZERO_THREE_RIGHT,1,1771700153.0,26.4,1.6942383189538988,119.0,8
ZERO_THREE_RIGHT,1,1771700358.0,26.4,1.749035465903563,119.0,8
ZERO_THREE_RIGHT,1,1771700447.0,26.4,1.6942383189538988,119.0,8
ZERO_THREE_RIGHT,1,1771782711.0,26.4,1.5852031796152817,120.0,5
ZERO_THREE_RIGHT,1,1771782986.0,26.4,1.4761680402766642,120.0,5
ZERO_THREE_RIGHT,1,1771783005.0,26.4,1.5852031796152817,120.0,5
ZERO_THREE_RIGHT,1,1771783280.0,26.4,1.4761680402766642,116.5,4
ZERO_THREE_RIGHT,1,1771872641.0,26.4,1.5852031796152817,93.0,10
ZERO_THREE_RIGHT,1,1771872740.0,26.4,1.6942383189538988,93.0,10
ZERO_THREE_RIGHT,1,1771873241.0,26.4,1.5852031796152817,94.0,8
ZERO_THREE_RIGHT,1,1771873340.0,26.4,1.6942383189538988,94.0,8
ZERO_THREE_RIGHT,1,1771873535.0,26.4,1.5852031796152817,92.0,6
ZERO_THREE_RIGHT,1,1771873634.0,26.4,1.6942383189538988,92.0,6
ZERO_THREE_RIGHT,1,1771979914.0,26.4,1.2569794524780078,87.0,6
ZERO_THREE_RIGHT,1,1771980030.0,26.4,1.311776599427672,88.0,5
ZERO_THREE_RIGHT,1,1771980514.0,26.4,1.2569794524780078,88.0,5
ZERO_THREE_RIGHT,1,1771980630.0,26.4,1.311776599427672,88.5,4
ZERO_THREE_RIGHT,1,1771980808.0,26.4,1.2569794524780078,88.5,4
ZERO_THREE_RIGHT,1,1771980924.0,26.4,1.311776599427672,88.5,4
ZERO_THREE_RIGHT,1,1772044525.0,26.4,1.420811738766289,109.0,12
ZERO_THREE_RIGHT,1,1772044657.0,26.4,1.5852031796152817,109.0,12
ZERO_THREE_RIGHT,1,1772044819.0,26.4,1.420811738766289,109.0,12
ZERO_THREE_RIGHT,1,1772044951.0,26.4,1.5852031796152817,109.5,12
ZERO_THREE_RIGHT,1,1772057539.0,26.4,1.6947974735146099,113.0,10
ZERO_THREE_RIGHT,1,1772057729.0,26.4,1.6942383189538988,112.0,8
ZERO_THREE_RIGHT,1,1772057833.0,26.4,1.6947974735146099,112.0,8
ZERO_THREE_RIGHT,1,1772058023.0,26.4,1.6942383189538988,112.0,8
ZERO_THREE_RIGHT,1,1772129566.0,26.4,1.6400003265649454,117.5,6
ZERO_THREE_RIGHT,1,1772130166.0,26.4,1.6400003265649454,118.0,5
ZERO_THREE_RIGHT,1,1772130284.0,26.4,1.5852031796152815,118.0,5
ZERO_THREE_RIGHT,1,1772130460.0,26.4,1.6400003265649454,117.5,4
ZERO_THREE_RIGHT,1,1772130578.0,26.4,1.5852031796152815,117.5,4
ZERO_THREE_RIGHT,1,1772225920.0,26.4,1.6942383189538988,125.0,21
ZERO_THREE_RIGHT,1,1772226520.0,26.4,1.6942383189538988,122.5,18
ZERO_THREE_RIGHT,1,1772226731.0,26.4,1.5857623341759925,125.0,17
ZERO_THREE_RIGHT,1,1772226814.0,26.4,1.6942383189538988,125.0,17
ZERO_THREE_RIGHT,1,1772227331.0,26.4,1.5857623341759925,125.0,14
ZERO_THREE_RIGHT,1,1772227625.0,26.4,1.5857623341759925,136.0,12
ZERO_THREE_RIGHT,1,1772245881.0,26.4,1.6942383189538988,121.0,1
ZERO_THREE_RIGHT,1,1772245961.0,26.4,1.5852031796152817,121.0,1
ZERO_THREE_RIGHT,1,1772246175.0,26.4,1.6942383189538988,121.0,1
ZERO_THREE_RIGHT,1,1772246255.0,26.4,1.5852031796152817,126.0,2
ZERO_THREE_RIGHT,1,1772246562.0,26.4,1.6942383189538988,126.0,2
ZERO_THREE_RIGHT,1,1772246642.0,26.4,1.5852031796152817,126.0,2
ZERO_THREE_RIGHT,1,1772307429.0,26.4,1.4761680402766642,106.0,12
ZERO_THREE_RIGHT,1,1772307534.0,26.4,1.5852031796152817,106.0,12
ZERO_THREE_RIGHT,1,1772307723.0,26.4,1.4761680402766642,106.0,12
ZERO_THREE_RIGHT,1,1772307828.0,26.4,1.5852031796152817,106.0,12
ZERO_THREE_RIGHT,1,1772308110.0,26.4,1.4761680402766642,105.0,9
ZERO_THREE_RIGHT,1,1772308215.0,26.4,1.5852031796152817,105.0,9
ZERO_THREE_RIGHT,1,1772319785.0,26.4,1.311776599427672,115.0,1
ZERO_THREE_RIGHT,1,1772319913.0,26.4,1.749035465903563,115.0,1
ZERO_THREE_RIGHT,1,1772320079.0,26.4,1.311776599427672,115.0,1
ZERO_THREE_RIGHT,1,1772320207.0,26.4,1.749035465903563,116.5,2
ZERO_THREE_RIGHT,1,1772320466.0,26.4,1.311776599427672,116.5,2
ZERO_THREE_RIGHT,1,1772320594.0,26.4,1.749035465903563,116.5,2
ZERO_THREE_RIGHT,1,1772383520.0,26.4,1.4213708933270002,109.5,12
ZERO_THREE_RIGHT,1,1772383708.0,26.4,1.5304060326656175,109.5,12
ZERO_THREE_RIGHT,1,1772383978.0,26.4,1.4213708933270002,112.0,10
ZERO_THREE_RIGHT,1,1772384166.0,26.4,1.5304060326656175,112.0,10
ZERO_THREE_RIGHT,1,1772384272.0,26.4,1.4213708933270002,112.0,10
ZERO_THREE_RIGHT,1,1772384460.0,26.4,1.5304060326656175,114.0,8
ZERO_THREE_RIGHT,1,1772384659.0,26.4,1.4213708933270002,114.0,8
ZERO_THREE_RIGHT,1,1772384847.0,26.4,1.5304060326656175,114.0,8
ZERO_THREE_RIGHT,1,1772417866.0,26.4,1.4761680402766642,109.0,1
ZERO_THREE_RIGHT,1,1772417903.0,26.4,1.749035465903563,109.0,1
ZERO_THREE_RIGHT,1,1772418197.0,26.4,1.749035465903563,115.0,2
ZERO_THREE_RIGHT,1,1772418584.0,26.4,1.749035465903563,115.0,2
ZERO_THREE_RIGHT,1,1772471065.0,26.4,1.6400003265649459,107.0,10
ZERO_THREE_RIGHT,1,1772471177.0,26.4,1.749035465903563,107.0,10
ZERO_THREE_RIGHT,1,1772471523.0,26.4,1.6400003265649459,106.0,8
ZERO_THREE_RIGHT,1,1772471635.0,26.4,1.749035465903563,106.0,8
ZERO_THREE_RIGHT,1,1772471817.0,26.4,1.6400003265649459,106.0,8
ZERO_THREE_RIGHT,1,1772471929.0,26.4,1.749035465903563,106.0,8
ZERO_THREE_RIGHT,1,1772472204.0,26.4,1.6400003265649459,107.0,6
ZERO_THREE_RIGHT,1,1772472316.0,26.4,1.749035465903563,107.0,6
ZERO_THREE_RIGHT,1,1772490201.0,26.4,1.5846440250545706,121.0,1
ZERO_THREE_RIGHT,1,1772490322.0,26.4,1.4761680402766642,121.0,1
ZERO_THREE_RIGHT,1,1772490495.0,26.4,1.5846440250545706,121.0,1
ZERO_THREE_RIGHT,1,1772490616.0,26.4,1.4761680402766642,111.5,2
ZERO_THREE_RIGHT,1,1772490882.0,26.4,1.5846440250545706,111.5,2
ZERO_THREE_RIGHT,1,1772491003.0,26.4,1.4761680402766642,111.5,2
ZERO_THREE_RIGHT,1,1772560352.0,26.4,1.311776599427672,89.0,10
ZERO_THREE_RIGHT,1,1772560535.0,26.4,1.4756088857159533,89.0,10
ZERO_THREE_RIGHT,1,1772560810.0,26.4,1.311776599427672,89.0,8
ZERO_THREE_RIGHT,1,1772560993.0,26.4,1.4756088857159533,89.0,8
ZERO_THREE_RIGHT,1,1772561104.0,26.4,1.311776599427672,89.0,8
ZERO_THREE_RIGHT,1,1772561287.0,26.4,1.4756088857159533,89.0,8
ZERO_THREE_RIGHT,1,1772561491.0,26.4,1.311776599427672,89.0,6
ZERO_THREE_RIGHT,1,1772561674.0,26.4,1.4756088857159533,89.0,6
ZERO_THREE_RIGHT,1,1772587728.0,26.4,1.311776599427672,90.0,1
ZERO_THREE_RIGHT,1,1772587777.0,26.4,1.4756088857159533,90.0,1
ZERO_THREE_RIGHT,1,1772588022.0,26.4,1.311776599427672,88.5,2
ZERO_THREE_RIGHT,1,1772588071.0,26.4,1.4756088857159533,88.5,2
ZERO_THREE_RIGHT,1,1772588409.0,26.4,1.311776599427672,88.5,2
ZERO_THREE_RIGHT,1,1772588458.0,26.4,1.4756088857159533,88.5,2
ZERO_THREE_RIGHT,1,1772648027.0,26.4,1.5852031796152817,103.0,10
ZERO_THREE_RIGHT,1,1772648161.0,26.4,1.4213708933270002,103.0,10
ZERO_THREE_RIGHT,1,1772648485.0,26.4,1.5852031796152817,103.0,10
ZERO_THREE_RIGHT,1,1772648619.0,26.4,1.4213708933270002,104.5,8
ZERO_THREE_RIGHT,1,1772648779.0,26.4,1.5852031796152817,104.5,8
ZERO_THREE_RIGHT,1,1772648913.0,26.4,1.4213708933270002,104.5,8
ZERO_THREE_RIGHT,1,1772649166.0,26.4,1.5852031796152817,104.5,8
ZERO_THREE_RIGHT,1,1772649300.0,26.4,1.4213708933270002,102.0,6
ZERO_THREE_RIGHT,1,1772657171.0,8.8,2.3213782009240647,106.0,5313
ZERO_THREE_RIGHT,1,1772657345.0,8.8,1.9495158956163683,106.0,5661
ZERO_THREE_RIGHT,1,1772657635.35,8.8,2.2355852441075266,105.0,6187
ZERO_THREE_RIGHT,1,1772658862.85,8.8,2.5667313943741457,105.0,8196
ZERO_THREE_RIGHT,1,1772659088.6,8.8,2.1049609044301874,105.0,8196
ZERO_THREE_RIGHT,1,1772659681.85,8.8,1.953392770698181,105.0,8196
ZERO_THREE_RIGHT,1,1772660001.0,8.8,3.0083902290424076,105.0,8196
ZERO_THREE_RIGHT,1,1772660298.85,8.8,1.9544786875016824,105.0,8196
ZERO_THREE_RIGHT,1,1772661058.6,8.8,2.3083065314982223,105.0,8196
ZERO_THREE_RIGHT,1,1772661569.6,8.8,4.008084983694817,104.0,7528
ZERO_THREE_RIGHT,1,1772661847.1,8.8,2.7548837021819454,105.0,6973
ZERO_THREE_RIGHT,1,1772661868.6,8.8,3.627623846718853,105.0,6930
ZERO_THREE_RIGHT,1,1772661889.85,8.8,2.2405745932370373,105.0,6887
ZERO_THREE_RIGHT,1,1772661912.85,8.8,2.292411170688123,105.0,6841
ZERO_THREE_RIGHT,1,1772661919.1,8.8,2.947072734547585,105.0,6829
ZERO_THREE_RIGHT,1,1772729052.0,26.4,1.858629759802891,115.0,5
ZERO_THREE_RIGHT,1,1772729206.0,26.4,1.6942383189538988,115.0,5
ZERO_THREE_RIGHT,1,1772729510.0,26.4,1.858629759802891,114.5,4
ZERO_THREE_RIGHT,1,1772729664.0,26.4,1.6942383189538988,114.5,4
ZERO_THREE_RIGHT,1,1772729804.0,26.4,1.858629759802891,114.5,4
ZERO_THREE_RIGHT,1,1772729958.0,26.4,1.6942383189538988,114.5,4
ZERO_THREE_RIGHT,1,1772730191.0,26.4,1.858629759802891,114.0,3
ZERO_THREE_RIGHT,1,1772730345.0,26.4,1.6942383189538988,114.0,3
ZERO_THREE_RIGHT,1,1772730626.0,26.4,1.6942383189538988,110.0,2
ZERO_THREE_RIGHT,1,1772822457.0,26.4,1.3665737463773362,114.5,12
ZERO_THREE_RIGHT,1,1772822770.0,26.4,1.3665737463773362,114.5,12
ZERO_THREE_RIGHT,1,1772822881.0,26.4,1.5852031796152817,114.5,12
ZERO_THREE_RIGHT,1,1772823064.0,26.4,1.3665737463773362,121.0,10
ZERO_THREE_RIGHT,1,1772823194.0,26.4,1.5852031796152817,121.0,10
ZERO_THREE_RIGHT,1,1772823451.0,26.4,1.3665737463773362,121.0,10
ZERO_THREE_RIGHT,1,1772823488.0,26.4,1.5852031796152817,121.0,10
ZERO_THREE_RIGHT,1,1772823732.0,26.4,1.3665737463773362,122.5,8
ZERO_THREE_RIGHT,1,1772823875.0,26.4,1.5852031796152817,122.5,8
ZERO_THREE_RIGHT,1,1772824156.0,26.4,1.5852031796152817,124.0,6
ZERO_THREE_RIGHT,1,1772911459.0,26.4,1.6942383189538988,106.0,7
ZERO_THREE_RIGHT,1,1772911731.0,26.4,1.6400003265649454,106.0,6
ZERO_THREE_RIGHT,1,1772911846.0,26.4,1.6942383189538988,106.0,6
ZERO_THREE_RIGHT,1,1772912118.0,26.4,1.6400003265649454,106.0,6
ZERO_THREE_RIGHT,1,1772912127.0,26.4,1.6942383189538988,106.0,6
ZERO_THREE_RIGHT,1,1772912399.0,26.4,1.6400003265649454,106.0,5
ZERO_THREE_RIGHT,1,1772937621.0,26.4,1.311776599427672,113.0,1
ZERO_THREE_RIGHT,1,1772937878.0,26.4,1.749035465903563,113.0,1
ZERO_THREE_RIGHT,1,1772938008.0,26.4,1.311776599427672,108.5,2
ZERO_THREE_RIGHT,1,1772938265.0,26.4,1.749035465903563,108.5,2
ZERO_THREE_RIGHT,1,1772938289.0,26.4,1.311776599427672,108.5,2
ZERO_THREE_RIGHT,1,1772938546.0,26.4,1.749035465903563,108.5,2
ZERO_THREE_RIGHT,1,1772998444.0,26.4,1.5852031796152817,97.0,10
ZERO_THREE_RIGHT,1,1772998474.0,26.4,1.3665737463773362,97.0,10
ZERO_THREE_RIGHT,1,1772998831.0,26.4,1.5852031796152817,105.0,8
ZERO_THREE_RIGHT,1,1772998861.0,26.4,1.3665737463773362,105.0,8
ZERO_THREE_RIGHT,1,1772999112.0,26.4,1.5852031796152817,105.0,8
ZERO_THREE_RIGHT,1,1772999142.0,26.4,1.3665737463773362,105.0,8
ZERO_THREE_RIGHT,1,1773079569.0,26.4,1.5852031796152817,172.0,14
ZERO_THREE_RIGHT,1,1773079956.0,26.4,1.5852031796152817,172.5,12
ZERO_THREE_RIGHT,1,1773080237.0,26.4,1.5852031796152817,152.0,10
ZERO_THREE_RIGHT,1,1773080625.0,26.4,1.5852031796152817,152.0,10
ZERO_THREE_RIGHT,1,1773081054.0,26.4,1.4761680402766642,187.0,8
ZERO_THREE_RIGHT,1,1773081441.0,26.4,1.4761680402766642,110.0,6
ZERO_THREE_RIGHT,1,1773081722.0,26.4,1.4761680402766642,110.0,6
ZERO_THREE_RIGHT,1,1773082110.0,26.4,1.4761680402766642,187.0,4
ZERO_THREE_RIGHT,1,1773162114.0,26.4,1.4756088857159533,103.5,6
ZERO_THREE_RIGHT,1,1773162721.0,26.4,1.4756088857159533,105.0,5
ZERO_THREE_RIGHT,1,1773162830.0,26.4,1.6947974735146096,107.0,4
ZERO_THREE_RIGHT,1,1773163108.0,26.4,1.4756088857159533,107.0,4
ZERO_THREE_RIGHT,1,1773163217.0,26.4,1.6947974735146096,107.0,4
ZERO_THREE_RIGHT,1,1773163389.0,26.4,1.4756088857159533,107.0,4
ZERO_THREE_RIGHT,1,1773163498.0,26.4,1.6947974735146096,105.0,3
ZERO_THREE_RIGHT,1,1773163777.0,26.4,1.4756088857159533,105.0,3
ZERO_THREE_RIGHT,1,1773163886.0,26.4,1.6947974735146096,105.0,3
ZERO_THREE_RIGHT,1,1773345407.0,26.4,1.311776599427672,80.0,5
ZERO_THREE_RIGHT,1,1773345534.0,26.4,1.311776599427672,80.0,5
ZERO_THREE_RIGHT,1,1773345889.0,26.4,1.311776599427672,80.0,5
ZERO_THREE_RIGHT,1,1773346016.0,26.4,1.311776599427672,79.5,4
ZERO_THREE_RIGHT,1,1773346276.0,26.4,1.311776599427672,79.5,4
ZERO_THREE_RIGHT,1,1773346403.0,26.4,1.311776599427672,79.5,4
ZERO_THREE_RIGHT,1,1773346557.0,26.4,1.311776599427672,79.5,4
ZERO_THREE_RIGHT,1,1773346684.0,26.4,1.311776599427672,79.0,3
ZERO_THREE_RIGHT,1,1773346945.0,26.4,1.311776599427672,79.0,3
ZERO_THREE_RIGHT,1,1773347072.0,26.4,1.311776599427672,79.0,3
ZERO_THREE_RIGHT,1,1773420867.0,26.4,1.85807060524218,119.5,6
ZERO_THREE_RIGHT,1,1773421254.0,26.4,1.85807060524218,121.0,5
ZERO_THREE_RIGHT,1,1773421535.0,26.4,1.85807060524218,121.0,5
ZERO_THREE_RIGHT,1,1773421749.0,26.4,1.6400003265649459,123.0,4
ZERO_THREE_RIGHT,1,1773421923.0,26.4,1.85807060524218,123.0,4
ZERO_THREE_RIGHT,1,1773422136.0,26.4,1.6400003265649459,123.0,4
ZERO_THREE_RIGHT,1,1773422417.0,26.4,1.6400003265649459,121.0,3
ZERO_THREE_RIGHT,1,1773422805.0,26.4,1.6400003265649459,121.5,2
ZERO_THREE_RIGHT,1,1773515194.0,26.4,1.749035465903563,110.0,10
ZERO_THREE_RIGHT,1,1773515276.0,26.4,1.6942383189538988,110.0,10
ZERO_THREE_RIGHT,1,1773515676.0,26.4,1.749035465903563,113.0,8
ZERO_THREE_RIGHT,1,1773515758.0,26.4,1.6942383189538988,113.0,8
ZERO_THREE_RIGHT,1,1773516063.0,26.4,1.749035465903563,113.0,8
ZERO_THREE_RIGHT,1,1773516145.0,26.4,1.6942383189538988,113.0,8
ZERO_THREE_RIGHT,1,1773516344.0,26.4,1.749035465903563,116.0,6
ZERO_THREE_RIGHT,1,1773516426.0,26.4,1.6942383189538988,116.0,6
ZERO_THREE_RIGHT,1,1773516732.0,26.4,1.749035465903563,116.0,6
ZERO_THREE_RIGHT,1,1773516814.0,26.4,1.6942383189538988,120.5,4
ZERO_THREE_RIGHT,1,1773525810.0,26.4,1.8038326128532272,114.0,1
ZERO_THREE_RIGHT,1,1773526197.0,26.4,1.8038326128532272,114.0,1
ZERO_THREE_RIGHT,1,1773526478.0,26.4,1.8038326128532272,105.5,2
ZERO_THREE_RIGHT,1,1773526866.0,26.4,1.8038326128532272,105.5,2
ZERO_THREE_RIGHT,1,1773593790.0,26.4,1.5852031796152817,114.0,11
ZERO_THREE_RIGHT,1,1773593922.0,26.4,1.5298468781049064,114.0,10
ZERO_THREE_RIGHT,1,1773594177.0,26.4,1.5852031796152817,114.0,9
ZERO_THREE_RIGHT,1,1773594309.0,26.4,1.5298468781049064,114.0,9
ZERO_THREE_RIGHT,1,1773594458.0,26.4,1.5852031796152817,114.0,10
ZERO_THREE_RIGHT,1,1773594590.0,26.4,1.5298468781049064,114.0,9
ZERO_THREE_RIGHT,1,1773594846.0,26.4,1.5852031796152817,113.5,8
ZERO_THREE_RIGHT,1,1773594978.0,26.4,1.5298468781049064,113.0,9
ZERO_THREE_RIGHT,1,1773683952.0,26.4,1.5852031796152817,109.0,15
ZERO_THREE_RIGHT,1,1773684112.0,26.4,1.5852031796152817,109.0,15
ZERO_THREE_RIGHT,1,1773684339.0,26.4,1.5852031796152817,109.0,13
ZERO_THREE_RIGHT,1,1773684499.0,26.4,1.5852031796152817,109.0,12
ZERO_THREE_RIGHT,1,1773684620.0,26.4,1.5852031796152817,109.0,12
ZERO_THREE_RIGHT,1,1773684780.0,26.4,1.5852031796152817,109.0,10
ZERO_THREE_RIGHT,1,1773685008.0,26.4,1.5852031796152817,109.0,9
ZERO_THREE_RIGHT,1,1773685168.0,26.4,1.5852031796152817,109.0,9
ZERO_THREE_RIGHT,1,1773712023.0,26.4,1.6942383189538988,115.0,1
ZERO_THREE_RIGHT,1,1773712148.0,26.4,1.4761680402766642,115.0,1
ZERO_THREE_RIGHT,1,1773712410.0,26.4,1.6942383189538988,115.0,1
ZERO_THREE_RIGHT,1,1773712535.0,26.4,1.4761680402766642,115.0,1
ZERO_THREE_RIGHT,1,1773712691.0,26.4,1.6942383189538988,109.0,2
ZERO_THREE_RIGHT,1,1773712816.0,26.4,1.4761680402766642,109.0,2
ZERO_THREE_RIGHT,1,1773713079.0,26.4,1.6942383189538988,109.0,2
ZERO_THREE_RIGHT,1,1773713204.0,26.4,1.4761680402766642,103.0,3
ZERO_THREE_RIGHT,1,1773777661.0,26.4,1.5304060326656175,100.0,15
ZERO_THREE_RIGHT,1,1773778143.0,26.4,1.5304060326656175,99.0,12
ZERO_THREE_RIGHT,1,1773778233.0,26.4,1.6942383189538988,99.0,12
ZERO_THREE_RIGHT,1,1773778530.0,26.4,1.5304060326656175,100.0,10
ZERO_THREE_RIGHT,1,1773778620.0,26.4,1.6942383189538988,100.0,9
ZERO_THREE_RIGHT,1,1773778811.0,26.4,1.5304060326656175,100.0,9
ZERO_THREE_RIGHT,1,1773778901.0,26.4,1.6942383189538988,100.0,9
ZERO_THREE_RIGHT,1,1773779199.0,26.4,1.5304060326656175,100.0,7
ZERO_THREE_RIGHT,1,1773779289.0,26.4,1.6942383189538988,97.5,6
ZERO_THREE_RIGHT,1,1773790481.0,26.4,1.6942383189538988,118.0,1
ZERO_THREE_RIGHT,1,1773790572.0,26.4,1.6400003265649459,118.0,1
ZERO_THREE_RIGHT,1,1773790868.0,26.4,1.6942383189538988,118.0,1
ZERO_THREE_RIGHT,1,1773790959.0,26.4,1.6400003265649459,120.5,2
ZERO_THREE_RIGHT,1,1773791149.0,26.4,1.6942383189538988,120.5,2
ZERO_THREE_RIGHT,1,1773791240.0,26.4,1.6400003265649459,120.5,2
ZERO_THREE_RIGHT,1,1773791537.0,26.4,1.6942383189538988,120.5,2
ZERO_THREE_RIGHT,1,1773791628.0,26.4,1.6400003265649459,118.0,3
ZERO_THREE_RIGHT,1,1773849243.0,26.4,1.5852031796152817,109.0,12
ZERO_THREE_RIGHT,1,1773849372.0,26.4,1.6394411720042346,109.0,12
ZERO_THREE_RIGHT,1,1773849725.0,26.4,1.5852031796152817,109.0,11
ZERO_THREE_RIGHT,1,1773850112.0,26.4,1.5852031796152817,113.0,10
ZERO_THREE_RIGHT,1,1773850241.0,26.4,1.6394411720042346,117.0,9
ZERO_THREE_RIGHT,1,1773850393.0,26.4,1.5852031796152817,117.0,8
ZERO_THREE_RIGHT,1,1773850522.0,26.4,1.6394411720042346,117.0,8
ZERO_THREE_RIGHT,1,1773850781.0,26.4,1.5852031796152817,117.0,7
ZERO_THREE_RIGHT,1,1773850910.0,26.4,1.6394411720042346,117.0,7
ZERO_THREE_RIGHT,1,1773867144.0,26.4,1.3665737463773362,110.5,2
ZERO_THREE_RIGHT,1,1773867243.0,26.4,1.311776599427672,110.5,2
ZERO_THREE_RIGHT,1,1773867425.0,26.4,1.3665737463773362,110.5,2
ZERO_THREE_RIGHT,1,1773867524.0,26.4,1.311776599427672,110.5,2
ZERO_THREE_RIGHT,1,1773867813.0,26.4,1.3665737463773362,107.0,3
ZERO_THREE_RIGHT,1,1773867912.0,26.4,1.311776599427672,107.0,3
ZERO_THREE_RIGHT,1,1773947064.0,26.4,0.30701251595389867,76.5,4
ZERO_THREE_RIGHT,1,1773948250.0,26.4,0.2218902906343363,75.5,2
ZERO_THREE_RIGHT,1,1774032851.0,26.4,1.5304060326656175,94.0,14
ZERO_THREE_RIGHT,1,1774033132.0,26.4,1.5304060326656175,94.0,14
ZERO_THREE_RIGHT,1,1774033520.0,26.4,1.5304060326656175,97.5,12
ZERO_THREE_RIGHT,1,1774033568.0,26.4,1.6942383189538988,97.5,12
ZERO_THREE_RIGHT,1,1774033849.0,26.4,1.6942383189538988,97.5,12
ZERO_THREE_RIGHT,1,1774034237.0,26.4,1.6942383189538988,101.0,10
ZERO_THREE_RIGHT,1,1774118563.0,26.4,1.4761680402766642,117.5,8
ZERO_THREE_RIGHT,1,1774118670.0,26.4,1.5304060326656175,117.5,8
ZERO_THREE_RIGHT,1,1774118844.0,26.4,1.4761680402766642,117.5,8
ZERO_THREE_RIGHT,1,1774118951.0,26.4,1.5304060326656175,119.0,6
ZERO_THREE_RIGHT,1,1774119232.0,26.4,1.4761680402766642,119.0,6
ZERO_THREE_RIGHT,1,1774119339.0,26.4,1.5304060326656175,119.0,6
ZERO_THREE_RIGHT,1,1774204283.0,26.4,1.5852031796152817,113.5,12
ZERO_THREE_RIGHT,1,1774204859.0,26.4,1.6400003265649457,119.0,10
ZERO_THREE_RIGHT,1,1774204964.0,26.4,1.5852031796152817,125.5,8
ZERO_THREE_RIGHT,1,1774205245.0,26.4,1.5852031796152817,125.5,8
ZERO_THREE_RIGHT,1,1774205247.0,26.4,1.6400003265649457,125.5,8
ZERO_THREE_RIGHT,1,1774205633.0,26.4,1.5852031796152817,119.0,6
ZERO_THREE_RIGHT,1,1774289168.0,26.4,1.6942383189538988,100.0,10
ZERO_THREE_RIGHT,1,1774289440.0,26.4,1.311776599427672,98.5,8
ZERO_THREE_RIGHT,1,1774289449.0,26.4,1.6942383189538988,98.5,8
ZERO_THREE_RIGHT,1,1774289721.0,26.4,1.311776599427672,98.5,8
ZERO_THREE_RIGHT,1,1774289837.0,26.4,1.6942383189538988,98.5,8
ZERO_THREE_RIGHT,1,1774290109.0,26.4,1.311776599427672,100.0,6
ZERO_THREE_RIGHT,1,1774373929.0,26.4,1.3665737463773362,100.0,5
ZERO_THREE_RIGHT,1,1774374026.0,26.4,1.3665737463773362,100.0,5
ZERO_THREE_RIGHT,1,1774374610.0,26.4,1.3665737463773362,100.5,4
ZERO_THREE_RIGHT,1,1774374707.0,26.4,1.3665737463773362,100.5,4
ZERO_THREE_RIGHT,1,1774374891.0,26.4,1.3665737463773362,100.5,4
ZERO_THREE_RIGHT,1,1774374988.0,26.4,1.3665737463773362,100.5,4
ZERO_THREE_RIGHT,1,1774375279.0,26.4,1.3665737463773362,101.0,3
ZERO_THREE_RIGHT,1,1774375376.0,26.4,1.3665737463773362,101.0,3
ZERO_THREE_RIGHT,1,1774460985.0,26.4,1.311776599427672,123.0,16
ZERO_THREE_RIGHT,1,1774461666.0,26.4,1.311776599427672,123.0,17
ZERO_THREE_RIGHT,1,1774461947.0,26.4,1.311776599427672,124.5,18
ZERO_THREE_RIGHT,1,1774462335.0,26.4,1.311776599427672,123.0,19
ZERO_THREE_RIGHT,1,1774468395.0,26.4,1.5852031796152817,109.0,10
ZERO_THREE_RIGHT,1,1774469076.0,26.4,1.5852031796152817,106.5,8
ZERO_THREE_RIGHT,1,1774469357.0,26.4,1.5852031796152817,106.5,8
ZERO_THREE_RIGHT,1,1774469745.0,26.4,1.5852031796152817,109.0,6
ZERO_THREE_RIGHT,1,1774481237.0,26.4,1.6394411720042346,125.0,2
ZERO_THREE_RIGHT,1,1774481518.0,26.4,1.6394411720042346,125.0,2
ZERO_THREE_RIGHT,1,1774481906.0,26.4,1.6394411720042346,118.0,3
ZERO_THREE_RIGHT,1,1774490355.0,26.4,1.5304060326656175,107.5,12
ZERO_THREE_RIGHT,1,1774490725.0,26.4,1.85807060524218,107.5,12
ZERO_THREE_RIGHT,1,1774491036.0,26.4,1.5304060326656175,107.0,12
ZERO_THREE_RIGHT,1,1774491317.0,26.4,1.5304060326656175,107.0,12
ZERO_THREE_RIGHT,1,1774491406.0,26.4,1.85807060524218,107.0,12
ZERO_THREE_RIGHT,1,1774491687.0,26.4,1.85807060524218,107.0,12
ZERO_THREE_RIGHT,1,1774491705.0,26.4,1.5304060326656175,107.0,12
ZERO_THREE_RIGHT,1,1774492075.0,26.4,1.85807060524218,107.5,12
ZERO_THREE_RIGHT,1,1774547908.0,26.4,1.311776599427672,103.0,11
ZERO_THREE_RIGHT,1,1774548099.0,26.4,1.311776599427672,103.0,10
ZERO_THREE_RIGHT,1,1774548589.0,26.4,1.311776599427672,103.0,9
ZERO_THREE_RIGHT,1,1774548870.0,26.4,1.311776599427672,99.0,8
ZERO_THREE_RIGHT,1,1774549258.0,26.4,1.311776599427672,103.0,6
ZERO_THREE_RIGHT,1,1774581141.0,26.4,1.5309651872263284,106.0,1
ZERO_THREE_RIGHT,1,1774581422.0,26.4,1.5309651872263284,106.0,1
ZERO_THREE_RIGHT,1,1774581810.0,26.4,1.5309651872263284,105.0,2
ZERO_THREE_RIGHT,1,1774582473.0,26.4,1.5309651872263284,106.0,3
ZERO_THREE_RIGHT,1,1774646216.0,26.4,1.5298468781049064,98.0,16
ZERO_THREE_RIGHT,1,1774646667.0,26.4,1.311776599427672,98.0,15
ZERO_THREE_RIGHT,1,1774646706.0,26.4,1.5298468781049064,98.0,15
ZERO_THREE_RIGHT,1,1774646948.0,26.4,1.311776599427672,101.0,12
ZERO_THREE_RIGHT,1,1774646987.0,26.4,1.5298468781049064,101.0,12
ZERO_THREE_RIGHT,1,1774647336.0,26.4,1.311776599427672,101.0,12
ZERO_THREE_RIGHT,1,1774647375.0,26.4,1.5298468781049064,104.0,10
ZERO_THREE_RIGHT,1,1774647999.0,26.4,1.311776599427672,104.0,7
ZERO_THREE_RIGHT,1,1774648038.0,26.4,1.5298468781049064,104.0,7
ZERO_THREE_RIGHT,1,1774668313.0,26.4,1.4761680402766642,102.0,1
ZERO_THREE_RIGHT,1,1774668594.0,26.4,1.4761680402766642,98.5,2
ZERO_THREE_RIGHT,1,1774668982.0,26.4,1.4761680402766642,98.5,2
ZERO_THREE_RIGHT,1,1774669645.0,26.4,1.4761680402766642,101.0,3
ZERO_THREE_RIGHT,1,1774718025.0,26.4,1.5304060326656175,108.5,12
ZERO_THREE_RIGHT,1,1774718323.0,26.4,1.5852031796152817,108.0,11
ZERO_THREE_RIGHT,1,1774718515.0,26.4,1.5304060326656175,108.0,10
ZERO_THREE_RIGHT,1,1774718796.0,26.4,1.5304060326656175,108.0,10
ZERO_THREE_RIGHT,1,1774718813.0,26.4,1.5852031796152817,108.0,10
ZERO_THREE_RIGHT,1,1774719094.0,26.4,1.5852031796152817,106.5,8
ZERO_THREE_RIGHT,1,1774719184.0,26.4,1.5304060326656175,106.5,8
ZERO_THREE_RIGHT,1,1774719482.0,26.4,1.5852031796152817,106.5,8
ZERO_THREE_RIGHT,1,1774719847.0,26.4,1.5304060326656175,109.0,6
ZERO_THREE_RIGHT,1,1774720145.0,26.4,1.5852031796152817,109.0,5
ZERO_THREE_RIGHT,1,1774738954.0,26.4,1.311776599427672,96.0,1
ZERO_THREE_RIGHT,1,1774738996.0,26.4,1.6942383189538988,96.0,1
ZERO_THREE_RIGHT,1,1774739235.0,26.4,1.311776599427672,96.0,1
ZERO_THREE_RIGHT,1,1774739277.0,26.4,1.6942383189538988,96.0,1
ZERO_THREE_RIGHT,1,1774739623.0,26.4,1.311776599427672,107.0,2
ZERO_THREE_RIGHT,1,1774739665.0,26.4,1.6942383189538988,107.0,2
ZERO_THREE_RIGHT,1,1774740286.0,26.4,1.311776599427672,110.0,3
ZERO_THREE_RIGHT,1,1774740328.0,26.4,1.6942383189538988,110.0,3
ZERO_THREE_RIGHT,1,1774811494.0,26.4,1.6942383189538988,119.0,15
ZERO_THREE_RIGHT,1,1774811571.0,26.4,1.3665737463773362,119.0,15
ZERO_THREE_RIGHT,1,1774811984.0,26.4,1.6942383189538988,121.5,12
ZERO_THREE_RIGHT,1,1774812061.0,26.4,1.3665737463773362,121.5,12
ZERO_THREE_RIGHT,1,1774812265.0,26.4,1.6942383189538988,121.5,12
ZERO_THREE_RIGHT,1,1774812342.0,26.4,1.3665737463773362,121.5,12
ZERO_THREE_RIGHT,1,1774812653.0,26.4,1.6942383189538988,124.0,9
ZERO_THREE_RIGHT,1,1774812730.0,26.4,1.3665737463773362,124.0,9
ZERO_THREE_RIGHT,1,1774813316.0,26.4,1.6942383189538988,117.5,6
ZERO_THREE_RIGHT,1,1774813393.0,26.4,1.3665737463773362,117.5,6
ZERO_THREE_RIGHT,1,1774826513.0,26.4,1.5852031796152817,118.0,1
ZERO_THREE_RIGHT,1,1774826570.0,26.4,1.6947974735146096,118.0,1
ZERO_THREE_RIGHT,1,1774826794.0,26.4,1.5852031796152817,118.0,1
ZERO_THREE_RIGHT,1,1774826851.0,26.4,1.6947974735146096,118.0,1
ZERO_THREE_RIGHT,1,1774827182.0,26.4,1.5852031796152817,117.5,2
ZERO_THREE_RIGHT,1,1774827239.0,26.4,1.6947974735146096,117.5,2
ZERO_THREE_RIGHT,1,1774827845.0,26.4,1.5852031796152817,117.0,3
ZERO_THREE_RIGHT,1,1774827902.0,26.4,1.6947974735146096,117.0,3
ZERO_THREE_RIGHT,1,1774888394.0,26.4,1.4761680402766642,118.0,12
ZERO_THREE_RIGHT,1,1774888884.0,26.4,1.4761680402766642,128.0,10
ZERO_THREE_RIGHT,1,1774889165.0,26.4,1.4761680402766642,128.0,10
ZERO_THREE_RIGHT,1,1774889553.0,26.4,1.4761680402766642,128.0,8
ZERO_THREE_RIGHT,1,1774890216.0,26.4,1.4761680402766642,128.0,6
ZERO_THREE_RIGHT,1,1774921703.0,26.4,1.5852031796152815,97.0,1
ZERO_THREE_RIGHT,1,1774921984.0,26.4,1.5852031796152815,97.0,1
ZERO_THREE_RIGHT,1,1774922372.0,26.4,1.5852031796152815,96.5,2
ZERO_THREE_RIGHT,1,1774923035.0,26.4,1.5852031796152815,96.0,3
ZERO_THREE_RIGHT,1,1774990496.0,8.8,2.073615425300471,144.0,23111
ZERO_THREE_RIGHT,1,1774990665.0,8.8,2.3094551402229637,144.0,23769
ZERO_THREE_RIGHT,1,1774991298.75,8.8,2.733334855206502,144.0,23769
ZERO_THREE_RIGHT,1,1774991331.75,8.8,4.866054087983073,144.0,23769
ZERO_THREE_RIGHT,1,1774991348.75,8.8,3.3909710068466543,144.0,23769
ZERO_THREE_RIGHT,1,1774991410.75,8.8,4.373622455295146,144.0,23769
ZERO_THREE_RIGHT,1,1774992504.7,8.8,1.7551914572616103,144.0,23769
ZERO_THREE_RIGHT,1,1774993254.05,8.8,2.605095671720632,144.0,23769
ZERO_THREE_RIGHT,1,1774994043.0,8.8,2.049751605046236,144.0,23769
ZERO_THREE_RIGHT,1,1774994117.85,8.8,2.2202774472639657,144.0,23769
ZERO_THREE_RIGHT,1,1776367265.0,8.8,0.9280607291616566,89.0,18618
ZERO_THREE_RIGHT,1,1776367492.0,8.8,0.9971200715848164,86.0,19425
ZERO_THREE_RIGHT,1,1776368247.95,8.8,1.5290345177004205,84.0,21453
ZERO_THREE_RIGHT,1,1776368474.75,8.8,0.9570682643837286,84.0,21452
ZERO_THREE_RIGHT,1,1776368783.55,8.8,1.1619213706033813,84.0,21452
ZERO_THREE_RIGHT,1,1776368808.75,8.8,1.1931833706233526,84.0,21452
ZERO_THREE_RIGHT,1,1776368815.55,8.8,1.2831798184444547,84.0,21452
ZERO_THREE_RIGHT,1,1776369162.75,8.8,1.202408786255064,84.0,21451
ZERO_THREE_RIGHT,1,1776369568.8500001,8.8,1.2503674262362825,84.0,21451
ZERO_THREE_RIGHT,1,1776369817.65,8.8,1.5741958836437389,84.0,21450
ZERO_THREE_RIGHT,1,1776370056.45,8.8,0.6696800006892556,84.0,21450
ZERO_THREE_RIGHT,1,1776370067.05,8.8,1.3394087021618373,84.0,21450
ZERO_THREE_RIGHT,1,1776370314.7,8.8,1.4331978424782108,84.0,21450
ZERO_THREE_RIGHT,1,1776370796.8,8.8,1.0661005679197877,84.0,21450
ZERO_THREE_RIGHT,1,1776370949.0,8.8,1.2929195446225046,84.0,21450
ZERO_THREE_RIGHT,1,1776370956.2,8.8,1.0799470362193446,84.0,21450
ZERO_THREE_RIGHT,1,1776371209.0,8.8,0.9820832318409315,84.0,21450
ZERO_THREE_RIGHT,1,1776372106.0,8.8,1.2714863273761252,84.0,21064
ZERO_THREE_RIGHT,1,1777412486.0,8.8,2.166213688700655,101.0,9729
ZERO_THREE_RIGHT,1,1777413528.0,8.8,4.637915481698114,102.0,14178
ZERO_THREE_RIGHT,1,1777414012.65,8.8,4.190153495925804,102.0,14178
ZERO_THREE_RIGHT,1,1777414548.25,8.8,3.1925040969025105,102.0,14178
ZERO_THREE_RIGHT,1,1777414701.45,8.8,2.5679512838608076,102.0,14178
ZERO_THREE_RIGHT,1,1777416491.85,8.8,6.498964430484788,102.0,14178
ZERO_THREE_RIGHT,1,1777416680.05,8.8,3.713849194964446,102.0,14178
ZERO_THREE_RIGHT,1,1777417595.0,8.8,2.1800766230158763,102.0,14178
ZERO_THREE_RIGHT,1,1777483430.0,26.4,1.4756088857159533,110.0,4
ZERO_THREE_RIGHT,1,1777483430.0,26.4,1.4756088857159533,110.0,4
ZERO_THREE_RIGHT,1,1777483715.0,26.4,1.749035465903563,110.0,4
ZERO_THREE_RIGHT,1,1777483715.0,26.4,1.749035465903563,110.0,4
ZERO_THREE_RIGHT,1,1777566105.0,26.4,1.5852031796152817,112.0,12
ZERO_THREE_RIGHT,1,1777566206.0,26.4,1.5852031796152817,112.0,12
ZERO_THREE_RIGHT,1,1777567156.0,26.4,1.5852031796152817,132.0,10
ZERO_THREE_RIGHT,1,1777567257.0,26.4,1.5852031796152817,132.0,10
ZERO_THREE_RIGHT,1,1777567257.0,26.4,1.5852031796152817,132.0,10
ZERO_THREE_RIGHT,1,1777737757.0,26.4,1.311776599427672,162.0,5
ZERO_THREE_RIGHT,1,1777738808.0,26.4,1.311776599427672,164.0,3
ZERO_THREE_RIGHT,1,1777738808.0,26.4,1.311776599427672,164.0,3
ZERO_THREE_RIGHT,1,1778017257.0,26.4,1.421370893327,100.0,6
ZERO_THREE_RIGHT,1,1778018187.0,26.4,1.421370893327,102.0,4
ZERO_THREE_RIGHT,1,1778018187.0,26.4,1.421370893327,102.0,4
ZERO_THREE_RIGHT,1,1778270045.0,26.4,2.0224620460911726,114.0,5
ZERO_THREE_RIGHT,1,1778270172.0,26.4,1.366573746377336,114.0,5
ZERO_THREE_RIGHT,1,1778270878.0,26.4,2.0224620460911726,110.5,4
ZERO_THREE_RIGHT,1,1778270878.0,26.4,2.0224620460911726,110.5,4
ZERO_THREE_RIGHT,1,1778271005.0,26.4,1.366573746377336,110.5,4
ZERO_THREE_RIGHT,1,1778271005.0,26.4,1.366573746377336,110.5,4
ZERO_THREE_RIGHT,1,1778362583.0,26.4,1.4756088857159533,97.5,6
ZERO_THREE_RIGHT,1,1778362583.0,26.4,1.4756088857159533,97.5,6
ZERO_THREE_RIGHT,1,1778362695.0,26.4,1.3665737463773362,93.0,5
ZERO_THREE_RIGHT,1,1778362695.0,26.4,1.3665737463773362,93.0,5
ZERO_THREE_RIGHT,1,1778461004.0,26.4,1.5846440250545706,102.0,10
ZERO_THREE_RIGHT,1,1778461114.0,26.4,1.5852031796152817,102.0,10
ZERO_THREE_RIGHT,1,1778461763.0,26.4,1.5846440250545706,102.0,9
ZERO_THREE_RIGHT,1,1778461763.0,26.4,1.5846440250545706,102.0,9
ZERO_THREE_RIGHT,1,1778461873.0,26.4,1.5852031796152817,102.0,9
ZERO_THREE_RIGHT,1,1778461873.0,26.4,1.5852031796152817,102.0,9
ZERO_THREE_RIGHT,1,1778537896.0,26.4,1.4213708933270002,83.5,12
ZERO_THREE_RIGHT,1,1778537974.0,26.4,1.421370893327,83.5,12
ZERO_THREE_RIGHT,1,1778538655.0,26.4,1.4213708933270002,82.0,10
ZERO_THREE_RIGHT,1,1778538655.0,26.4,1.4213708933270002,82.0,10
ZERO_THREE_RIGHT,1,1778538733.0,26.4,1.421370893327,82.0,9
ZERO_THREE_RIGHT,1,1778538733.0,26.4,1.421370893327,82.0,9
ZERO_THREE_RIGHT,1,1778619524.0,26.4,1.4756088857159533,89.0,10
ZERO_THREE_RIGHT,1,1778619593.0,26.4,1.420811738766289,89.0,10
ZERO_THREE_RIGHT,1,1778619689.0,26.4,1.420811738766289,89.0,10
ZERO_THREE_RIGHT,1,1778620283.0,26.4,1.4756088857159533,88.0,9
ZERO_THREE_RIGHT,1,1778620283.0,26.4,1.4756088857159533,88.0,9
ZERO_THREE_RIGHT,1,1778620352.0,26.4,1.420811738766289,88.5,8
ZERO_THREE_RIGHT,1,1778620352.0,26.4,1.420811738766289,88.5,8
ZERO_THREE_RIGHT,1,1778702753.0,26.4,1.5298468781049064,107.0,8
ZERO_THREE_RIGHT,1,1778703416.0,26.4,1.5298468781049064,108.0,9
ZERO_THREE_RIGHT,1,1778703416.0,26.4,1.5298468781049064,108.0,9
ZERO_THREE_RIGHT,1,1778788449.0,8.8,2.1341564315603367,195.0,46270
ZERO_THREE_RIGHT,1,1778788687.0,8.8,2.4654443379509803,197.0,50904
ZERO_THREE_RIGHT,1,1778789603.95,8.8,3.470947131313141,194.0,68244
ZERO_THREE_RIGHT,1,1778789729.0,8.8,3.566396145763119,193.0,69303
ZERO_THREE_RIGHT,1,1778789742.05,8.8,3.37811709526988,193.0,69303
ZERO_THREE_RIGHT,1,1778790066.25,8.8,2.1524398212131644,193.0,69302
ZERO_THREE_RIGHT,1,1778790359.6000001,8.8,3.180256368050191,193.0,69302
ZERO_THREE_RIGHT,1,1778790425.8500001,8.8,4.453958503074276,193.0,69302
ZERO_THREE_RIGHT,1,1778790545.0,8.8,2.708041514947674,193.0,69301
ZERO_THREE_RIGHT,1,1778790676.05,8.8,2.2526012051273083,193.0,69550
ZERO_THREE_RIGHT,1,1778791245.95,8.8,3.2165360709261055,193.0,69766
ZERO_THREE_RIGHT,1,1778791377.55,8.8,3.274078395681576,193.0,69766
ZERO_THREE_RIGHT,1,1778791508.3500001,8.8,2.9023954970220256,193.0,69766
ZERO_THREE_RIGHT,1,1778792048.2,8.8,3.379279814106903,193.0,69766
ZERO_THREE_RIGHT,1,1778792177.8500001,8.8,3.8264102811041805,193.0,69766
ZERO_THREE_RIGHT,1,1778792305.3,8.8,3.540480404005045,193.0,69766
ZERO_THREE_RIGHT,1,1778792831.0,8.8,2.9211364046202632,193.0,69766
ZERO_THREE_RIGHT,1,1778792963.8500001,8.8,2.976227971373051,193.0,69766
ZERO_THREE_RIGHT,1,1778793130.0,8.8,2.147146481094569,193.0,69766
ZERO_THREE_RIGHT,1,1778794259.6000001,8.8,9.504148641571364,185.0,49603
ZERO_THREE_RIGHT,1,1778794270.4,8.8,2.9545363057153597,185.0,49387
ZERO_THREE_RIGHT,1,1780091487.0,26.4,1.6942383189538988,129.0,5
ZERO_THREE_RIGHT,1,1780091542.0,26.4,1.749035465903563,129.0,5
ZERO_THREE_RIGHT,1,1780174779.0,26.4,1.749035465903563,135.0,5
ZERO_THREE_RIGHT,1,1780174815.0,26.4,2.1314971854297897,135.0,5
ZERO_THREE_RIGHT,1,1780174815.0,26.4,2.1314971854297897,135.0,5
ZERO_THREE_RIGHT,1,1780246947.0,26.4,1.6394411720042346,139.0,5
ZERO_THREE_RIGHT,1,1780414613.0,26.4,1.5852031796152817,138.5,6
ZERO_THREE_RIGHT,1,1780414661.0,26.4,1.749035465903563,134.0,5
ZERO_THREE_RIGHT,1,1780502303.0,26.4,1.5852031796152817,139.0,9
ZERO_THREE_RIGHT,1,1780597824.0,26.4,1.858629759802891,144.5,10
ZERO_THREE_RIGHT,1,1780597869.0,26.4,1.85807060524218,144.5,10
ZERO_THREE_RIGHT,1,1780769902.0,26.4,1.6947974735146099,139.0,10
ZERO_THREE_RIGHT,1,1780769952.0,26.4,1.749035465903563,139.0,10
ZERO_THREE_RIGHT,1,1781029801.0,26.4,1.6947974735146096,169.0,15
ZERO_THREE_RIGHT,1,1781121397.0,8.8,1.6931956813658244,138.0,3642
ZERO_THREE_RIGHT,1,1781121674.95,8.8,2.1175360594418993,134.0,4197
ZERO_THREE_RIGHT,1,1781121805.0,8.8,1.5145487846534609,133.0,4457
ZERO_THREE_RIGHT,1,1781122052.0,8.8,2.234919593304723,133.0,4599
ZERO_THREE_RIGHT,1,1781123133.0,8.8,2.0298519089448726,133.0,4597
ZERO_THREE_RIGHT,1,1781123696.0,8.8,1.965378863534323,133.0,4596
ZERO_THREE_RIGHT,1,1781128693.0,8.8,1.7945866333137361,126.0,835
ZERO_THREE_RIGHT,1,1781224496.0,26.4,2.1862943323794535,172.0,6
ZERO_THREE_RIGHT,1,1781403175.0,26.4,1.9671057445807973,149.0,5
ZERO_THREE_RIGHT,1,1781467374.0,26.4,2.022462046091172,159.0,12
ZERO_THREE_RIGHT,1,1781467374.0,26.4,2.022462046091172,159.0,12
ZERO_THREE_RIGHT,1,1781548107.0,26.4,2.3501266186677348,187.0,5
ZERO_THREE_RIGHT,1,1781649628.0,26.4,1.9671057445807973,173.5,6
ZERO_THREE_RIGHT,1,1781649803.0,26.4,1.9128677521918442,173.5,6
ZERO_THREE_RIGHT,1,1781710438.0,26.4,1.749035465903563,145.0,6
ZERO_THREE_RIGHT,1,1781802994.0,26.4,2.0767000384801255,162.0,5
ZERO_THREE_RIGHT,1,1781803098.0,26.4,2.0219028915304613,162.0,5
ZERO_THREE_RIGHT,1,1781979927.0,26.4,1.8032734582925158,223.0,5
ZERO_THREE_RIGHT,1,1782095277.0,26.4,2.6229940442946336,212.0,5
ZERO_THREE_RIGHT,1,1782095325.0,26.4,2.2947703171573597,212.0,5
ZERO_THREE_RIGHT,2,1752695229.0,24.4,0.2880228266248652,55.0,42
ZERO_THREE_RIGHT,2,1752695469.0,24.4,0.4055532695658465,55.0,42
ZERO_THREE_RIGHT,2,1752695969.75,24.4,0.19752599492413747,55.0,42
ZERO_THREE_RIGHT,2,1752713293.0,24.4,0.2323563062809451,54.5,48
ZERO_THREE_RIGHT,2,1752713546.0,24.4,0.3058978474146187,54.5,48
ZERO_THREE_RIGHT,2,1752713860.0,24.4,0.23559812771221844,54.5,48
ZERO_THREE_RIGHT,2,1752714370.25,24.4,0.25045903767810196,54.5,48
ZERO_THREE_RIGHT,2,1752715072.75,24.4,0.2126326824941029,54.5,48
ZERO_THREE_RIGHT,2,1753291811.0,13.7,0.591136283138068,154.0,46
ZERO_THREE_RIGHT,2,1753291949.2,13.7,0.6828033660391548,154.0,45
ZERO_THREE_RIGHT,2,1753389184.0,13.7,0.7786836240601349,209.0,46
ZERO_THREE_RIGHT,2,1753389245.95,13.7,0.6847795939733534,209.0,46
ZERO_THREE_RIGHT,2,1753479823.0,13.7,1.3955937728433365,187.0,12
ZERO_THREE_RIGHT,2,1753479886.45,13.7,1.098441246164974,187.0,12
ZERO_THREE_RIGHT,2,1753545330.0,13.7,0.7011461545703707,274.0,27
ZERO_THREE_RIGHT,2,1753545387.2,13.7,0.9424762053802086,274.0,27
ZERO_THREE_RIGHT,2,1754408830.0,23.4,0.3127741778855593,145.5,30
ZERO_THREE_RIGHT,2,1754408880.9,23.4,0.34351384463874673,145.5,30
ZERO_THREE_RIGHT,2,1754514803.0,23.4,0.2969160294956994,96.0,7
ZERO_THREE_RIGHT,2,1754514868.55,23.4,0.32702808156381147,96.0,7
ZERO_THREE_RIGHT,2,1754597026.0,23.4,0.31267509037845703,83.0,27
ZERO_THREE_RIGHT,2,1754597073.55,23.4,0.1789182213172043,83.0,27
ZERO_THREE_RIGHT,2,1754666941.0,23.4,0.4146699694424909,105.0,23
ZERO_THREE_RIGHT,2,1754667035.25,23.4,0.4610808674340375,105.0,23
ZERO_THREE_RIGHT,2,1754792936.55,23.4,0.4779795795276523,148.0,30
ZERO_THREE_RIGHT,2,1754841444.0,23.4,0.3955958575783586,127.0,22
ZERO_THREE_RIGHT,2,1754841490.3,23.4,0.33414938610897243,127.0,22
ZERO_THREE_RIGHT,2,1754843534.3,23.4,0.2888005574792274,101.0,14
ZERO_THREE_RIGHT,2,1754843717.8,23.4,0.3479860807893999,101.0,14
ZERO_THREE_RIGHT,2,1755200288.0,23.4,0.395269253229641,98.0,9
ZERO_THREE_RIGHT,2,1755200349.2,23.4,0.5768979286156309,98.0,9
ZERO_THREE_RIGHT,2,1755295317.0,23.4,0.7424095167010129,124.0,14
ZERO_THREE_RIGHT,2,1755295372.8,23.4,1.8155285854081866,124.0,14
ZERO_THREE_RIGHT,2,1755295404.8,23.4,0.7748812752339513,124.0,14
ZERO_THREE_RIGHT,2,1755373155.0,23.4,0.2933543062014818,87.0,33
ZERO_THREE_RIGHT,2,1755373209.85,23.4,0.3340089838404344,87.0,33
ZERO_THREE_RIGHT,2,1755447005.0,23.4,0.5432832738246783,97.0,2
ZERO_THREE_RIGHT,2,1755447051.5,23.4,0.5998597973477063,97.0,2
ZERO_THREE_RIGHT,2,1755646739.0,23.4,0.5759712214409092,98.0,45
ZERO_THREE_RIGHT,2,1755646784.7,23.4,0.37957894432484085,98.0,45
ZERO_THREE_RIGHT,2,1755699552.0,23.4,0.4239620519119556,201.0,33
ZERO_THREE_RIGHT,2,1755699604.15,23.4,0.25092880700237913,201.0,33
ZERO_THREE_RIGHT,2,1755699958.6,23.4,0.28527347128830205,203.0,30
ZERO_THREE_RIGHT,2,1755710150.0,23.4,0.3216785078380341,100.5,6
ZERO_THREE_RIGHT,2,1755710208.2,23.4,0.35915609384814234,100.5,6
ZERO_THREE_RIGHT,2,1755803308.05,8.8,1.2887595916589771,357.0,5357
ZERO_THREE_RIGHT,2,1755803886.0,8.8,1.14200295243487,357.0,5356
ZERO_THREE_RIGHT,2,1755804033.0,8.8,1.3947436546805874,357.0,5356
ZERO_THREE_RIGHT,2,1755804652.0,8.8,1.3901390577524664,357.0,5355
ZERO_THREE_RIGHT,2,1755805647.5,8.8,1.0565740305163034,357.0,5355
ZERO_THREE_RIGHT,2,1755805769.25,8.8,1.0519914013446166,357.0,5355
ZERO_THREE_RIGHT,2,1755805854.5,8.8,1.5842194359669493,357.0,5355
ZERO_THREE_RIGHT,2,1755807096.25,8.8,1.3141778654166152,357.0,5355
ZERO_THREE_RIGHT,2,1755807145.5,8.8,1.9064628342642838,357.0,5355
ZERO_THREE_RIGHT,2,1755807556.75,8.8,1.152761498946678,357.0,5355
ZERO_THREE_RIGHT,2,1755809368.0,8.8,1.3452547786134035,357.0,5355
ZERO_THREE_RIGHT,2,1755809552.0,8.8,1.0549581247550701,357.0,5355
ZERO_THREE_RIGHT,2,1755893201.0,23.4,0.4097074940800778,444.5,22
ZERO_THREE_RIGHT,2,1755893268.5,23.4,0.27269923140059604,449.0,21
ZERO_THREE_RIGHT,2,1755965888.0,7.8,1.9152836061917229,687.0,11
ZERO_THREE_RIGHT,2,1755965935.4,7.8,2.255048864121853,687.0,11
ZERO_THREE_RIGHT,2,1756144928.0,7.8,1.419402918957867,456.0,25
ZERO_THREE_RIGHT,2,1756144976.15,7.8,1.9759758582959581,466.5,24
ZERO_THREE_RIGHT,2,1756233495.0,7.8,1.3094586021368402,584.5,30
ZERO_THREE_RIGHT,2,1756233542.8,7.8,1.7284122313471348,584.5,30
ZERO_THREE_RIGHT,2,1756311857.0,7.8,1.6031260360283406,715.0,12
ZERO_THREE_RIGHT,2,1756311932.4,7.8,1.9463027010422105,715.0,12
ZERO_THREE_RIGHT,2,1756395679.0,7.8,1.383345646493349,727.0,27
ZERO_THREE_RIGHT,2,1756395731.9,7.8,2.346119734508391,727.0,27
ZERO_THREE_RIGHT,2,1756482749.0,8.8,1.2502024271054453,392.0,21
ZERO_THREE_RIGHT,2,1756482804.1,8.8,1.4671891181790604,392.0,21
ZERO_THREE_RIGHT,2,1756573715.45,8.8,1.520547791906969,345.5,20
ZERO_THREE_RIGHT,2,1756661722.0,8.8,1.3644527269875764,339.0,43
ZERO_THREE_RIGHT,2,1756661769.1,8.8,1.563950032500325,339.0,43
ZERO_THREE_RIGHT,2,1756741759.0,8.8,1.4686880044662909,651.0,47
ZERO_THREE_RIGHT,2,1756741805.45,8.8,1.6299942288164373,651.0,47
ZERO_THREE_RIGHT,2,1756846795.0,8.8,1.7072267299732258,753.0,49
ZERO_THREE_RIGHT,2,1756846890.85,8.8,1.6042488970288835,753.0,49
ZERO_THREE_RIGHT,2,1756925347.0,8.8,1.6110640537006993,483.0,29
ZERO_THREE_RIGHT,2,1756925404.9,8.8,2.2105086535458804,483.0,29
ZERO_THREE_RIGHT,2,1757012063.65,8.8,1.5818745878616083,267.0,1319
ZERO_THREE_RIGHT,2,1757013010.0,8.8,0.9654727545964464,264.0,1317
ZERO_THREE_RIGHT,2,1757013158.0,8.8,1.2541033420417267,274.0,1539
ZERO_THREE_RIGHT,2,1757013476.0,8.8,1.5560725324836553,295.0,2131
ZERO_THREE_RIGHT,2,1757015027.6,8.8,1.2684459027176507,299.0,2621
ZERO_THREE_RIGHT,2,1757015068.1,8.8,1.324291781552109,299.0,2621
ZERO_THREE_RIGHT,2,1757015242.85,8.8,1.4105251199123945,299.0,2621
ZERO_THREE_RIGHT,2,1757015460.85,8.8,1.156092325247371,299.0,2620
ZERO_THREE_RIGHT,2,1757015489.85,8.8,0.6752407720254432,299.0,2620
ZERO_THREE_RIGHT,2,1757015533.0,8.8,1.0995775092035736,299.0,2620
ZERO_THREE_RIGHT,2,1757015675.85,8.8,1.3079994921352056,299.0,2621
ZERO_THREE_RIGHT,2,1757016238.0,8.8,1.5792245019296096,299.0,2621
ZERO_THREE_RIGHT,2,1757018498.0,8.8,1.2795663496327483,299.0,2620
ZERO_THREE_RIGHT,2,1757019824.0,8.8,1.0646775727905227,299.0,2623
ZERO_THREE_RIGHT,2,1757020081.0,8.8,1.1673827012828517,299.0,2623
ZERO_THREE_RIGHT,2,1757020236.0,8.8,1.6236652465027306,299.0,2623
ZERO_THREE_RIGHT,2,1757020251.0,8.8,1.304355617197388,299.0,2623
ZERO_THREE_RIGHT,2,1757020276.0,8.8,1.1537897536621997,299.0,2623
ZERO_THREE_RIGHT,2,1757020453.0,8.8,1.1407801541177462,299.0,2624
ZERO_THREE_RIGHT,2,1757081970.8,8.8,1.4959342455789146,580.0,11
ZERO_THREE_RIGHT,2,1757175583.0,11.7,1.0676227320665874,636.0,26
ZERO_THREE_RIGHT,2,1757175637.2,11.7,0.9069860115562945,636.0,26
ZERO_THREE_RIGHT,2,1757259890.0,11.7,2.8354727773647594,474.5,24
ZERO_THREE_RIGHT,2,1757260165.0,11.7,2.8354727773647594,474.5,24
ZERO_THREE_RIGHT,2,1757282319.0,11.7,1.68648988923601,390.0,6
ZERO_THREE_RIGHT,2,1757282388.6,11.7,2.433911169090549,390.0,6
ZERO_THREE_RIGHT,2,1757446374.0,11.7,1.5877203528550132,866.0,33
ZERO_THREE_RIGHT,2,1757446429.6,11.7,1.9705873660323103,866.0,33
ZERO_THREE_RIGHT,2,1757534891.0,11.7,1.6551796377142822,966.5,8
ZERO_THREE_RIGHT,2,1757534944.0,11.7,1.2179791041439907,966.5,8
ZERO_THREE_RIGHT,2,1757638037.0,11.7,0.9172185800219153,325.0,28
ZERO_THREE_RIGHT,2,1757638555.7,11.7,0.704513935127238,327.0,27
ZERO_THREE_RIGHT,2,1757638694.45,11.7,1.045461063243038,327.0,27
ZERO_THREE_RIGHT,2,1757697570.0,11.7,1.3823298096241525,582.0,25
ZERO_THREE_RIGHT,2,1757697621.8,11.7,1.4901460884004094,582.0,23
ZERO_THREE_RIGHT,2,1757786183.0,11.7,1.263493045342012,464.0,31
ZERO_THREE_RIGHT,2,1757786233.75,11.7,1.086571323418145,464.0,31
ZERO_THREE_RIGHT,2,1757787270.25,11.7,1.356113920552543,464.0,33
ZERO_THREE_RIGHT,2,1757874346.0,8.8,3.8710270238012674,410.0,52
ZERO_THREE_RIGHT,2,1757874460.0,8.8,3.8710270238012674,410.0,49
ZERO_THREE_RIGHT,2,1757874526.0,8.8,3.8710270238012674,410.0,49
ZERO_THREE_RIGHT,2,1757874621.0,8.8,3.8710270238012674,410.0,49
ZERO_THREE_RIGHT,2,1757875299.0,8.8,1.3730762854698904,411.5,48
ZERO_THREE_RIGHT,2,1757875360.4,8.8,1.8665486826192383,411.5,48
ZERO_THREE_RIGHT,2,1757970484.0,8.8,1.9760463655158413,548.0,30
ZERO_THREE_RIGHT,2,1757970532.7,8.8,1.871928012298793,548.0,30
ZERO_THREE_RIGHT,2,1758042868.0,11.7,1.3004865762402533,1038.0,45
ZERO_THREE_RIGHT,2,1758042915.35,11.7,1.126313383371087,1038.0,45
ZERO_THREE_RIGHT,2,1758124145.0,11.7,1.5668009495725421,896.0,41
ZERO_THREE_RIGHT,2,1758124190.9,11.7,2.1792890680777384,896.0,41
ZERO_THREE_RIGHT,2,1758216797.0,8.8,9.57724073701645,440.0,2867
ZERO_THREE_RIGHT,2,1758216975.0,8.8,2.227262684003786,440.0,2867
ZERO_THREE_RIGHT,2,1758217549.0,8.8,1.9361787342073908,440.0,2865
ZERO_THREE_RIGHT,2,1758217763.0,8.8,1.8845541698010235,440.0,2865
ZERO_THREE_RIGHT,2,1758217946.5,8.8,12.464369861859598,440.0,2863
ZERO_THREE_RIGHT,2,1758218911.0,8.8,1.8456588931627924,440.0,2861
ZERO_THREE_RIGHT,2,1758219004.0,8.8,1.6027323136059928,440.0,2861
ZERO_THREE_RIGHT,2,1758219888.5,8.8,2.882413536727635,440.0,2857
ZERO_THREE_RIGHT,2,1758219922.75,8.8,1.8694129448860184,440.0,2857
ZERO_THREE_RIGHT,2,1758220645.75,8.8,3.0196513676464303,440.0,2855
ZERO_THREE_RIGHT,2,1758220736.75,8.8,2.801420759156043,440.0,2855
ZERO_THREE_RIGHT,2,1758220775.0,8.8,4.450952104735254,440.0,2855
ZERO_THREE_RIGHT,2,1758220800.75,8.8,3.6446425216587275,440.0,2855
ZERO_THREE_RIGHT,2,1758415611.0,10.7,1.837568595540587,529.0,30
ZERO_THREE_RIGHT,2,1758415664.55,10.7,1.5576075818461814,529.0,30
ZERO_THREE_RIGHT,2,1758482034.0,10.7,1.7806438352706222,563.0,30
ZERO_THREE_RIGHT,2,1758482081.75,10.7,1.7758935342390574,563.0,30
ZERO_THREE_RIGHT,2,1758640251.0,10.7,1.129087090562716,750.0,29
ZERO_THREE_RIGHT,2,1758640311.15,10.7,1.334481930805666,750.0,30
ZERO_THREE_RIGHT,2,1758737856.0,10.7,1.4498744913345167,494.0,30
ZERO_THREE_RIGHT,2,1758737902.2,10.7,1.3198151994299883,494.0,30
ZERO_THREE_RIGHT,2,1758814944.0,10.7,1.166262397173632,798.0,29
ZERO_THREE_RIGHT,2,1758814998.55,10.7,2.924036046839431,792.0,30
ZERO_THREE_RIGHT,2,1758901175.0,10.7,1.3412543382688618,1085.0,38
ZERO_THREE_RIGHT,2,1758901230.2,10.7,2.193167779676443,1085.0,38
ZERO_THREE_RIGHT,2,1758989044.0,10.7,3.1521283234065463,1000.0,53
ZERO_THREE_RIGHT,2,1758989091.45,10.7,2.7173698045901027,1000.0,53
ZERO_THREE_RIGHT,2,1759182634.0,10.7,2.265687386070699,901.0,33
ZERO_THREE_RIGHT,2,1759182701.3,10.7,1.8602486938552245,890.0,31
ZERO_THREE_RIGHT,2,1759249518.0,10.7,2.9868604819936793,974.0,48
ZERO_THREE_RIGHT,2,1759249566.8,10.7,1.8698583868119596,974.0,48
ZERO_THREE_RIGHT,2,1759339071.0,10.7,2.132742541918592,1233.0,27
ZERO_THREE_RIGHT,2,1759339163.45,10.7,1.8340156808727315,1233.0,27
ZERO_THREE_RIGHT,2,1759429368.0,8.8,1.9048748821200066,746.0,5416
ZERO_THREE_RIGHT,2,1759429850.35,8.8,2.0576400956413377,746.0,5415
ZERO_THREE_RIGHT,2,1759430733.0,8.8,2.387586918021669,746.0,5414
ZERO_THREE_RIGHT,2,1759430946.0,8.8,7.084655981347015,746.0,5414
ZERO_THREE_RIGHT,2,1759431967.0,8.8,1.6865389489255598,746.0,5412
ZERO_THREE_RIGHT,2,1759432978.8,8.8,4.2782023252630985,746.0,5410
ZERO_THREE_RIGHT,2,1759433493.0,8.8,2.2812758700473394,746.0,5409
ZERO_THREE_RIGHT,2,1759433493.0,8.8,1.9998732719539003,746.0,5409
ZERO_THREE_RIGHT,2,1759433629.0,8.8,2.206089951261039,746.0,5409
ZERO_THREE_RIGHT,2,1759433682.0,8.8,5.856666829447403,746.0,5409
ZERO_THREE_RIGHT,2,1759433683.0,8.8,2.4605180248923046,746.0,5409
ZERO_THREE_RIGHT,2,1759433724.0,8.8,2.505664329751461,746.0,5409
ZERO_THREE_RIGHT,2,1759433760.0,8.8,4.036309533865393,746.0,5409
ZERO_THREE_RIGHT,2,1759433760.0,8.8,5.418505799337542,746.0,5409
ZERO_THREE_RIGHT,2,1759433762.0,8.8,3840.0540312006656,746.0,5409
ZERO_THREE_RIGHT,2,1759433765.0,8.8,2.4648618322847886,746.0,5409
ZERO_THREE_RIGHT,2,1759433802.0,8.8,10.714139341820093,746.0,5409
ZERO_THREE_RIGHT,2,1759433803.0,8.8,1.6828249139714118,746.0,5409
ZERO_THREE_RIGHT,2,1759434324.0,8.8,7.577783559003466,746.0,5408
ZERO_THREE_RIGHT,2,1759434447.0,8.8,1.7715129288882805,746.0,5408
ZERO_THREE_RIGHT,2,1759434638.0,8.8,1.9093101680405553,746.0,5407
ZERO_THREE_RIGHT,2,1759434937.0,8.8,6.613643685380916,746.0,5407
ZERO_THREE_RIGHT,2,1759435719.0,8.8,3.39215534488193,746.0,5406
ZERO_THREE_RIGHT,2,1759435787.0,8.8,4.446779612861224,746.0,5406
ZERO_THREE_RIGHT,2,1759436369.0,8.8,2.1754430363246477,746.0,5406
ZERO_THREE_RIGHT,2,1759436420.0,8.8,2.326567121653757,746.0,5406
ZERO_THREE_RIGHT,2,1759699605.0,10.7,1.7062425960609189,2401.0,10
ZERO_THREE_RIGHT,2,1759699655.75,10.7,2.414162438697266,2314.0,9
ZERO_THREE_RIGHT,2,1759798385.0,9.8,1.2232106016017714,569.0,27
ZERO_THREE_RIGHT,2,1759798430.25,9.8,1.4772087745494082,569.0,27
ZERO_THREE_RIGHT,2,1759877986.0,9.8,5.082714956861697,815.5,24
ZERO_THREE_RIGHT,2,1759878081.0,9.8,5.082714956861697,815.5,24
ZERO_THREE_RIGHT,2,1759943625.0,9.8,3.8262946589444,682.0,24
ZERO_THREE_RIGHT,2,1759943720.0,9.8,3.8262946589444,652.0,26
ZERO_THREE_RIGHT,2,1759953267.0,9.8,1.347713987394342,516.0,27
ZERO_THREE_RIGHT,2,1759953393.4,9.8,1.9493871791490347,522.0,28
ZERO_THREE_RIGHT,2,1759953761.65,9.8,1.780910717499924,522.0,28
ZERO_THREE_RIGHT,2,1760058342.0,9.8,2.4792790254943275,616.0,32
ZERO_THREE_RIGHT,2,1760058395.05,9.8,1.6404549547557226,616.0,31
ZERO_THREE_RIGHT,2,1760112968.0,9.8,3.0248150530179876,746.0,53
ZERO_THREE_RIGHT,2,1760113046.0,9.8,2.2361467904425756,742.0,55
ZERO_THREE_RIGHT,2,1760466005.0,8.8,1.7891308490068585,458.0,7890
ZERO_THREE_RIGHT,2,1760466391.5,8.8,1.7214173325804718,458.0,7954
ZERO_THREE_RIGHT,2,1760466834.0,8.8,1.7557031187668084,455.0,8819
ZERO_THREE_RIGHT,2,1760467162.75,8.8,1.2770807540760718,455.0,8863
ZERO_THREE_RIGHT,2,1760467262.25,8.8,1.4197460226924339,455.0,8863
ZERO_THREE_RIGHT,2,1760467912.0,8.8,1.3217978966305475,455.0,8864
ZERO_THREE_RIGHT,2,1760468504.5,8.8,1.693986714263477,455.0,8865
ZERO_THREE_RIGHT,2,1760468852.5,8.8,4.921549890094495,455.0,8866
ZERO_THREE_RIGHT,2,1760469532.5,8.8,4.501255261496337,455.0,8867
ZERO_THREE_RIGHT,2,1760469538.75,8.8,2.953561552236921,455.0,8867
ZERO_THREE_RIGHT,2,1760469588.25,8.8,1.4762544588728685,455.0,8867
ZERO_THREE_RIGHT,2,1760470029.0,8.8,1.6069477980476135,455.0,8868
ZERO_THREE_RIGHT,2,1760470439.0,8.8,1.233198277926888,455.0,8868
ZERO_THREE_RIGHT,2,1760470852.0,8.8,1.1195905820790728,455.0,8869
ZERO_THREE_RIGHT,2,1760470865.0,8.8,2.440089406962413,455.0,8869
ZERO_THREE_RIGHT,2,1760471201.0,8.8,2.3813101708049906,455.0,8870
ZERO_THREE_RIGHT,2,1760471256.0,8.8,1.1093367502779086,455.0,8870
ZERO_THREE_RIGHT,2,1760471264.0,8.8,1.7673513506116443,455.0,8870
ZERO_THREE_RIGHT,2,1760471728.0,8.8,3.3218439860679507,455.0,8871
ZERO_THREE_RIGHT,2,1760471729.0,8.8,1.3610624323502676,455.0,8871
ZERO_THREE_RIGHT,2,1760471944.0,8.8,1.4392548194618888,455.0,8871
ZERO_THREE_RIGHT,2,1760472312.0,8.8,1.5776628799566337,455.0,8871
ZERO_THREE_RIGHT,2,1760472378.0,8.8,0.7919722910617268,455.0,8872
ZERO_THREE_RIGHT,2,1760472379.0,8.8,1.3228203207050997,455.0,8872
ZERO_THREE_RIGHT,2,1760472388.0,8.8,2.081989813357572,455.0,8872
ZERO_THREE_RIGHT,2,1760472500.0,8.8,1.557281283144138,455.0,8872
ZERO_THREE_RIGHT,2,1760472704.0,8.8,3.204468690705278,455.0,8872
ZERO_THREE_RIGHT,2,1760472712.0,8.8,2.8351500188569285,455.0,8872
ZERO_THREE_RIGHT,2,1760472883.0,8.8,2.062626087654009,455.0,8872
ZERO_THREE_RIGHT,2,1760473380.0,8.8,2.5855617617437914,455.0,8873
ZERO_THREE_RIGHT,2,1760473551.0,8.8,1.3929233335571969,455.0,8874
ZERO_THREE_RIGHT,2,1760473591.0,8.8,1.2220376463040412,455.0,8874
ZERO_THREE_RIGHT,2,1760577532.0,8.8,2.5905504131629806,1075.0,34
ZERO_THREE_RIGHT,2,1760577580.05,8.8,2.4036909867138956,1075.0,34
ZERO_THREE_RIGHT,2,1760578118.55,8.8,5.200056220693649,1075.0,35
ZERO_THREE_RIGHT,2,1760630765.0,8.8,4.931026172260464,1563.0,53
ZERO_THREE_RIGHT,2,1760630812.0,8.8,3.919153124989782,1563.0,53
ZERO_THREE_RIGHT,2,1760717838.0,8.8,2.310799872728765,2305.0,22
ZERO_THREE_RIGHT,2,1760717973.7,8.8,2.3506796091864284,2305.0,22
ZERO_THREE_RIGHT,2,1761088577.0,8.8,1.4928622584107762,342.0,4328
ZERO_THREE_RIGHT,2,1761088937.0,8.8,1.3713351176955366,342.0,4331
ZERO_THREE_RIGHT,2,1761089179.95,8.8,1.494430291665593,342.0,4331
ZERO_THREE_RIGHT,2,1761089262.45,8.8,1.1370242456317494,342.0,4331
ZERO_THREE_RIGHT,2,1761089862.0,8.8,0.7465353212560525,342.0,4334
ZERO_THREE_RIGHT,2,1761089974.0,8.8,1.4006335756761101,342.0,4337
ZERO_THREE_RIGHT,2,1761090661.0,8.8,1.5684758322270649,342.0,4340
ZERO_THREE_RIGHT,2,1761091498.0,8.8,1.4252845548338589,342.0,4343
ZERO_THREE_RIGHT,2,1761092844.0,8.8,2.9981867545316185,342.0,4349
ZERO_THREE_RIGHT,2,1761092939.0,8.8,2.9981867545316185,342.0,4352
ZERO_THREE_RIGHT,2,1761092955.0,8.8,2.6710813365157664,342.0,4352
ZERO_THREE_RIGHT,2,1761093050.0,8.8,2.6710813365157664,342.0,4352
ZERO_THREE_RIGHT,2,1761095799.0,8.8,3.0529839014812827,342.20000000000493,4364
ZERO_THREE_RIGHT,2,1761095894.0,8.8,3.0529839014812827,343.0,4367
ZERO_THREE_RIGHT,2,1761096112.0,8.8,3.270495025597806,343.0,4367
ZERO_THREE_RIGHT,2,1761096207.0,8.8,3.270495025597806,343.0,4367
ZERO_THREE_RIGHT,2,1761109354.0,8.8,3.162578195380611,381.5,72
ZERO_THREE_RIGHT,2,1761109449.0,8.8,3.162578195380611,381.5,72
ZERO_THREE_RIGHT,2,1761152957.0,8.8,3.651838436002611,441.0,54
ZERO_THREE_RIGHT,2,1761152957.0,8.8,3.651838436002611,441.0,54
ZERO_THREE_RIGHT,2,1761153052.0,8.8,3.651838436002611,441.0,54
ZERO_THREE_RIGHT,2,1761153159.0,8.8,3.8173481859730254,441.0,54
ZERO_THREE_RIGHT,2,1761153159.0,8.8,3.8173481859730254,441.0,54
ZERO_THREE_RIGHT,2,1761153254.0,8.8,3.8173481859730254,441.0,54
ZERO_THREE_RIGHT,2,1761167827.0,8.8,3.2173753423302753,399.0,69
ZERO_THREE_RIGHT,2,1761167922.0,8.8,3.2173753423302753,399.0,69
ZERO_THREE_RIGHT,2,1761167942.0,8.8,2.8343544682433373,399.0,69
ZERO_THREE_RIGHT,2,1761168037.0,8.8,2.8343544682433373,399.0,69
ZERO_THREE_RIGHT,2,1761247087.0,8.8,1.2995348033825047,395.0,51
ZERO_THREE_RIGHT,2,1761247282.7,8.8,1.5105005020142226,399.0,50
ZERO_THREE_RIGHT,2,1761267529.0,9.8,3.1709655137912742,488.5,48
ZERO_THREE_RIGHT,2,1761267624.0,9.8,3.1709655137912742,483.0,48
ZERO_THREE_RIGHT,2,1761267736.0,9.8,3.8262946589443994,483.0,48
ZERO_THREE_RIGHT,2,1761267831.0,9.8,3.8262946589443994,483.0,48
ZERO_THREE_RIGHT,2,1761320215.0,9.8,4.209315533031337,2281.5,48
ZERO_THREE_RIGHT,2,1761320310.0,9.8,4.209315533031337,2281.5,48
ZERO_THREE_RIGHT,2,1761320338.0,9.8,9.621931680712441,2281.5,48
ZERO_THREE_RIGHT,2,1761320433.0,9.8,9.621931680712441,2190.0,48
ZERO_THREE_RIGHT,2,1761344793.0,9.8,3.3347978000795555,719.5,48
ZERO_THREE_RIGHT,2,1761344888.0,9.8,3.3347978000795555,719.5,48
ZERO_THREE_RIGHT,2,1761345080.0,9.8,6.014825609566697,742.0,48
ZERO_THREE_RIGHT,2,1761345175.0,9.8,6.014825609566697,742.0,48
ZERO_THREE_RIGHT,2,1761347609.0,9.8,3.8816509604547744,654.0,48
ZERO_THREE_RIGHT,2,1761347704.0,9.8,3.8816509604547744,654.0,48
ZERO_THREE_RIGHT,2,1761348029.0,9.8,3.3895949470292193,629.0,48
ZERO_THREE_RIGHT,2,1761348124.0,9.8,3.3895949470292193,629.0,48
ZERO_THREE_RIGHT,2,1761348271.0,9.8,3.1709655137912742,629.0,48
ZERO_THREE_RIGHT,2,1761348366.0,9.8,3.1709655137912742,629.0,48
ZERO_THREE_RIGHT,2,1761348515.0,9.8,2.8975389336036645,629.0,48
ZERO_THREE_RIGHT,2,1761348610.0,9.8,2.8975389336036645,629.0,48
ZERO_THREE_RIGHT,2,1761411351.0,9.8,4.318350672369954,2004.0,46
ZERO_THREE_RIGHT,2,1761411446.0,9.8,4.318350672369954,2004.0,46
ZERO_THREE_RIGHT,2,1761413329.0,9.8,16.951329662510364,2192.0,48
ZERO_THREE_RIGHT,2,1761413424.0,9.8,16.951329662510364,2192.0,48
ZERO_THREE_RIGHT,2,1761417187.0,9.8,2.842741786654001,2380.0,46
ZERO_THREE_RIGHT,2,1761417262.0,9.8,4.264112679981001,2380.0,46
ZERO_THREE_RIGHT,2,1761417282.0,9.8,2.842741786654001,2380.0,46
ZERO_THREE_RIGHT,2,1761417357.0,9.8,4.264112679981001,2380.0,46
ZERO_THREE_RIGHT,2,1761505345.0,9.8,3.9912452543541024,1879.0,46
ZERO_THREE_RIGHT,2,1761505440.0,9.8,3.9912452543541024,1879.0,46
ZERO_THREE_RIGHT,2,1761505479.0,9.8,20.277180989618547,1879.0,46
ZERO_THREE_RIGHT,2,1761505574.0,9.8,20.277180989618547,1879.0,46
ZERO_THREE_RIGHT,2,1761614260.0,9.8,3.3890357924685093,1113.0,46
ZERO_THREE_RIGHT,2,1761614355.0,9.8,3.3890357924685093,1109.5,44
ZERO_THREE_RIGHT,2,1761614525.0,9.8,3.608224380267165,1109.5,44
ZERO_THREE_RIGHT,2,1761614620.0,9.8,3.608224380267165,1109.5,44
ZERO_THREE_RIGHT,2,1761671401.0,9.8,3.0608120653312354,1887.5,48
ZERO_THREE_RIGHT,2,1761671496.0,9.8,3.0608120653312354,1887.5,48
ZERO_THREE_RIGHT,2,1761671506.0,9.8,3.662462372656118,1887.5,48
ZERO_THREE_RIGHT,2,1761671601.0,9.8,3.662462372656118,1887.5,48
ZERO_THREE_RIGHT,2,1761682148.0,9.8,3.8805326513333527,1201.5,48
ZERO_THREE_RIGHT,2,1761682243.0,9.8,3.8805326513333527,1201.5,48
ZERO_THREE_RIGHT,2,1761682244.0,9.8,4.866322141866595,1201.5,48
ZERO_THREE_RIGHT,2,1761682339.0,9.8,4.866322141866595,1201.5,48
ZERO_THREE_RIGHT,2,1761701526.0,9.8,3.9906860997933915,1349.0,48
ZERO_THREE_RIGHT,2,1761701621.0,9.8,3.9906860997933915,1349.0,48
ZERO_THREE_RIGHT,2,1761701648.0,9.8,3.5528680787567897,1349.0,48
ZERO_THREE_RIGHT,2,1761701743.0,9.8,3.5528680787567897,1264.0,48
ZERO_THREE_RIGHT,2,1761773044.0,9.8,4.482182958658235,1943.0,21
ZERO_THREE_RIGHT,2,1761773139.0,9.8,4.482182958658235,1940.5,22
ZERO_THREE_RIGHT,2,1761847372.0,8.8,5.724624392557761,829.0,394
ZERO_THREE_RIGHT,2,1761847467.0,8.8,5.724624392557761,829.0,584
ZERO_THREE_RIGHT,2,1761848473.0,8.8,9.301467682773149,870.0,2309
ZERO_THREE_RIGHT,2,1761848611.0,8.8,1.4265533185220114,854.0,2585
ZERO_THREE_RIGHT,2,1761849085.0,8.8,3.3734659551219255,845.0,2886
ZERO_THREE_RIGHT,2,1761849513.25,8.8,1.7704355854602858,847.0,2884
ZERO_THREE_RIGHT,2,1761852296.7,8.8,2.168810321999437,854.0,2881
ZERO_THREE_RIGHT,2,1761853215.95,8.8,1.2184936949437815,854.0,2879
ZERO_THREE_RIGHT,2,1761853236.2,8.8,4.129839966278602,854.0,2879
ZERO_THREE_RIGHT,2,1761853676.2,8.8,1.4256661696230675,854.0,2877
ZERO_THREE_RIGHT,2,1761854548.0,8.8,3.739076813079482,854.0,2877
ZERO_THREE_RIGHT,2,1761855605.0,8.8,5.915020753949719,854.0,2877
ZERO_THREE_RIGHT,2,1761926759.0,9.8,3.334238645518845,1652.0,24
ZERO_THREE_RIGHT,2,1761926798.0,9.8,3.608224380267165,1652.0,24
ZERO_THREE_RIGHT,2,1761926854.0,9.8,3.334238645518845,1652.0,24
ZERO_THREE_RIGHT,2,1761926893.0,9.8,3.608224380267165,1652.0,24
ZERO_THREE_RIGHT,2,1761927324.0,9.8,3.990126945232681,1470.5,24
ZERO_THREE_RIGHT,2,1761927419.0,9.8,3.990126945232681,1470.5,24
ZERO_THREE_RIGHT,2,1761952409.0,9.8,11.809903476774027,3197.0,17
ZERO_THREE_RIGHT,2,1761952504.0,9.8,11.809903476774027,3197.0,17
ZERO_THREE_RIGHT,2,1761960224.0,9.8,5.35837815529215,3084.0,4
ZERO_THREE_RIGHT,2,1762016425.0,8.8,6.103731184719722,2299.0,12
ZERO_THREE_RIGHT,2,1762016520.0,8.8,6.103731184719722,2299.0,12
ZERO_THREE_RIGHT,2,1762016693.0,8.8,5.9946960453811045,2308.0,11
ZERO_THREE_RIGHT,2,1762016788.0,8.8,5.9946960453811045,2308.0,11
ZERO_THREE_RIGHT,2,1762189605.0,8.8,3.325851327108182,516.0,17
ZERO_THREE_RIGHT,2,1762189700.0,8.8,3.325851327108182,516.0,17
ZERO_THREE_RIGHT,2,1762193281.0,8.8,3.8156707222908928,440.0,11
ZERO_THREE_RIGHT,2,1762193376.0,8.8,3.8156707222908928,440.0,11
ZERO_THREE_RIGHT,2,1762291999.0,8.8,4.034859310089549,774.0,14
ZERO_THREE_RIGHT,2,1762292156.0,8.8,3.816229876851603,774.0,14
ZERO_THREE_RIGHT,2,1762292251.0,8.8,3.816229876851603,774.0,14
ZERO_THREE_RIGHT,2,1762292719.0,8.8,3.543362451224705,763.0,13
ZERO_THREE_RIGHT,2,1762292814.0,8.8,3.543362451224705,763.0,13
ZERO_THREE_RIGHT,2,1762621601.0,8.8,4.360287264423268,1417.0,15
ZERO_THREE_RIGHT,2,1762621696.0,8.8,4.360287264423268,1386.0,14
ZERO_THREE_RIGHT,2,1762622364.0,8.8,3.870467869240557,1355.0,13
ZERO_THREE_RIGHT,2,1762622459.0,8.8,3.870467869240557,1355.0,13
ZERO_THREE_RIGHT,2,1762716568.0,8.8,3.869908714679846,1438.5,14
ZERO_THREE_RIGHT,2,1762716663.0,8.8,3.869908714679846,1438.5,14
ZERO_THREE_RIGHT,2,1762717055.0,8.8,3.869908714679846,1450.0,13
ZERO_THREE_RIGHT,2,1762717291.0,8.8,3.8162298768516036,1450.0,13
ZERO_THREE_RIGHT,2,1762717386.0,8.8,3.8162298768516036,1511.0,12
ZERO_THREE_RIGHT,2,1762717514.0,8.8,3.869908714679846,1511.0,12
ZERO_THREE_RIGHT,2,1762717778.0,8.8,3.8162298768516036,1511.0,12
ZERO_THREE_RIGHT,2,1762718116.0,8.8,3.869908714679846,1572.0,11
ZERO_THREE_RIGHT,2,1762718237.0,8.8,3.8162298768516036,1572.0,11
ZERO_THREE_RIGHT,2,1762718839.0,8.8,3.8162298768516036,1520.5,10
ZERO_THREE_RIGHT,2,1762793104.0,8.8,4.1427761403067445,887.5,22
ZERO_THREE_RIGHT,2,1762793199.0,8.8,4.1427761403067445,887.5,22
ZERO_THREE_RIGHT,2,1762793591.0,8.8,4.1427761403067445,886.0,21
ZERO_THREE_RIGHT,2,1762794050.0,8.8,4.1427761403067445,882.5,20
ZERO_THREE_RIGHT,2,1762794652.0,8.8,4.1427761403067445,886.0,19
ZERO_THREE_RIGHT,2,1762798302.0,8.8,4.469881558322596,857.0,13
ZERO_THREE_RIGHT,2,1762798397.0,8.8,4.469881558322596,857.0,13
ZERO_THREE_RIGHT,2,1762798789.0,8.8,4.469881558322596,719.0,12
ZERO_THREE_RIGHT,2,1762799248.0,8.8,4.469881558322596,719.0,12
ZERO_THREE_RIGHT,2,1762799850.0,8.8,4.469881558322596,581.0,11
ZERO_THREE_RIGHT,2,1762889921.0,8.8,4.4145252568122215,1088.5,14
ZERO_THREE_RIGHT,2,1762890313.0,8.8,4.4145252568122215,1088.5,14
ZERO_THREE_RIGHT,2,1762890772.0,8.8,4.4145252568122215,1147.0,15
ZERO_THREE_RIGHT,2,1762891374.0,8.8,4.4145252568122215,1088.5,16
ZERO_THREE_RIGHT,2,1762908776.0,8.8,3.760873575341229,2184.0,9
ZERO_THREE_RIGHT,2,1762908871.0,8.8,3.760873575341229,2184.0,9
ZERO_THREE_RIGHT,2,1762908959.0,8.8,3.979503008579173,2184.0,9
ZERO_THREE_RIGHT,2,1762909054.0,8.8,3.979503008579173,2184.0,9
ZERO_THREE_RIGHT,2,1762909263.0,8.8,3.760873575341229,2161.0,8
ZERO_THREE_RIGHT,2,1762909446.0,8.8,3.979503008579173,2161.0,8
ZERO_THREE_RIGHT,2,1762909722.0,8.8,3.760873575341229,2117.0,7
ZERO_THREE_RIGHT,2,1762909905.0,8.8,3.979503008579173,2117.0,7
ZERO_THREE_RIGHT,2,1762910324.0,8.8,3.760873575341229,1917.5,6
ZERO_THREE_RIGHT,2,1762910507.0,8.8,3.979503008579173,1917.5,6
ZERO_THREE_RIGHT,2,1763051150.0,9.8,7.217007915095041,1809.0,17
ZERO_THREE_RIGHT,2,1763051245.0,9.8,7.217007915095041,1851.5,16
ZERO_THREE_RIGHT,2,1763051637.0,9.8,7.217007915095041,1851.5,16
ZERO_THREE_RIGHT,2,1763052096.0,9.8,7.217007915095041,1939.0,15
ZERO_THREE_RIGHT,2,1763052506.0,9.8,3.5528680787567906,2050.5,14
ZERO_THREE_RIGHT,2,1763052601.0,9.8,3.5528680787567906,2050.5,14
ZERO_THREE_RIGHT,2,1763052698.0,9.8,7.217007915095041,2050.5,14
ZERO_THREE_RIGHT,2,1763052993.0,9.8,3.5528680787567906,2050.5,14
ZERO_THREE_RIGHT,2,1763053452.0,9.8,3.5528680787567906,2162.0,13
ZERO_THREE_RIGHT,2,1763054054.0,9.8,3.5528680787567906,2219.5,12
ZERO_THREE_RIGHT,2,1763138980.0,8.8,4.524119550711549,1443.0,1
ZERO_THREE_RIGHT,2,1763139233.0,8.8,6.922333461600419,1443.0,1
ZERO_THREE_RIGHT,2,1763139372.0,8.8,4.524119550711549,1443.0,1
ZERO_THREE_RIGHT,2,1763139625.0,8.8,6.922333461600419,1042.0,2
ZERO_THREE_RIGHT,2,1763139831.0,8.8,4.524119550711549,1042.0,2
ZERO_THREE_RIGHT,2,1763140084.0,8.8,6.922333461600419,1443.0,3
ZERO_THREE_RIGHT,2,1763140433.0,8.8,4.524119550711549,1443.0,3
ZERO_THREE_RIGHT,2,1763140686.0,8.8,6.922333461600419,1179.5,4
ZERO_THREE_RIGHT,2,1763179046.0,8.8,3.8704678692405565,1113.5,24
ZERO_THREE_RIGHT,2,1763179438.0,8.8,3.8704678692405565,1113.5,24
ZERO_THREE_RIGHT,2,1763179897.0,8.8,3.8704678692405565,1165.0,24
ZERO_THREE_RIGHT,2,1763180499.0,8.8,3.8704678692405565,1173.5,24
ZERO_THREE_RIGHT,2,1763225830.0,8.8,4.687392682439119,1811.0,34
ZERO_THREE_RIGHT,2,1763225925.0,8.8,4.687392682439119,1811.0,32
ZERO_THREE_RIGHT,2,1763226000.0,8.8,4.633154690050166,1811.0,32
ZERO_THREE_RIGHT,2,1763226095.0,8.8,4.633154690050166,1811.0,32
ZERO_THREE_RIGHT,2,1763226317.0,8.8,4.687392682439119,1811.0,32
ZERO_THREE_RIGHT,2,1763226487.0,8.8,4.633154690050166,1847.0,30
ZERO_THREE_RIGHT,2,1763226776.0,8.8,4.687392682439119,1847.0,30
ZERO_THREE_RIGHT,2,1763226946.0,8.8,4.633154690050166,1847.0,30
ZERO_THREE_RIGHT,2,1763227378.0,8.8,4.687392682439119,1883.0,27
ZERO_THREE_RIGHT,2,1763227548.0,8.8,4.633154690050166,1883.0,27
ZERO_THREE_RIGHT,2,1763238390.0,8.8,4.251811279645361,1360.5,6
ZERO_THREE_RIGHT,2,1763238485.0,8.8,4.251811279645361,1360.5,6
ZERO_THREE_RIGHT,2,1763238550.0,8.8,4.360846418983979,1360.5,6
ZERO_THREE_RIGHT,2,1763238645.0,8.8,4.360846418983979,1360.5,6
ZERO_THREE_RIGHT,2,1763238877.0,8.8,4.251811279645361,1315.0,7
ZERO_THREE_RIGHT,2,1763239037.0,8.8,4.360846418983979,1315.0,7
ZERO_THREE_RIGHT,2,1763239336.0,8.8,4.251811279645361,1360.5,8
ZERO_THREE_RIGHT,2,1763239496.0,8.8,4.360846418983979,1360.5,8
ZERO_THREE_RIGHT,2,1763239938.0,8.8,4.251811279645361,1315.0,9
ZERO_THREE_RIGHT,2,1763240098.0,8.8,4.360846418983979,1315.0,9
ZERO_THREE_RIGHT,2,1763342251.0,8.8,3.1614598862591894,542.0,29
ZERO_THREE_RIGHT,2,1763342346.0,8.8,3.1614598862591894,542.0,29
ZERO_THREE_RIGHT,2,1763342377.0,8.8,3.0529839014812827,542.0,29
ZERO_THREE_RIGHT,2,1763342472.0,8.8,3.0529839014812827,542.0,29
ZERO_THREE_RIGHT,2,1763342738.0,8.8,3.1614598862591894,539.0,28
ZERO_THREE_RIGHT,2,1763342864.0,8.8,3.0529839014812827,539.0,28
ZERO_THREE_RIGHT,2,1763343197.0,8.8,3.1614598862591894,542.0,27
ZERO_THREE_RIGHT,2,1763343323.0,8.8,3.0529839014812827,542.0,27
ZERO_THREE_RIGHT,2,1763343799.0,8.8,3.1614598862591894,591.0,26
ZERO_THREE_RIGHT,2,1763343925.0,8.8,3.0529839014812827,591.0,26
ZERO_THREE_RIGHT,2,1763345456.0,8.8,3.0529839014812827,529.0,24
ZERO_THREE_RIGHT,2,1763345683.0,8.8,3.1625781953806107,528.0,23
ZERO_THREE_RIGHT,2,1763345848.0,8.8,3.0529839014812827,528.0,23
ZERO_THREE_RIGHT,2,1763346075.0,8.8,3.1625781953806107,528.0,23
ZERO_THREE_RIGHT,2,1763346307.0,8.8,3.0529839014812827,511.0,22
ZERO_THREE_RIGHT,2,1763346534.0,8.8,3.1625781953806107,511.0,22
ZERO_THREE_RIGHT,2,1763346909.0,8.8,3.0529839014812827,494.0,21
ZERO_THREE_RIGHT,2,1763347136.0,8.8,3.1625781953806107,494.0,21
ZERO_THREE_RIGHT,2,1763398271.0,8.8,4.306049272034315,1067.0,38
ZERO_THREE_RIGHT,2,1763398366.0,8.8,4.306049272034315,1161.0,36
ZERO_THREE_RIGHT,2,1763398758.0,8.8,4.306049272034315,1161.0,36
ZERO_THREE_RIGHT,2,1763399217.0,8.8,4.306049272034315,1255.0,34
ZERO_THREE_RIGHT,2,1763399340.0,8.8,3.3800893194971353,1255.0,34
ZERO_THREE_RIGHT,2,1763399732.0,8.8,3.3800893194971353,1061.5,32
ZERO_THREE_RIGHT,2,1763399819.0,8.8,4.306049272034315,1061.5,32
ZERO_THREE_RIGHT,2,1763400191.0,8.8,3.3800893194971353,868.0,30
ZERO_THREE_RIGHT,2,1763400793.0,8.8,3.3800893194971353,798.0,28
ZERO_THREE_RIGHT,2,1763429000.0,8.8,3.5976004436136586,1211.5,6
ZERO_THREE_RIGHT,2,1763429095.0,8.8,3.5976004436136586,1211.5,6
ZERO_THREE_RIGHT,2,1763429195.0,8.8,3.9241467070687985,1211.5,6
ZERO_THREE_RIGHT,2,1763429290.0,8.8,3.9241467070687985,1211.5,6
ZERO_THREE_RIGHT,2,1763429487.0,8.8,3.5976004436136586,920.0,7
ZERO_THREE_RIGHT,2,1763429682.0,8.8,3.9241467070687985,920.0,7
ZERO_THREE_RIGHT,2,1763429946.0,8.8,3.5976004436136586,918.0,8
ZERO_THREE_RIGHT,2,1763430141.0,8.8,3.9241467070687985,918.0,8
ZERO_THREE_RIGHT,2,1763430548.0,8.8,3.5976004436136586,916.0,9
ZERO_THREE_RIGHT,2,1763430743.0,8.8,3.9241467070687985,916.0,9
ZERO_THREE_RIGHT,2,1763481523.0,8.8,5.01393894589426,1187.0,35
ZERO_THREE_RIGHT,2,1763481632.0,8.8,4.033181846407416,1016.0,36
ZERO_THREE_RIGHT,2,1763481727.0,8.8,4.033181846407416,1016.0,36
ZERO_THREE_RIGHT,2,1763481915.0,8.8,5.01393894589426,1016.0,36
ZERO_THREE_RIGHT,2,1763482119.0,8.8,4.033181846407416,1016.0,36
ZERO_THREE_RIGHT,2,1763482374.0,8.8,5.01393894589426,944.0,37
ZERO_THREE_RIGHT,2,1763482578.0,8.8,4.033181846407416,944.0,37
ZERO_THREE_RIGHT,2,1763482976.0,8.8,5.01393894589426,979.5,38
ZERO_THREE_RIGHT,2,1763483180.0,8.8,4.033181846407416,979.5,38
ZERO_THREE_RIGHT,2,1763488943.0,8.8,3.489124458835752,994.5,48
ZERO_THREE_RIGHT,2,1763489038.0,8.8,3.489124458835752,994.5,48
ZERO_THREE_RIGHT,2,1763489430.0,8.8,3.489124458835752,1015.5,48
ZERO_THREE_RIGHT,2,1763489889.0,8.8,3.489124458835752,1015.5,48
ZERO_THREE_RIGHT,2,1763490491.0,8.8,3.489124458835752,1037.0,48
ZERO_THREE_RIGHT,2,1763514915.0,8.8,4.960819262626729,842.0,5
ZERO_THREE_RIGHT,2,1763515402.0,8.8,4.960819262626729,998.0,6
ZERO_THREE_RIGHT,2,1763515861.0,8.8,4.960819262626729,1154.0,7
ZERO_THREE_RIGHT,2,1763516142.0,8.8,3.979503008579174,1154.0,7
ZERO_THREE_RIGHT,2,1763516463.0,8.8,4.960819262626729,998.0,8
ZERO_THREE_RIGHT,2,1763516629.0,8.8,3.979503008579174,998.0,8
ZERO_THREE_RIGHT,2,1763517088.0,8.8,3.979503008579174,1154.0,9
ZERO_THREE_RIGHT,2,1763517690.0,8.8,3.979503008579174,1167.5,10
ZERO_THREE_RIGHT,2,1763579965.0,8.8,4.255577772414551,80.0,5349
ZERO_THREE_RIGHT,2,1763580145.0,8.8,2.4896973967775,80.0,5349
ZERO_THREE_RIGHT,2,1763580355.0,8.8,2.2088478305246073,80.0,5349
ZERO_THREE_RIGHT,2,1763580608.0,8.8,2.3961719124276346,80.0,5348
ZERO_THREE_RIGHT,2,1763580851.45,8.8,2.184834709274166,80.0,5348
ZERO_THREE_RIGHT,2,1763581977.95,8.8,6.455749944309245,80.0,5346
ZERO_THREE_RIGHT,2,1763581989.95,8.8,8.801826872574585,80.0,5346
ZERO_THREE_RIGHT,2,1763582416.0,8.8,2.3194174227329674,80.0,5345
ZERO_THREE_RIGHT,2,1763582720.2,8.8,1.1230159234394608,80.0,5345
ZERO_THREE_RIGHT,2,1763582765.45,8.8,2.2227193918634423,80.0,5345
ZERO_THREE_RIGHT,2,1763582879.2,8.8,1.5782498967557324,80.0,5345
ZERO_THREE_RIGHT,2,1763582884.95,8.8,2.049832563389977,80.0,5345
ZERO_THREE_RIGHT,2,1763583191.2,8.8,1.6187873555302663,80.0,5344
ZERO_THREE_RIGHT,2,1763583885.0,8.8,1.378652451416833,80.0,5343
ZERO_THREE_RIGHT,2,1763584079.0,8.8,3.8155082436274252,80.0,5343
ZERO_THREE_RIGHT,2,1763584543.0,8.8,2.0557072457780086,80.0,5342
ZERO_THREE_RIGHT,2,1763584679.0,8.8,2.288011800178677,80.0,5342
ZERO_THREE_RIGHT,2,1763584740.0,8.8,2.824040330565334,80.0,5341
ZERO_THREE_RIGHT,2,1763585074.0,8.8,3.601801360033533,80.0,5341
ZERO_THREE_RIGHT,2,1763585408.0,8.8,2.105387345695587,80.0,5340
ZERO_THREE_RIGHT,2,1763585613.0,8.8,2.384898162248575,80.0,5340
ZERO_THREE_RIGHT,2,1763585666.0,8.8,2.4056629482636396,80.0,5340
ZERO_THREE_RIGHT,2,1763585885.4,8.8,2.265563232693437,80.0,5340
ZERO_THREE_RIGHT,2,1763659552.0,8.8,11.55828392445414,98.5,12
ZERO_THREE_RIGHT,2,1763660039.0,8.8,11.55828392445414,95.0,11
ZERO_THREE_RIGHT,2,1763660498.0,8.8,11.55828392445414,98.5,10
ZERO_THREE_RIGHT,2,1763661100.0,8.8,11.55828392445414,102.0,9
ZERO_THREE_RIGHT,2,1763763743.0,26.4,1.0389091738007736,60.0,12
ZERO_THREE_RIGHT,2,1763764000.0,26.4,1.0389091738007736,62.0,11
ZERO_THREE_RIGHT,2,1763764230.0,26.4,1.0389091738007736,62.0,11
ZERO_THREE_RIGHT,2,1763764459.0,26.4,1.0389091738007736,60.0,10
ZERO_THREE_RIGHT,2,1763764689.0,26.4,1.0389091738007736,60.0,10
ZERO_THREE_RIGHT,2,1763765061.0,26.4,1.0389091738007736,62.0,9
ZERO_THREE_RIGHT,2,1763765291.0,26.4,1.0389091738007736,62.0,9
ZERO_THREE_RIGHT,2,1763828756.0,26.4,1.2027414600890547,86.0,19
ZERO_THREE_RIGHT,2,1763829243.0,26.4,1.2027414600890547,86.0,18
ZERO_THREE_RIGHT,2,1763829702.0,26.4,1.2027414600890547,86.0,17
ZERO_THREE_RIGHT,2,1763830304.0,26.4,1.2027414600890547,79.5,16
ZERO_THREE_RIGHT,2,1763924180.0,26.4,1.6394411720042346,80.5,16
ZERO_THREE_RIGHT,2,1763924370.0,26.4,1.311776599427672,80.5,16
ZERO_THREE_RIGHT,2,1763924639.0,26.4,1.6394411720042346,77.0,15
ZERO_THREE_RIGHT,2,1763924857.0,26.4,1.311776599427672,77.0,15
ZERO_THREE_RIGHT,2,1763925241.0,26.4,1.6394411720042346,77.0,14
ZERO_THREE_RIGHT,2,1763925316.0,26.4,1.311776599427672,77.0,14
ZERO_THREE_RIGHT,2,1763925918.0,26.4,1.311776599427672,77.0,13
ZERO_THREE_RIGHT,2,1764002777.0,26.4,1.2569794524780078,69.0,11
ZERO_THREE_RIGHT,2,1764002811.0,26.4,1.311776599427672,69.0,11
ZERO_THREE_RIGHT,2,1764003236.0,26.4,1.2569794524780078,69.0,11
ZERO_THREE_RIGHT,2,1764003298.0,26.4,1.311776599427672,69.0,11
ZERO_THREE_RIGHT,2,1764003757.0,26.4,1.311776599427672,68.5,10
ZERO_THREE_RIGHT,2,1764003838.0,26.4,1.2569794524780078,68.5,10
ZERO_THREE_RIGHT,2,1764004359.0,26.4,1.311776599427672,68.0,9
ZERO_THREE_RIGHT,2,1764004817.0,26.4,1.311776599427672,64.0,8
ZERO_THREE_RIGHT,2,1764004817.0,26.4,1.311776599427672,64.0,8
ZERO_THREE_RIGHT,2,1764089592.0,26.4,0.9835528722903984,56.5,12
ZERO_THREE_RIGHT,2,1764089929.0,26.4,1.1479443131393907,56.5,12
ZERO_THREE_RIGHT,2,1764090079.0,26.4,0.9835528722903984,58.0,11
ZERO_THREE_RIGHT,2,1764090388.0,26.4,1.1479443131393907,58.0,11
ZERO_THREE_RIGHT,2,1764090538.0,26.4,0.9835528722903984,58.0,11
ZERO_THREE_RIGHT,2,1764090990.0,26.4,1.1479443131393907,58.5,10
ZERO_THREE_RIGHT,2,1764091140.0,26.4,0.9835528722903984,58.5,10
ZERO_THREE_RIGHT,2,1764091448.0,26.4,1.1479443131393907,59.0,9
ZERO_THREE_RIGHT,2,1764091448.0,26.4,1.1479443131393907,59.0,9
ZERO_THREE_RIGHT,2,1764091598.0,26.4,0.9835528722903984,59.0,9
ZERO_THREE_RIGHT,2,1764091598.0,26.4,0.9835528722903984,59.0,9
ZERO_THREE_RIGHT,2,1764177511.0,26.4,1.311776599427672,88.0,12
ZERO_THREE_RIGHT,2,1764177791.0,26.4,1.311776599427672,88.0,12
ZERO_THREE_RIGHT,2,1764177998.0,26.4,1.311776599427672,88.0,12
ZERO_THREE_RIGHT,2,1764178250.0,26.4,1.311776599427672,104.0,11
ZERO_THREE_RIGHT,2,1764178457.0,26.4,1.311776599427672,104.0,11
ZERO_THREE_RIGHT,2,1764178852.0,26.4,1.311776599427672,109.0,10
ZERO_THREE_RIGHT,2,1764179059.0,26.4,1.311776599427672,109.0,10
ZERO_THREE_RIGHT,2,1764179310.0,26.4,1.311776599427672,114.0,9
ZERO_THREE_RIGHT,2,1764179310.0,26.4,1.311776599427672,114.0,9
ZERO_THREE_RIGHT,2,1764179517.0,26.4,1.311776599427672,114.0,9
ZERO_THREE_RIGHT,2,1764268777.0,26.4,1.311776599427672,77.0,17
ZERO_THREE_RIGHT,2,1764268870.0,26.4,1.0383500192400625,77.0,17
ZERO_THREE_RIGHT,2,1764269236.0,26.4,1.311776599427672,77.0,17
ZERO_THREE_RIGHT,2,1764269357.0,26.4,1.0383500192400625,77.0,17
ZERO_THREE_RIGHT,2,1764269816.0,26.4,1.0383500192400625,77.0,17
ZERO_THREE_RIGHT,2,1764269838.0,26.4,1.311776599427672,77.0,17
ZERO_THREE_RIGHT,2,1764270296.0,26.4,1.311776599427672,77.0,17
ZERO_THREE_RIGHT,2,1764270296.0,26.4,1.311776599427672,77.0,17
ZERO_THREE_RIGHT,2,1764270418.0,26.4,1.0383500192400625,77.0,17
ZERO_THREE_RIGHT,2,1764270876.0,26.4,1.0383500192400625,77.0,17
ZERO_THREE_RIGHT,2,1764270876.0,26.4,1.0383500192400625,77.0,17
ZERO_THREE_RIGHT,2,1764350074.0,26.4,1.1473851585786798,61.5,24
ZERO_THREE_RIGHT,2,1764350280.0,26.4,1.0389091738007736,62.0,24
ZERO_THREE_RIGHT,2,1764350533.0,26.4,1.1473851585786798,62.0,24
ZERO_THREE_RIGHT,2,1764350739.0,26.4,1.0389091738007736,62.0,24
ZERO_THREE_RIGHT,2,1764351135.0,26.4,1.1473851585786798,62.0,24
ZERO_THREE_RIGHT,2,1764351341.0,26.4,1.0389091738007736,62.0,24
ZERO_THREE_RIGHT,2,1764351593.0,26.4,1.1473851585786798,61.5,24
ZERO_THREE_RIGHT,2,1764351799.0,26.4,1.0389091738007736,61.5,24
ZERO_THREE_RIGHT,2,1764451750.0,26.4,1.311776599427672,63.0,28
ZERO_THREE_RIGHT,2,1764452130.0,26.4,1.311776599427672,63.0,28
ZERO_THREE_RIGHT,2,1764452237.0,26.4,1.311776599427672,63.0,27
ZERO_THREE_RIGHT,2,1764452589.0,26.4,1.311776599427672,63.0,27
ZERO_THREE_RIGHT,2,1764452696.0,26.4,1.311776599427672,63.0,27
ZERO_THREE_RIGHT,2,1764453191.0,26.4,1.311776599427672,63.0,26
ZERO_THREE_RIGHT,2,1764453298.0,26.4,1.311776599427672,62.5,26
ZERO_THREE_RIGHT,2,1764453649.0,26.4,1.311776599427672,62.0,25
ZERO_THREE_RIGHT,2,1764453649.0,26.4,1.311776599427672,62.0,25
ZERO_THREE_RIGHT,2,1764453756.0,26.4,1.311776599427672,62.0,25
ZERO_THREE_RIGHT,2,1764453756.0,26.4,1.311776599427672,62.0,25
ZERO_THREE_RIGHT,2,1764520630.0,26.4,1.1479443131393907,58.0,24
ZERO_THREE_RIGHT,2,1764520836.0,26.4,1.1479443131393907,58.0,24
ZERO_THREE_RIGHT,2,1764521089.0,26.4,1.1479443131393907,58.0,22
ZERO_THREE_RIGHT,2,1764521323.0,26.4,1.1479443131393907,58.0,22
ZERO_THREE_RIGHT,2,1764521691.0,26.4,1.1479443131393907,58.0,20
ZERO_THREE_RIGHT,2,1764521782.0,26.4,1.1479443131393907,58.0,20
ZERO_THREE_RIGHT,2,1764522149.0,26.4,1.1479443131393907,58.0,19
ZERO_THREE_RIGHT,2,1764522149.0,26.4,1.1479443131393907,58.0,19
ZERO_THREE_RIGHT,2,1764522384.0,26.4,1.1479443131393907,58.0,18
ZERO_THREE_RIGHT,2,1764522842.0,26.4,1.1479443131393907,59.0,16
ZERO_THREE_RIGHT,2,1764522842.0,26.4,1.1479443131393907,59.0,16
ZERO_THREE_RIGHT,2,1764543215.0,26.4,1.2569794524780078,65.5,6
ZERO_THREE_RIGHT,2,1764543488.0,26.4,1.2021823055283438,64.0,7
ZERO_THREE_RIGHT,2,1764543607.0,26.4,1.2569794524780078,64.0,7
ZERO_THREE_RIGHT,2,1764543947.0,26.4,1.2021823055283438,65.5,8
ZERO_THREE_RIGHT,2,1764544066.0,26.4,1.2569794524780078,65.5,8
ZERO_THREE_RIGHT,2,1764544549.0,26.4,1.2021823055283438,64.0,9
ZERO_THREE_RIGHT,2,1764544668.0,26.4,1.2569794524780078,64.0,9
ZERO_THREE_RIGHT,2,1764545007.0,26.4,1.2021823055283438,64.0,9
ZERO_THREE_RIGHT,2,1764545007.0,26.4,1.2021823055283438,64.0,9
ZERO_THREE_RIGHT,2,1764545126.0,26.4,1.2569794524780078,62.5,10
ZERO_THREE_RIGHT,2,1764545126.0,26.4,1.2569794524780078,62.5,10
ZERO_THREE_RIGHT,2,1764613285.0,26.4,1.0383500192400625,73.0,24
ZERO_THREE_RIGHT,2,1764613551.0,26.4,1.2569794524780078,68.0,22
ZERO_THREE_RIGHT,2,1764613677.0,26.4,1.0383500192400625,68.0,22
ZERO_THREE_RIGHT,2,1764614010.0,26.4,1.2569794524780078,68.0,22
ZERO_THREE_RIGHT,2,1764614136.0,26.4,1.0383500192400625,65.5,20
ZERO_THREE_RIGHT,2,1764614612.0,26.4,1.2569794524780078,65.5,20
ZERO_THREE_RIGHT,2,1764614738.0,26.4,1.0383500192400625,68.0,18
ZERO_THREE_RIGHT,2,1764615070.0,26.4,1.2569794524780078,68.0,18
ZERO_THREE_RIGHT,2,1764615070.0,26.4,1.2569794524780078,68.0,18
ZERO_THREE_RIGHT,2,1764615196.0,26.4,1.0383500192400625,68.0,18
ZERO_THREE_RIGHT,2,1764615196.0,26.4,1.0383500192400625,68.0,18
ZERO_THREE_RIGHT,2,1764636419.0,26.4,1.0389091738007736,120.0,1
ZERO_THREE_RIGHT,2,1764636511.0,26.4,1.3665737463773362,120.0,1
ZERO_THREE_RIGHT,2,1764636811.0,26.4,1.0389091738007736,87.0,2
ZERO_THREE_RIGHT,2,1764636970.0,26.4,1.3665737463773362,87.0,2
ZERO_THREE_RIGHT,2,1764637270.0,26.4,1.0389091738007736,87.0,2
ZERO_THREE_RIGHT,2,1764637572.0,26.4,1.3665737463773362,59.0,3
ZERO_THREE_RIGHT,2,1764637872.0,26.4,1.0389091738007736,59.0,3
ZERO_THREE_RIGHT,2,1764638030.0,26.4,1.3665737463773362,57.5,4
ZERO_THREE_RIGHT,2,1764638030.0,26.4,1.3665737463773362,57.5,4
ZERO_THREE_RIGHT,2,1764638330.0,26.4,1.0389091738007736,57.5,4
ZERO_THREE_RIGHT,2,1764638330.0,26.4,1.0389091738007736,57.5,4
ZERO_THREE_RIGHT,2,1764698008.0,26.4,2.1314971854297897,85.0,36
ZERO_THREE_RIGHT,2,1764698250.0,26.4,1.6400003265649457,85.0,38
ZERO_THREE_RIGHT,2,1764698400.0,26.4,2.1314971854297897,85.0,38
ZERO_THREE_RIGHT,2,1764698709.0,26.4,1.6400003265649457,85.0,36
ZERO_THREE_RIGHT,2,1764698859.0,26.4,2.1314971854297897,93.0,38
ZERO_THREE_RIGHT,2,1764699311.0,26.4,1.6400003265649457,101.0,36
ZERO_THREE_RIGHT,2,1764699461.0,26.4,2.1314971854297897,93.0,38
ZERO_THREE_RIGHT,2,1764699769.0,26.4,1.6400003265649457,85.0,36
ZERO_THREE_RIGHT,2,1764699769.0,26.4,1.6400003265649457,85.0,36
ZERO_THREE_RIGHT,2,1764699919.0,26.4,2.1314971854297897,85.0,36
ZERO_THREE_RIGHT,2,1764699919.0,26.4,2.1314971854297897,85.0,36
ZERO_THREE_RIGHT,2,1764789776.0,8.8,1.6963870122486797,70.0,5614
ZERO_THREE_RIGHT,2,1764789889.75,8.8,1.6324875220443504,70.0,5612
ZERO_THREE_RIGHT,2,1764790350.0,8.8,2.726281348905365,70.0,5612
ZERO_THREE_RIGHT,2,1764790651.0,8.8,2.0244921641994122,70.0,5610
ZERO_THREE_RIGHT,2,1764790842.0,8.8,2.324234286266092,70.0,5610
ZERO_THREE_RIGHT,2,1764791745.95,8.8,1.3484336962825398,70.0,5606
ZERO_THREE_RIGHT,2,1764792016.2,8.8,1.7919879533199243,70.0,5606
ZERO_THREE_RIGHT,2,1764792023.2,8.8,9.561181090766507,70.0,5606
ZERO_THREE_RIGHT,2,1764792023.95,8.8,2.8044526088472588,70.0,5606
ZERO_THREE_RIGHT,2,1764792024.7,8.8,1.6619233372087596,70.0,5606
ZERO_THREE_RIGHT,2,1764792447.7,8.8,1.7254631899393738,70.0,5604
ZERO_THREE_RIGHT,2,1764792517.95,8.8,2.01892658408266,70.0,5604
ZERO_THREE_RIGHT,2,1764792799.0,8.8,1.6811798044451187,70.0,5604
ZERO_THREE_RIGHT,2,1764792948.0,8.8,1.4382976897874564,70.0,5602
ZERO_THREE_RIGHT,2,1764793280.0,8.8,1.2336791225097727,70.0,5602
ZERO_THREE_RIGHT,2,1764793514.0,8.8,1.724355989380765,70.0,5600
ZERO_THREE_RIGHT,2,1764793767.65,8.8,1.343568197685817,70.0,5600
ZERO_THREE_RIGHT,2,1764794023.65,8.8,1.777950220249798,70.0,5600
ZERO_THREE_RIGHT,2,1764794308.4,8.8,1.3123705237137586,70.0,5598
ZERO_THREE_RIGHT,2,1764794533.65,8.8,1.8175575447956265,70.0,5598
ZERO_THREE_RIGHT,2,1764794868.65,8.8,1.5763194600509158,70.0,5596
ZERO_THREE_RIGHT,2,1764795131.4,8.8,1.37651181463283,70.0,5596
ZERO_THREE_RIGHT,2,1764795452.0,8.8,1.4253775327198919,70.0,5594
ZERO_THREE_RIGHT,2,1764795724.9,8.8,1.3183693389569249,70.0,5594
ZERO_THREE_RIGHT,2,1764796025.65,8.8,1.9782256833169054,70.0,5592
ZERO_THREE_RIGHT,2,1764796406.15,8.8,1.0342184796873117,70.0,5592
ZERO_THREE_RIGHT,2,1764798841.0,8.8,3.216257033208853,70.0,5592
ZERO_THREE_RIGHT,2,1764799300.0,8.8,3.216257033208853,69.0,4905
ZERO_THREE_RIGHT,2,1764799902.0,8.8,3.216257033208853,65.0,4016
ZERO_THREE_RIGHT,2,1764800360.0,8.8,3.216257033208853,65.0,4016
ZERO_THREE_RIGHT,2,1764800360.0,8.8,3.216257033208853,65.0,4016
ZERO_THREE_RIGHT,2,1764870196.0,26.4,1.420811738766289,63.0,12
ZERO_THREE_RIGHT,2,1764870588.0,26.4,1.420811738766289,64.0,11
ZERO_THREE_RIGHT,2,1764871047.0,26.4,1.420811738766289,64.0,11
ZERO_THREE_RIGHT,2,1764871649.0,26.4,1.420811738766289,68.0,10
ZERO_THREE_RIGHT,2,1764872107.0,26.4,1.420811738766289,72.0,9
ZERO_THREE_RIGHT,2,1764872107.0,26.4,1.420811738766289,72.0,9
ZERO_THREE_RIGHT,2,1764948997.0,26.4,1.311776599427672,58.0,11
ZERO_THREE_RIGHT,2,1764949487.0,26.4,1.311776599427672,59.0,10
ZERO_THREE_RIGHT,2,1764949848.0,26.4,1.311776599427672,59.0,10
ZERO_THREE_RIGHT,2,1764950089.0,26.4,1.311776599427672,58.0,9
ZERO_THREE_RIGHT,2,1764950450.0,26.4,1.311776599427672,58.0,9
ZERO_THREE_RIGHT,2,1764950547.0,26.4,1.311776599427672,58.0,9
ZERO_THREE_RIGHT,2,1764950547.0,26.4,1.311776599427672,58.0,9
ZERO_THREE_RIGHT,2,1764950790.0,26.4,1.311776599427672,64.0,8
ZERO_THREE_RIGHT,2,1764950908.0,26.4,1.311776599427672,64.0,8
ZERO_THREE_RIGHT,2,1764950908.0,26.4,1.311776599427672,64.0,8
ZERO_THREE_RIGHT,2,1764951151.0,26.4,1.311776599427672,64.0,8
ZERO_THREE_RIGHT,2,1765046257.0,26.4,1.0389091738007736,65.5,10
ZERO_THREE_RIGHT,2,1765046368.0,26.4,1.1479443131393907,65.5,10
ZERO_THREE_RIGHT,2,1765046859.0,26.4,1.0389091738007736,66.0,9
ZERO_THREE_RIGHT,2,1765046970.0,26.4,1.1479443131393907,66.0,9
ZERO_THREE_RIGHT,2,1765047317.0,26.4,1.0389091738007736,69.0,8
ZERO_THREE_RIGHT,2,1765047317.0,26.4,1.0389091738007736,69.0,8
ZERO_THREE_RIGHT,2,1765047428.0,26.4,1.1479443131393907,69.0,8
ZERO_THREE_RIGHT,2,1765047428.0,26.4,1.1479443131393907,69.0,8
ZERO_THREE_RIGHT,2,1765047560.0,26.4,1.0389091738007736,69.0,8
ZERO_THREE_RIGHT,2,1765047671.0,26.4,1.1479443131393907,69.0,8
ZERO_THREE_RIGHT,2,1765124311.0,26.4,1.0389091738007736,58.0,11
ZERO_THREE_RIGHT,2,1765124933.0,26.4,1.2569794524780078,62.5,10
ZERO_THREE_RIGHT,2,1765125040.0,26.4,1.0389091738007736,62.5,10
ZERO_THREE_RIGHT,2,1765125535.0,26.4,1.2569794524780078,67.0,9
ZERO_THREE_RIGHT,2,1765125642.0,26.4,1.0389091738007736,67.0,9
ZERO_THREE_RIGHT,2,1765125993.0,26.4,1.2569794524780078,67.0,9
ZERO_THREE_RIGHT,2,1765125993.0,26.4,1.2569794524780078,67.0,9
ZERO_THREE_RIGHT,2,1765126100.0,26.4,1.0389091738007736,67.0,8
ZERO_THREE_RIGHT,2,1765126100.0,26.4,1.0389091738007736,67.0,8
ZERO_THREE_RIGHT,2,1765126236.0,26.4,1.2569794524780078,67.0,8
ZERO_THREE_RIGHT,2,1765126343.0,26.4,1.0389091738007736,67.0,8
ZERO_THREE_RIGHT,2,1765386936.0,26.4,1.1479443131393907,59.5,14
ZERO_THREE_RIGHT,2,1765387094.0,26.4,1.0931471661897265,59.5,14
ZERO_THREE_RIGHT,2,1765387548.0,26.4,1.1479443131393907,60.0,13
ZERO_THREE_RIGHT,2,1765387696.0,26.4,1.0931471661897265,60.0,13
ZERO_THREE_RIGHT,2,1765388150.0,26.4,1.1479443131393907,60.5,12
ZERO_THREE_RIGHT,2,1765388154.0,26.4,1.0931471661897265,60.5,12
ZERO_THREE_RIGHT,2,1765388154.0,26.4,1.0931471661897265,60.5,12
ZERO_THREE_RIGHT,2,1765388397.0,26.4,1.0931471661897265,60.5,12
ZERO_THREE_RIGHT,2,1765388608.0,26.4,1.1479443131393907,60.5,12
ZERO_THREE_RIGHT,2,1765388608.0,26.4,1.1479443131393907,60.5,12
ZERO_THREE_RIGHT,2,1765388851.0,26.4,1.1479443131393907,61.0,11
ZERO_THREE_RIGHT,2,1765418868.0,26.4,1.0937063207504376,47.0,2
ZERO_THREE_RIGHT,2,1765419470.0,26.4,1.0937063207504376,48.0,3
ZERO_THREE_RIGHT,2,1765419928.0,26.4,1.0937063207504376,47.0,4
ZERO_THREE_RIGHT,2,1765419928.0,26.4,1.0937063207504376,47.0,4
ZERO_THREE_RIGHT,2,1765420171.0,26.4,1.0937063207504376,48.0,5
ZERO_THREE_RIGHT,2,1765420783.0,26.4,1.0383500192400625,48.0,6
ZERO_THREE_RIGHT,2,1765421395.0,26.4,1.0383500192400625,48.0,7
ZERO_THREE_RIGHT,2,1765421997.0,26.4,1.0383500192400625,48.0,8
ZERO_THREE_RIGHT,2,1765422455.0,26.4,1.0383500192400625,48.0,8
ZERO_THREE_RIGHT,2,1765422455.0,26.4,1.0383500192400625,48.0,8
ZERO_THREE_RIGHT,2,1765422698.0,26.4,1.0383500192400625,48.0,9
ZERO_THREE_RIGHT,2,1765467673.0,26.4,0.8745177329517813,53.0,22
ZERO_THREE_RIGHT,2,1765467848.0,26.4,0.9293148799014453,53.0,22
ZERO_THREE_RIGHT,2,1765468275.0,26.4,0.8745177329517813,54.0,20
ZERO_THREE_RIGHT,2,1765468450.0,26.4,0.9293148799014453,54.0,20
ZERO_THREE_RIGHT,2,1765468733.0,26.4,0.8745177329517813,55.0,18
ZERO_THREE_RIGHT,2,1765468908.0,26.4,0.9293148799014453,55.0,18
ZERO_THREE_RIGHT,2,1765468908.0,26.4,0.9293148799014453,55.0,18
ZERO_THREE_RIGHT,2,1765468976.0,26.4,0.8745177329517813,55.0,18
ZERO_THREE_RIGHT,2,1765469151.0,26.4,0.9293148799014453,55.0,18
ZERO_THREE_RIGHT,2,1765506610.0,26.4,0.9841120268511093,51.0,7
ZERO_THREE_RIGHT,2,1765506816.0,26.4,1.0937063207504376,51.0,7
ZERO_THREE_RIGHT,2,1765507212.0,26.4,0.9841120268511093,49.5,8
ZERO_THREE_RIGHT,2,1765507418.0,26.4,1.0937063207504376,49.5,8
ZERO_THREE_RIGHT,2,1765507670.0,26.4,0.9841120268511093,49.5,8
ZERO_THREE_RIGHT,2,1765507670.0,26.4,0.9841120268511093,49.5,8
ZERO_THREE_RIGHT,2,1765507876.0,26.4,1.0937063207504376,48.0,9
ZERO_THREE_RIGHT,2,1765507876.0,26.4,1.0937063207504376,48.0,9
ZERO_THREE_RIGHT,2,1765507913.0,26.4,0.9841120268511093,48.0,9
ZERO_THREE_RIGHT,2,1765508119.0,26.4,1.0937063207504376,48.0,9
ZERO_THREE_RIGHT,2,1765558499.0,26.4,0.9841120268511094,52.0,26
ZERO_THREE_RIGHT,2,1765558911.0,26.4,1.2027414600890547,54.0,24
ZERO_THREE_RIGHT,2,1765559111.0,26.4,0.9841120268511094,54.0,24
ZERO_THREE_RIGHT,2,1765559513.0,26.4,1.2027414600890547,56.0,22
ZERO_THREE_RIGHT,2,1765559713.0,26.4,0.9841120268511094,56.0,22
ZERO_THREE_RIGHT,2,1765559971.0,26.4,1.2027414600890547,56.0,20
ZERO_THREE_RIGHT,2,1765559971.0,26.4,1.2027414600890547,56.0,20
ZERO_THREE_RIGHT,2,1765560171.0,26.4,0.9841120268511094,56.0,20
ZERO_THREE_RIGHT,2,1765560171.0,26.4,0.9841120268511094,56.0,20
ZERO_THREE_RIGHT,2,1765560214.0,26.4,1.2027414600890547,56.0,20
ZERO_THREE_RIGHT,2,1765560414.0,26.4,0.9841120268511094,56.0,19
ZERO_THREE_RIGHT,2,1765589600.0,26.4,1.2569794524780078,54.5,6
ZERO_THREE_RIGHT,2,1765589943.0,26.4,1.2569794524780078,54.0,7
ZERO_THREE_RIGHT,2,1765590212.0,26.4,1.2569794524780078,54.0,7
ZERO_THREE_RIGHT,2,1765590545.0,26.4,1.2569794524780078,54.5,8
ZERO_THREE_RIGHT,2,1765590814.0,26.4,1.2569794524780078,54.5,8
ZERO_THREE_RIGHT,2,1765591003.0,26.4,1.2569794524780078,54.5,8
ZERO_THREE_RIGHT,2,1765591003.0,26.4,1.2569794524780078,54.5,8
ZERO_THREE_RIGHT,2,1765591246.0,26.4,1.2569794524780078,55.0,9
ZERO_THREE_RIGHT,2,1765591272.0,26.4,1.2569794524780078,55.0,9
ZERO_THREE_RIGHT,2,1765591272.0,26.4,1.2569794524780078,55.0,9
ZERO_THREE_RIGHT,2,1765591515.0,26.4,1.2569794524780078,55.0,9
ZERO_THREE_RIGHT,2,1765641014.0,26.4,1.2027414600890547,50.0,22
ZERO_THREE_RIGHT,2,1765641525.0,26.4,1.0389091738007736,50.5,20
ZERO_THREE_RIGHT,2,1765641626.0,26.4,1.2027414600890547,50.5,20
ZERO_THREE_RIGHT,2,1765642127.0,26.4,1.0389091738007736,50.0,18
ZERO_THREE_RIGHT,2,1765642228.0,26.4,1.2027414600890547,50.0,18
ZERO_THREE_RIGHT,2,1765642585.0,26.4,1.0389091738007736,50.0,17
ZERO_THREE_RIGHT,2,1765642585.0,26.4,1.0389091738007736,50.0,17
ZERO_THREE_RIGHT,2,1765642686.0,26.4,1.2027414600890547,50.0,17
ZERO_THREE_RIGHT,2,1765642686.0,26.4,1.2027414600890547,50.0,17
ZERO_THREE_RIGHT,2,1765642828.0,26.4,1.0389091738007736,50.5,16
ZERO_THREE_RIGHT,2,1765642929.0,26.4,1.2027414600890547,50.5,16
ZERO_THREE_RIGHT,2,1765643387.0,26.4,1.2027414600890547,50.0,14
ZERO_THREE_RIGHT,2,1765659175.0,26.4,1.202741460089055,54.0,6
ZERO_THREE_RIGHT,2,1765659632.0,26.4,1.2569794524780078,54.0,7
ZERO_THREE_RIGHT,2,1765659787.0,26.4,1.202741460089055,54.0,7
ZERO_THREE_RIGHT,2,1765660234.0,26.4,1.2569794524780078,54.0,8
ZERO_THREE_RIGHT,2,1765660389.0,26.4,1.202741460089055,54.0,8
ZERO_THREE_RIGHT,2,1765660692.0,26.4,1.2569794524780078,54.0,9
ZERO_THREE_RIGHT,2,1765660692.0,26.4,1.2569794524780078,54.0,9
ZERO_THREE_RIGHT,2,1765660847.0,26.4,1.202741460089055,54.0,9
ZERO_THREE_RIGHT,2,1765660935.0,26.4,1.2569794524780078,54.0,9
ZERO_THREE_RIGHT,2,1765661090.0,26.4,1.202741460089055,54.0,9
ZERO_THREE_RIGHT,2,1765661393.0,26.4,1.2569794524780078,54.0,10
ZERO_THREE_RIGHT,2,1765661548.0,26.4,1.202741460089055,54.0,10
ZERO_THREE_RIGHT,2,1765762255.0,26.4,1.311776599427672,58.0,31
ZERO_THREE_RIGHT,2,1765762701.0,26.4,1.311776599427672,59.0,29
ZERO_THREE_RIGHT,2,1765762867.0,26.4,1.311776599427672,59.0,30
ZERO_THREE_RIGHT,2,1765763303.0,26.4,1.311776599427672,59.5,28
ZERO_THREE_RIGHT,2,1765763469.0,26.4,1.311776599427672,60.0,29
ZERO_THREE_RIGHT,2,1765763761.0,26.4,1.311776599427672,60.0,28
ZERO_THREE_RIGHT,2,1765763761.0,26.4,1.311776599427672,60.0,28
ZERO_THREE_RIGHT,2,1765763927.0,26.4,1.311776599427672,60.0,27
ZERO_THREE_RIGHT,2,1765763927.0,26.4,1.311776599427672,60.0,27
ZERO_THREE_RIGHT,2,1765764004.0,26.4,1.311776599427672,60.0,27
ZERO_THREE_RIGHT,2,1765764170.0,26.4,1.311776599427672,60.5,28
ZERO_THREE_RIGHT,2,1765764462.0,26.4,1.311776599427672,61.0,26
ZERO_THREE_RIGHT,2,1765764628.0,26.4,1.311776599427672,61.0,27
ZERO_THREE_RIGHT,2,1766004290.0,26.4,0.4361879268917558,93.0,25
ZERO_THREE_RIGHT,2,1766004493.0,26.4,0.432496680625337,93.0,24
ZERO_THREE_RIGHT,2,1766005156.35,26.4,0.3572317807613711,93.0,21
ZERO_THREE_RIGHT,2,1767641681.0,8.8,1.5620857628751048,94.0,780
ZERO_THREE_RIGHT,2,1767641977.35,8.8,2.212166706600714,94.0,780
ZERO_THREE_RIGHT,2,1767643298.0,8.8,4.669810372388545,94.0,780
ZERO_THREE_RIGHT,2,1767643515.6,8.8,1.9532017953827256,94.0,780
ZERO_THREE_RIGHT,2,1767643558.35,8.8,2.4696347392199223,94.0,780
ZERO_THREE_RIGHT,2,1767645021.0,8.8,1.997639025431163,94.0,780
ZERO_THREE_RIGHT,2,1767645258.0,8.8,7.623871230579598,94.0,780
ZERO_THREE_RIGHT,2,1767645339.0,8.8,1.887634381552694,94.0,780
ZERO_THREE_RIGHT,2,1770151825.0,8.8,1.2768678364300081,107.0,6489
ZERO_THREE_RIGHT,2,1770152069.0,8.8,1.0053769546469966,107.0,6489
ZERO_THREE_RIGHT,2,1770152297.55,8.8,1.4595801034803546,107.0,6489
ZERO_THREE_RIGHT,2,1770152479.8,8.8,1.4361849075325743,107.0,6489
ZERO_THREE_RIGHT,2,1770152946.8,8.8,1.0827040747279508,107.0,6489
ZERO_THREE_RIGHT,2,1770153301.3,8.8,1.1821253495130613,107.0,6489
ZERO_THREE_RIGHT,2,1770153857.05,8.8,1.1658845313366408,107.0,6489
ZERO_THREE_RIGHT,2,1770153897.8,8.8,1.1404752614234237,107.0,6489
ZERO_THREE_RIGHT,2,1770154924.0,8.8,1.0520270632187678,107.0,6489
ZERO_THREE_RIGHT,2,1770155662.0,8.8,1.3983401646512896,107.0,6489
ZERO_THREE_RIGHT,2,1770155745.0,8.8,0.9690278280711047,107.0,6489
ZERO_THREE_RIGHT,2,1770155910.0,8.8,1.3910473689494545,107.0,6489
ZERO_THREE_RIGHT,2,1770156237.0,8.8,1.039419840503954,107.0,6489
ZERO_THREE_RIGHT,2,1770156274.0,8.8,1.453550764973545,107.0,6489
ZERO_THREE_RIGHT,2,1770229532.0,24.4,1.5846440250545704,93.0,13
ZERO_THREE_RIGHT,2,1770229714.0,24.4,1.366014591816625,92.5,12
ZERO_THREE_RIGHT,2,1770229990.0,24.4,1.5846440250545704,92.5,12
ZERO_THREE_RIGHT,2,1770229990.0,24.4,1.5846440250545704,92.5,12
ZERO_THREE_RIGHT,2,1770230172.0,24.4,1.366014591816625,92.5,12
ZERO_THREE_RIGHT,2,1770230172.0,24.4,1.366014591816625,92.5,12
ZERO_THREE_RIGHT,2,1770230233.0,24.4,1.5846440250545704,92.0,11
ZERO_THREE_RIGHT,2,1770230415.0,24.4,1.366014591816625,92.0,11
ZERO_THREE_RIGHT,2,1770230691.0,24.4,1.5846440250545704,92.0,11
ZERO_THREE_RIGHT,2,1770230873.0,24.4,1.366014591816625,92.5,10
ZERO_THREE_RIGHT,2,1770314279.0,24.4,1.6394411720042346,104.0,16
ZERO_THREE_RIGHT,2,1770314593.0,24.4,1.6394411720042346,104.0,16
ZERO_THREE_RIGHT,2,1770314593.0,24.4,1.6394411720042346,104.0,16
ZERO_THREE_RIGHT,2,1770314836.0,24.4,1.6394411720042346,104.0,15
ZERO_THREE_RIGHT,2,1770314861.0,24.4,1.311776599427672,104.0,15
ZERO_THREE_RIGHT,2,1770314861.0,24.4,1.311776599427672,104.0,15
ZERO_THREE_RIGHT,2,1770315104.0,24.4,1.311776599427672,104.0,15
ZERO_THREE_RIGHT,2,1770315294.0,24.4,1.6394411720042346,104.0,15
ZERO_THREE_RIGHT,2,1770315562.0,24.4,1.311776599427672,104.0,14
ZERO_THREE_RIGHT,2,1770402205.0,24.4,1.8038326128532272,175.0,18
ZERO_THREE_RIGHT,2,1770402205.0,24.4,1.8038326128532272,175.0,18
ZERO_THREE_RIGHT,2,1770402448.0,24.4,1.8038326128532272,175.0,17
ZERO_THREE_RIGHT,2,1770402587.0,24.4,1.9671057445807971,175.0,17
ZERO_THREE_RIGHT,2,1770402906.0,24.4,1.8038326128532272,175.0,17
ZERO_THREE_RIGHT,2,1770403045.0,24.4,1.9671057445807971,175.0,16
ZERO_THREE_RIGHT,2,1770488932.0,24.4,1.6942383189538988,181.0,20
ZERO_THREE_RIGHT,2,1770489489.0,24.4,1.6942383189538988,181.0,20
ZERO_THREE_RIGHT,2,1770489752.0,24.4,1.9128677521918442,182.0,19
ZERO_THREE_RIGHT,2,1770489947.0,24.4,1.6942383189538988,182.0,19
ZERO_THREE_RIGHT,2,1770490309.0,24.4,1.9128677521918442,181.5,18
ZERO_THREE_RIGHT,2,1770490767.0,24.4,1.9128677521918442,183.0,17
ZERO_THREE_RIGHT,2,1770575067.0,24.4,2.0224620460911726,153.5,16
ZERO_THREE_RIGHT,2,1770575525.0,24.4,2.0224620460911726,154.0,14
ZERO_THREE_RIGHT,2,1770662343.0,24.4,1.749035465903563,136.0,23
ZERO_THREE_RIGHT,2,1770662436.0,24.4,1.9134269067525551,136.0,23
ZERO_THREE_RIGHT,2,1770662808.0,24.4,1.749035465903563,136.0,22
ZERO_THREE_RIGHT,2,1770662901.0,24.4,1.9134269067525551,136.0,22
ZERO_THREE_RIGHT,2,1770663266.0,24.4,1.749035465903563,135.5,20
ZERO_THREE_RIGHT,2,1770663359.0,24.4,1.9134269067525551,135.5,20
ZERO_THREE_RIGHT,2,1770750603.0,24.4,1.6394411720042346,140.0,22
ZERO_THREE_RIGHT,2,1770750643.0,24.4,1.9128677521918442,140.0,22
ZERO_THREE_RIGHT,2,1770751068.0,24.4,1.6394411720042346,136.0,21
ZERO_THREE_RIGHT,2,1770751108.0,24.4,1.9128677521918442,136.0,21
ZERO_THREE_RIGHT,2,1770751526.0,24.4,1.6394411720042346,139.5,20
ZERO_THREE_RIGHT,2,1770751566.0,24.4,1.9128677521918442,139.5,20
ZERO_THREE_RIGHT,2,1770834768.0,24.4,1.5852031796152817,106.5,16
ZERO_THREE_RIGHT,2,1770835042.0,24.4,1.6942383189538988,109.0,15
ZERO_THREE_RIGHT,2,1770835226.0,24.4,1.5852031796152817,109.0,15
ZERO_THREE_RIGHT,2,1770835500.0,24.4,1.6942383189538988,109.0,14
ZERO_THREE_RIGHT,2,1770835520.0,24.4,1.5852031796152817,109.0,14
ZERO_THREE_RIGHT,2,1770835794.0,24.4,1.6942383189538988,109.0,14
ZERO_THREE_RIGHT,2,1770922660.0,24.4,1.4756088857159533,121.0,25
ZERO_THREE_RIGHT,2,1770923125.0,24.4,1.4756088857159533,122.0,24
ZERO_THREE_RIGHT,2,1770923571.0,24.4,1.6394411720042346,122.0,24
ZERO_THREE_RIGHT,2,1770923583.0,24.4,1.4756088857159533,122.0,24
ZERO_THREE_RIGHT,2,1770923877.0,24.4,1.4756088857159533,123.0,22
ZERO_THREE_RIGHT,2,1770924036.0,24.4,1.6394411720042346,123.0,22
ZERO_THREE_RIGHT,2,1770924494.0,24.4,1.6394411720042346,123.0,20
ZERO_THREE_RIGHT,2,1770924788.0,24.4,1.6394411720042346,123.0,20
ZERO_THREE_RIGHT,2,1771009406.0,24.4,1.4756088857159533,130.0,8
ZERO_THREE_RIGHT,2,1771009547.0,24.4,1.9128677521918442,131.0,7
ZERO_THREE_RIGHT,2,1771009749.0,24.4,1.4756088857159533,131.0,7
ZERO_THREE_RIGHT,2,1771009890.0,24.4,1.9128677521918442,131.0,7
ZERO_THREE_RIGHT,2,1771010207.0,24.4,1.4756088857159533,131.5,6
ZERO_THREE_RIGHT,2,1771010348.0,24.4,1.9128677521918442,131.5,6
ZERO_THREE_RIGHT,2,1771010501.0,24.4,1.4756088857159533,131.5,6
ZERO_THREE_RIGHT,2,1771010642.0,24.4,1.9128677521918442,131.5,6
ZERO_THREE_RIGHT,2,1771036520.0,24.4,1.4761680402766642,119.5,6
ZERO_THREE_RIGHT,2,1771036773.0,24.4,1.3665737463773362,117.0,7
ZERO_THREE_RIGHT,2,1771036978.0,24.4,1.4761680402766642,117.0,7
ZERO_THREE_RIGHT,2,1771037231.0,24.4,1.3665737463773362,117.0,7
ZERO_THREE_RIGHT,2,1771037272.0,24.4,1.4761680402766642,117.0,7
ZERO_THREE_RIGHT,2,1771037525.0,24.4,1.3665737463773362,119.5,8
ZERO_THREE_RIGHT,2,1771093949.0,24.4,1.3665737463773362,106.0,26
ZERO_THREE_RIGHT,2,1771094073.0,24.4,1.5304060326656175,106.0,26
ZERO_THREE_RIGHT,2,1771094407.0,24.4,1.3665737463773362,106.0,24
ZERO_THREE_RIGHT,2,1771094531.0,24.4,1.5304060326656175,106.0,24
ZERO_THREE_RIGHT,2,1771094701.0,24.4,1.3665737463773362,106.0,24
ZERO_THREE_RIGHT,2,1771094825.0,24.4,1.5304060326656175,106.0,23
ZERO_THREE_RIGHT,2,1771123134.0,24.4,1.4756088857159533,107.0,6
ZERO_THREE_RIGHT,2,1771123177.0,24.4,1.8038326128532272,107.0,6
ZERO_THREE_RIGHT,2,1771123935.0,24.4,1.4756088857159533,103.0,7
ZERO_THREE_RIGHT,2,1771123978.0,24.4,1.8038326128532272,103.0,7
ZERO_THREE_RIGHT,2,1771124229.0,24.4,1.4756088857159533,107.0,8
ZERO_THREE_RIGHT,2,1771124272.0,24.4,1.8038326128532272,107.0,8
ZERO_THREE_RIGHT,2,1771188328.0,24.4,1.6400003265649459,110.0,27
ZERO_THREE_RIGHT,2,1771189129.0,24.4,1.6400003265649459,110.0,25
ZERO_THREE_RIGHT,2,1771189423.0,24.4,1.6400003265649459,115.0,23
ZERO_THREE_RIGHT,2,1771203397.0,24.4,1.749035465903563,120.0,6
ZERO_THREE_RIGHT,2,1771204198.0,24.4,1.749035465903563,120.0,7
ZERO_THREE_RIGHT,2,1771204492.0,24.4,1.749035465903563,120.0,8
ZERO_THREE_RIGHT,2,1771269700.0,24.4,1.4756088857159533,120.0,33
ZERO_THREE_RIGHT,2,1771269700.0,24.4,1.4756088857159533,120.0,33
ZERO_THREE_RIGHT,2,1771270501.0,24.4,1.4756088857159533,122.0,30
ZERO_THREE_RIGHT,2,1771270795.0,24.4,1.4756088857159533,124.0,28
ZERO_THREE_RIGHT,2,1771280263.0,24.4,1.6394411720042346,123.5,6
ZERO_THREE_RIGHT,2,1771281064.0,24.4,1.6394411720042346,124.5,8
ZERO_THREE_RIGHT,2,1771281358.0,24.4,1.6394411720042346,124.5,8
ZERO_THREE_RIGHT,2,1771349516.0,24.4,1.6942383189538988,110.0,22
ZERO_THREE_RIGHT,2,1771349584.0,24.4,1.5304060326656175,110.0,22
ZERO_THREE_RIGHT,2,1771349616.0,24.4,1.6942383189538988,110.0,22
ZERO_THREE_RIGHT,2,1771350317.0,24.4,1.6942383189538988,109.5,20
ZERO_THREE_RIGHT,2,1771350385.0,24.4,1.5304060326656175,109.5,20
ZERO_THREE_RIGHT,2,1771350611.0,24.4,1.6942383189538988,111.0,19
ZERO_THREE_RIGHT,2,1771350679.0,24.4,1.5304060326656175,111.0,18
ZERO_THREE_RIGHT,2,1771382514.0,24.4,1.5298468781049066,99.5,6
ZERO_THREE_RIGHT,2,1771382583.0,24.4,1.3665737463773362,99.5,6
ZERO_THREE_RIGHT,2,1771383215.0,24.4,1.5298468781049066,99.0,7
ZERO_THREE_RIGHT,2,1771383284.0,24.4,1.3665737463773362,99.5,8
ZERO_THREE_RIGHT,2,1771383509.0,24.4,1.5298468781049066,99.5,8
ZERO_THREE_RIGHT,2,1771383578.0,24.4,1.3665737463773362,99.5,8
ZERO_THREE_RIGHT,2,1771531365.0,8.8,2.637460106138713,113.0,4422
ZERO_THREE_RIGHT,2,1771531457.0,8.8,4.252370434206072,113.0,4422
ZERO_THREE_RIGHT,2,1771531540.0,8.8,2.3883047034215297,113.0,4421
ZERO_THREE_RIGHT,2,1771531599.0,8.8,4.252370434206073,113.0,4421
ZERO_THREE_RIGHT,2,1771531751.0,8.8,4.252370434206072,113.0,4421
ZERO_THREE_RIGHT,2,1771531820.45,8.8,2.4025408319851564,113.0,4421
ZERO_THREE_RIGHT,2,1771531893.0,8.8,4.252370434206073,113.0,4421
ZERO_THREE_RIGHT,2,1771532122.95,8.8,2.225525448741437,113.0,4420
ZERO_THREE_RIGHT,2,1771533109.0,8.8,2.934330472583044,113.0,4419
ZERO_THREE_RIGHT,2,1771533391.3500001,8.8,2.4424589417943405,113.0,4418
ZERO_THREE_RIGHT,2,1771533762.6000001,8.8,3.994588681454347,113.0,4418
ZERO_THREE_RIGHT,2,1771534417.1000001,8.8,3.268575673452709,113.0,4417
ZERO_THREE_RIGHT,2,1771534448.3500001,8.8,1.9909820702105392,113.0,4417
ZERO_THREE_RIGHT,2,1771534468.8500001,8.8,3.1572782874848206,113.0,4417
ZERO_THREE_RIGHT,2,1771614903.0,24.4,1.6942383189538988,115.0,16
ZERO_THREE_RIGHT,2,1771615197.0,24.4,1.6942383189538988,115.0,16
ZERO_THREE_RIGHT,2,1771615273.0,24.4,1.803832612853227,115.0,16
ZERO_THREE_RIGHT,2,1771615567.0,24.4,1.803832612853227,120.0,15
ZERO_THREE_RIGHT,2,1771699363.0,26.4,1.749035465903563,125.0,23
ZERO_THREE_RIGHT,2,1771699452.0,26.4,1.6942383189538988,125.0,22
ZERO_THREE_RIGHT,2,1771700064.0,26.4,1.749035465903563,125.0,20
ZERO_THREE_RIGHT,2,1771700153.0,26.4,1.6942383189538988,125.0,20
ZERO_THREE_RIGHT,2,1771700358.0,26.4,1.749035465903563,125.0,20
ZERO_THREE_RIGHT,2,1771700447.0,26.4,1.6942383189538988,125.0,20
ZERO_THREE_RIGHT,2,1771782711.0,26.4,1.5852031796152817,120.0,11
ZERO_THREE_RIGHT,2,1771782986.0,26.4,1.4761680402766642,120.0,11
ZERO_THREE_RIGHT,2,1771783005.0,26.4,1.5852031796152817,120.0,11
ZERO_THREE_RIGHT,2,1771783280.0,26.4,1.4761680402766642,120.5,10
ZERO_THREE_RIGHT,2,1771872641.0,26.4,1.5852031796152817,96.5,18
ZERO_THREE_RIGHT,2,1771872740.0,26.4,1.6942383189538988,96.5,18
ZERO_THREE_RIGHT,2,1771873241.0,26.4,1.5852031796152817,97.0,17
ZERO_THREE_RIGHT,2,1771873340.0,26.4,1.6942383189538988,97.0,17
ZERO_THREE_RIGHT,2,1771873535.0,26.4,1.5852031796152817,96.5,16
ZERO_THREE_RIGHT,2,1771873634.0,26.4,1.6942383189538988,96.5,16
ZERO_THREE_RIGHT,2,1771979914.0,26.4,1.2569794524780078,88.0,12
ZERO_THREE_RIGHT,2,1771980030.0,26.4,1.311776599427672,88.0,11
ZERO_THREE_RIGHT,2,1771980514.0,26.4,1.2569794524780078,88.0,11
ZERO_THREE_RIGHT,2,1771980630.0,26.4,1.311776599427672,87.5,10
ZERO_THREE_RIGHT,2,1771980808.0,26.4,1.2569794524780078,87.5,10
ZERO_THREE_RIGHT,2,1771980924.0,26.4,1.311776599427672,87.5,10
ZERO_THREE_RIGHT,2,1772044525.0,26.4,1.420811738766289,108.0,22
ZERO_THREE_RIGHT,2,1772044657.0,26.4,1.5852031796152817,108.0,22
ZERO_THREE_RIGHT,2,1772044819.0,26.4,1.420811738766289,108.0,22
ZERO_THREE_RIGHT,2,1772044951.0,26.4,1.5852031796152817,108.0,23
ZERO_THREE_RIGHT,2,1772057539.0,26.4,1.6947974735146099,108.0,18
ZERO_THREE_RIGHT,2,1772057729.0,26.4,1.6942383189538988,108.0,17
ZERO_THREE_RIGHT,2,1772057833.0,26.4,1.6947974735146099,108.0,17
ZERO_THREE_RIGHT,2,1772058023.0,26.4,1.6942383189538988,108.0,17
ZERO_THREE_RIGHT,2,1772129566.0,26.4,1.6400003265649454,116.5,12
ZERO_THREE_RIGHT,2,1772130166.0,26.4,1.6400003265649454,116.0,11
ZERO_THREE_RIGHT,2,1772130284.0,26.4,1.5852031796152815,116.0,11
ZERO_THREE_RIGHT,2,1772130460.0,26.4,1.6400003265649454,116.5,10
ZERO_THREE_RIGHT,2,1772130578.0,26.4,1.5852031796152815,116.5,10
ZERO_THREE_RIGHT,2,1772225920.0,26.4,1.6942383189538988,119.0,33
ZERO_THREE_RIGHT,2,1772226520.0,26.4,1.6942383189538988,119.0,31
ZERO_THREE_RIGHT,2,1772226731.0,26.4,1.5857623341759925,119.5,30
ZERO_THREE_RIGHT,2,1772226814.0,26.4,1.6942383189538988,119.5,30
ZERO_THREE_RIGHT,2,1772227331.0,26.4,1.5857623341759925,120.0,28
ZERO_THREE_RIGHT,2,1772227625.0,26.4,1.5857623341759925,120.0,27
ZERO_THREE_RIGHT,2,1772232464.0,26.4,1.4756088857159533,121.5,6
ZERO_THREE_RIGHT,2,1772232510.0,26.4,1.4213708933270002,121.5,6
ZERO_THREE_RIGHT,2,1772232922.0,26.4,1.4756088857159533,118.0,3
ZERO_THREE_RIGHT,2,1772232968.0,26.4,1.4213708933270002,118.0,3
ZERO_THREE_RIGHT,2,1772233216.0,26.4,1.4756088857159533,118.0,3
ZERO_THREE_RIGHT,2,1772233262.0,26.4,1.4213708933270002,118.0,3
ZERO_THREE_RIGHT,2,1772245423.0,26.4,1.6942383189538988,119.0,6
ZERO_THREE_RIGHT,2,1772245881.0,26.4,1.6942383189538988,117.0,7
ZERO_THREE_RIGHT,2,1772245961.0,26.4,1.5852031796152817,117.0,7
ZERO_THREE_RIGHT,2,1772246175.0,26.4,1.6942383189538988,117.0,7
ZERO_THREE_RIGHT,2,1772246255.0,26.4,1.5852031796152817,116.0,8
ZERO_THREE_RIGHT,2,1772246562.0,26.4,1.6942383189538988,116.0,8
ZERO_THREE_RIGHT,2,1772246642.0,26.4,1.5852031796152817,116.0,8
ZERO_THREE_RIGHT,2,1772307429.0,26.4,1.4761680402766642,106.0,30
ZERO_THREE_RIGHT,2,1772307534.0,26.4,1.5852031796152817,106.0,30
ZERO_THREE_RIGHT,2,1772307723.0,26.4,1.4761680402766642,106.0,30
ZERO_THREE_RIGHT,2,1772307828.0,26.4,1.5852031796152817,106.0,30
ZERO_THREE_RIGHT,2,1772308110.0,26.4,1.4761680402766642,107.0,27
ZERO_THREE_RIGHT,2,1772308215.0,26.4,1.5852031796152817,107.0,27
ZERO_THREE_RIGHT,2,1772319327.0,26.4,1.311776599427672,114.0,6
ZERO_THREE_RIGHT,2,1772319455.0,26.4,1.749035465903563,114.0,6
ZERO_THREE_RIGHT,2,1772319785.0,26.4,1.311776599427672,113.0,7
ZERO_THREE_RIGHT,2,1772319913.0,26.4,1.749035465903563,113.0,7
ZERO_THREE_RIGHT,2,1772320079.0,26.4,1.311776599427672,113.0,7
ZERO_THREE_RIGHT,2,1772320207.0,26.4,1.749035465903563,112.0,8
ZERO_THREE_RIGHT,2,1772320466.0,26.4,1.311776599427672,112.0,8
ZERO_THREE_RIGHT,2,1772320594.0,26.4,1.749035465903563,112.0,8
ZERO_THREE_RIGHT,2,1772383520.0,26.4,1.4213708933270002,101.0,24
ZERO_THREE_RIGHT,2,1772383708.0,26.4,1.5304060326656175,101.0,24
ZERO_THREE_RIGHT,2,1772383978.0,26.4,1.4213708933270002,101.0,22
ZERO_THREE_RIGHT,2,1772384166.0,26.4,1.5304060326656175,101.0,22
ZERO_THREE_RIGHT,2,1772384272.0,26.4,1.4213708933270002,101.0,22
ZERO_THREE_RIGHT,2,1772384460.0,26.4,1.5304060326656175,99.5,20
ZERO_THREE_RIGHT,2,1772384659.0,26.4,1.4213708933270002,99.5,20
ZERO_THREE_RIGHT,2,1772384847.0,26.4,1.5304060326656175,99.5,20
ZERO_THREE_RIGHT,2,1772416727.0,26.4,1.4761680402766642,117.0,5
ZERO_THREE_RIGHT,2,1772417185.0,26.4,1.4761680402766642,113.0,6
ZERO_THREE_RIGHT,2,1772417445.0,26.4,1.749035465903563,113.0,6
ZERO_THREE_RIGHT,2,1772417479.0,26.4,1.4761680402766642,113.0,6
ZERO_THREE_RIGHT,2,1772417866.0,26.4,1.4761680402766642,110.0,7
ZERO_THREE_RIGHT,2,1772417903.0,26.4,1.749035465903563,110.0,7
ZERO_THREE_RIGHT,2,1772418197.0,26.4,1.749035465903563,112.0,8
ZERO_THREE_RIGHT,2,1772418584.0,26.4,1.749035465903563,112.0,8
ZERO_THREE_RIGHT,2,1772471065.0,26.4,1.6400003265649459,105.0,22
ZERO_THREE_RIGHT,2,1772471177.0,26.4,1.749035465903563,105.0,22
ZERO_THREE_RIGHT,2,1772471523.0,26.4,1.6400003265649459,105.0,20
ZERO_THREE_RIGHT,2,1772471635.0,26.4,1.749035465903563,105.0,20
ZERO_THREE_RIGHT,2,1772471817.0,26.4,1.6400003265649459,105.0,20
ZERO_THREE_RIGHT,2,1772471929.0,26.4,1.749035465903563,105.0,20
ZERO_THREE_RIGHT,2,1772472204.0,26.4,1.6400003265649459,105.0,18
ZERO_THREE_RIGHT,2,1772472316.0,26.4,1.749035465903563,105.0,18
ZERO_THREE_RIGHT,2,1772489743.0,26.4,1.5846440250545706,101.0,6
ZERO_THREE_RIGHT,2,1772489864.0,26.4,1.4761680402766642,101.0,6
ZERO_THREE_RIGHT,2,1772490201.0,26.4,1.5846440250545706,102.0,7
ZERO_THREE_RIGHT,2,1772490322.0,26.4,1.4761680402766642,102.0,7
ZERO_THREE_RIGHT,2,1772490495.0,26.4,1.5846440250545706,102.0,7
ZERO_THREE_RIGHT,2,1772490616.0,26.4,1.4761680402766642,101.0,8
ZERO_THREE_RIGHT,2,1772490882.0,26.4,1.5846440250545706,101.0,8
ZERO_THREE_RIGHT,2,1772491003.0,26.4,1.4761680402766642,101.0,8
ZERO_THREE_RIGHT,2,1772560352.0,26.4,1.311776599427672,90.0,22
ZERO_THREE_RIGHT,2,1772560535.0,26.4,1.4756088857159533,90.0,22
ZERO_THREE_RIGHT,2,1772560810.0,26.4,1.311776599427672,90.5,20
ZERO_THREE_RIGHT,2,1772560993.0,26.4,1.4756088857159533,90.5,20
ZERO_THREE_RIGHT,2,1772561104.0,26.4,1.311776599427672,90.5,20
ZERO_THREE_RIGHT,2,1772561287.0,26.4,1.4756088857159533,90.5,20
ZERO_THREE_RIGHT,2,1772561491.0,26.4,1.311776599427672,91.0,18
ZERO_THREE_RIGHT,2,1772561674.0,26.4,1.4756088857159533,91.0,18
ZERO_THREE_RIGHT,2,1772587270.0,26.4,1.311776599427672,89.0,6
ZERO_THREE_RIGHT,2,1772587319.0,26.4,1.4756088857159533,89.0,6
ZERO_THREE_RIGHT,2,1772587728.0,26.4,1.311776599427672,90.0,7
ZERO_THREE_RIGHT,2,1772587777.0,26.4,1.4756088857159533,90.0,7
ZERO_THREE_RIGHT,2,1772588022.0,26.4,1.311776599427672,90.5,8
ZERO_THREE_RIGHT,2,1772588071.0,26.4,1.4756088857159533,90.5,8
ZERO_THREE_RIGHT,2,1772588409.0,26.4,1.311776599427672,90.5,8
ZERO_THREE_RIGHT,2,1772588458.0,26.4,1.4756088857159533,90.5,8
ZERO_THREE_RIGHT,2,1772648027.0,26.4,1.5852031796152817,102.0,22
ZERO_THREE_RIGHT,2,1772648161.0,26.4,1.4213708933270002,102.0,22
ZERO_THREE_RIGHT,2,1772648485.0,26.4,1.5852031796152817,102.0,22
ZERO_THREE_RIGHT,2,1772648619.0,26.4,1.4213708933270002,101.0,20
ZERO_THREE_RIGHT,2,1772648779.0,26.4,1.5852031796152817,101.0,20
ZERO_THREE_RIGHT,2,1772648913.0,26.4,1.4213708933270002,101.0,20
ZERO_THREE_RIGHT,2,1772649166.0,26.4,1.5852031796152817,101.0,20
ZERO_THREE_RIGHT,2,1772649300.0,26.4,1.4213708933270002,102.0,18
ZERO_THREE_RIGHT,2,1772657171.0,8.8,2.3213782009240647,105.0,8196
ZERO_THREE_RIGHT,2,1772657345.0,8.8,1.9495158956163683,105.0,8196
ZERO_THREE_RIGHT,2,1772657635.35,8.8,2.2355852441075266,105.0,8196
ZERO_THREE_RIGHT,2,1772658862.85,8.8,2.5667313943741457,105.0,8196
ZERO_THREE_RIGHT,2,1772659088.6,8.8,2.1049609044301874,105.0,8196
ZERO_THREE_RIGHT,2,1772659681.85,8.8,1.953392770698181,105.0,8196
ZERO_THREE_RIGHT,2,1772660001.0,8.8,3.0083902290424076,105.0,8196
ZERO_THREE_RIGHT,2,1772660298.85,8.8,1.9544786875016824,105.0,8196
ZERO_THREE_RIGHT,2,1772661058.6,8.8,2.3083065314982223,105.0,8196
ZERO_THREE_RIGHT,2,1772661569.6,8.8,4.008084983694817,105.0,8196
ZERO_THREE_RIGHT,2,1772661847.1,8.8,2.7548837021819454,105.0,8196
ZERO_THREE_RIGHT,2,1772661868.6,8.8,3.627623846718853,105.0,8196
ZERO_THREE_RIGHT,2,1772661889.85,8.8,2.2405745932370373,105.0,8196
ZERO_THREE_RIGHT,2,1772661912.85,8.8,2.292411170688123,105.0,8196
ZERO_THREE_RIGHT,2,1772661919.1,8.8,2.947072734547585,105.0,8196
ZERO_THREE_RIGHT,2,1772729052.0,26.4,1.858629759802891,114.0,11
ZERO_THREE_RIGHT,2,1772729206.0,26.4,1.6942383189538988,114.0,11
ZERO_THREE_RIGHT,2,1772729510.0,26.4,1.858629759802891,114.0,10
ZERO_THREE_RIGHT,2,1772729664.0,26.4,1.6942383189538988,114.0,10
ZERO_THREE_RIGHT,2,1772729804.0,26.4,1.858629759802891,114.0,10
ZERO_THREE_RIGHT,2,1772729958.0,26.4,1.6942383189538988,114.0,10
ZERO_THREE_RIGHT,2,1772730191.0,26.4,1.858629759802891,114.0,9
ZERO_THREE_RIGHT,2,1772730345.0,26.4,1.6942383189538988,114.0,9
ZERO_THREE_RIGHT,2,1772730626.0,26.4,1.6942383189538988,114.5,8
ZERO_THREE_RIGHT,2,1772822457.0,26.4,1.3665737463773362,115.0,19
ZERO_THREE_RIGHT,2,1772822770.0,26.4,1.3665737463773362,115.0,19
ZERO_THREE_RIGHT,2,1772822881.0,26.4,1.5852031796152817,115.0,19
ZERO_THREE_RIGHT,2,1772823064.0,26.4,1.3665737463773362,116.0,18
ZERO_THREE_RIGHT,2,1772823194.0,26.4,1.5852031796152817,116.0,18
ZERO_THREE_RIGHT,2,1772823451.0,26.4,1.3665737463773362,116.0,18
ZERO_THREE_RIGHT,2,1772823488.0,26.4,1.5852031796152817,116.0,18
ZERO_THREE_RIGHT,2,1772823732.0,26.4,1.3665737463773362,115.0,17
ZERO_THREE_RIGHT,2,1772823875.0,26.4,1.5852031796152817,115.0,17
ZERO_THREE_RIGHT,2,1772824156.0,26.4,1.5852031796152817,112.0,16
ZERO_THREE_RIGHT,2,1772911459.0,26.4,1.6942383189538988,101.0,13
ZERO_THREE_RIGHT,2,1772911731.0,26.4,1.6400003265649454,100.5,12
ZERO_THREE_RIGHT,2,1772911846.0,26.4,1.6942383189538988,100.5,12
ZERO_THREE_RIGHT,2,1772912118.0,26.4,1.6400003265649454,100.5,12
ZERO_THREE_RIGHT,2,1772912127.0,26.4,1.6942383189538988,100.5,12
ZERO_THREE_RIGHT,2,1772912399.0,26.4,1.6400003265649454,100.0,11
ZERO_THREE_RIGHT,2,1772937014.0,26.4,1.311776599427672,112.5,6
ZERO_THREE_RIGHT,2,1772937271.0,26.4,1.749035465903563,112.5,6
ZERO_THREE_RIGHT,2,1772937621.0,26.4,1.311776599427672,112.0,7
ZERO_THREE_RIGHT,2,1772937878.0,26.4,1.749035465903563,112.0,7
ZERO_THREE_RIGHT,2,1772938008.0,26.4,1.311776599427672,108.0,8
ZERO_THREE_RIGHT,2,1772938265.0,26.4,1.749035465903563,108.0,8
ZERO_THREE_RIGHT,2,1772938289.0,26.4,1.311776599427672,108.0,8
ZERO_THREE_RIGHT,2,1772938546.0,26.4,1.749035465903563,108.0,8
ZERO_THREE_RIGHT,2,1772998444.0,26.4,1.5852031796152817,83.0,22
ZERO_THREE_RIGHT,2,1772998474.0,26.4,1.3665737463773362,83.0,22
ZERO_THREE_RIGHT,2,1772998831.0,26.4,1.5852031796152817,83.5,20
ZERO_THREE_RIGHT,2,1772998861.0,26.4,1.3665737463773362,83.5,20
ZERO_THREE_RIGHT,2,1772999112.0,26.4,1.5852031796152817,83.5,20
ZERO_THREE_RIGHT,2,1772999142.0,26.4,1.3665737463773362,83.5,20
ZERO_THREE_RIGHT,2,1773079569.0,26.4,1.5852031796152817,172.0,21
ZERO_THREE_RIGHT,2,1773079956.0,26.4,1.5852031796152817,172.0,20
ZERO_THREE_RIGHT,2,1773080237.0,26.4,1.5852031796152817,172.0,19
ZERO_THREE_RIGHT,2,1773080625.0,26.4,1.5852031796152817,172.0,19
ZERO_THREE_RIGHT,2,1773081054.0,26.4,1.4761680402766642,181.5,18
ZERO_THREE_RIGHT,2,1773081441.0,26.4,1.4761680402766642,191.0,17
ZERO_THREE_RIGHT,2,1773081722.0,26.4,1.4761680402766642,191.0,17
ZERO_THREE_RIGHT,2,1773082110.0,26.4,1.4761680402766642,181.5,16
ZERO_THREE_RIGHT,2,1773162114.0,26.4,1.4756088857159533,92.5,12
ZERO_THREE_RIGHT,2,1773162721.0,26.4,1.4756088857159533,93.0,11
ZERO_THREE_RIGHT,2,1773162830.0,26.4,1.6947974735146096,95.5,10
ZERO_THREE_RIGHT,2,1773163108.0,26.4,1.4756088857159533,95.5,10
ZERO_THREE_RIGHT,2,1773163217.0,26.4,1.6947974735146096,95.5,10
ZERO_THREE_RIGHT,2,1773163389.0,26.4,1.4756088857159533,95.5,10
ZERO_THREE_RIGHT,2,1773163498.0,26.4,1.6947974735146096,98.0,9
ZERO_THREE_RIGHT,2,1773163777.0,26.4,1.4756088857159533,98.0,9
ZERO_THREE_RIGHT,2,1773163886.0,26.4,1.6947974735146096,98.0,9
ZERO_THREE_RIGHT,2,1773345407.0,26.4,1.311776599427672,72.0,11
ZERO_THREE_RIGHT,2,1773345534.0,26.4,1.311776599427672,72.0,11
ZERO_THREE_RIGHT,2,1773345889.0,26.4,1.311776599427672,72.0,11
ZERO_THREE_RIGHT,2,1773346016.0,26.4,1.311776599427672,75.5,10
ZERO_THREE_RIGHT,2,1773346276.0,26.4,1.311776599427672,75.5,10
ZERO_THREE_RIGHT,2,1773346403.0,26.4,1.311776599427672,75.5,10
ZERO_THREE_RIGHT,2,1773346557.0,26.4,1.311776599427672,75.5,10
ZERO_THREE_RIGHT,2,1773346684.0,26.4,1.311776599427672,79.0,9
ZERO_THREE_RIGHT,2,1773346945.0,26.4,1.311776599427672,79.0,9
ZERO_THREE_RIGHT,2,1773347072.0,26.4,1.311776599427672,79.0,9
ZERO_THREE_RIGHT,2,1773420867.0,26.4,1.85807060524218,99.5,12
ZERO_THREE_RIGHT,2,1773421254.0,26.4,1.85807060524218,101.0,11
ZERO_THREE_RIGHT,2,1773421535.0,26.4,1.85807060524218,101.0,11
ZERO_THREE_RIGHT,2,1773421749.0,26.4,1.6400003265649459,102.5,10
ZERO_THREE_RIGHT,2,1773421923.0,26.4,1.85807060524218,102.5,10
ZERO_THREE_RIGHT,2,1773422136.0,26.4,1.6400003265649459,102.5,10
ZERO_THREE_RIGHT,2,1773422417.0,26.4,1.6400003265649459,104.0,9
ZERO_THREE_RIGHT,2,1773422805.0,26.4,1.6400003265649459,111.0,8
ZERO_THREE_RIGHT,2,1773515194.0,26.4,1.749035465903563,101.0,22
ZERO_THREE_RIGHT,2,1773515276.0,26.4,1.6942383189538988,101.0,22
ZERO_THREE_RIGHT,2,1773515676.0,26.4,1.749035465903563,101.5,20
ZERO_THREE_RIGHT,2,1773515758.0,26.4,1.6942383189538988,101.5,20
ZERO_THREE_RIGHT,2,1773516063.0,26.4,1.749035465903563,101.5,20
ZERO_THREE_RIGHT,2,1773516145.0,26.4,1.6942383189538988,101.5,20
ZERO_THREE_RIGHT,2,1773516344.0,26.4,1.749035465903563,100.0,18
ZERO_THREE_RIGHT,2,1773516426.0,26.4,1.6942383189538988,100.0,18
ZERO_THREE_RIGHT,2,1773516732.0,26.4,1.749035465903563,100.0,18
ZERO_THREE_RIGHT,2,1773516814.0,26.4,1.6942383189538988,103.0,16
ZERO_THREE_RIGHT,2,1773525328.0,26.4,1.8038326128532272,114.5,6
ZERO_THREE_RIGHT,2,1773525810.0,26.4,1.8038326128532272,115.0,7
ZERO_THREE_RIGHT,2,1773526197.0,26.4,1.8038326128532272,115.0,7
ZERO_THREE_RIGHT,2,1773526478.0,26.4,1.8038326128532272,114.5,8
ZERO_THREE_RIGHT,2,1773526866.0,26.4,1.8038326128532272,114.5,8
ZERO_THREE_RIGHT,2,1773593790.0,26.4,1.5852031796152817,100.0,29
ZERO_THREE_RIGHT,2,1773593922.0,26.4,1.5298468781049064,100.5,28
ZERO_THREE_RIGHT,2,1773594177.0,26.4,1.5852031796152817,101.0,27
ZERO_THREE_RIGHT,2,1773594309.0,26.4,1.5298468781049064,101.0,27
ZERO_THREE_RIGHT,2,1773594458.0,26.4,1.5852031796152817,101.0,28
ZERO_THREE_RIGHT,2,1773594590.0,26.4,1.5298468781049064,101.0,27
ZERO_THREE_RIGHT,2,1773594846.0,26.4,1.5852031796152817,103.0,26
ZERO_THREE_RIGHT,2,1773594978.0,26.4,1.5298468781049064,105.0,27
ZERO_THREE_RIGHT,2,1773683952.0,26.4,1.5852031796152817,109.0,32
ZERO_THREE_RIGHT,2,1773684112.0,26.4,1.5852031796152817,109.0,32
ZERO_THREE_RIGHT,2,1773684339.0,26.4,1.5852031796152817,109.0,31
ZERO_THREE_RIGHT,2,1773684499.0,26.4,1.5852031796152817,109.5,30
ZERO_THREE_RIGHT,2,1773684620.0,26.4,1.5852031796152817,109.5,30
ZERO_THREE_RIGHT,2,1773684780.0,26.4,1.5852031796152817,110.0,28
ZERO_THREE_RIGHT,2,1773685008.0,26.4,1.5852031796152817,110.0,27
ZERO_THREE_RIGHT,2,1773685168.0,26.4,1.5852031796152817,110.0,27
ZERO_THREE_RIGHT,2,1773711541.0,26.4,1.6942383189538988,107.0,6
ZERO_THREE_RIGHT,2,1773711666.0,26.4,1.4761680402766642,107.0,6
ZERO_THREE_RIGHT,2,1773712023.0,26.4,1.6942383189538988,106.0,7
ZERO_THREE_RIGHT,2,1773712148.0,26.4,1.4761680402766642,106.0,7
ZERO_THREE_RIGHT,2,1773712410.0,26.4,1.6942383189538988,106.0,7
ZERO_THREE_RIGHT,2,1773712535.0,26.4,1.4761680402766642,106.0,7
ZERO_THREE_RIGHT,2,1773712691.0,26.4,1.6942383189538988,105.5,8
ZERO_THREE_RIGHT,2,1773712816.0,26.4,1.4761680402766642,105.5,8
ZERO_THREE_RIGHT,2,1773713079.0,26.4,1.6942383189538988,105.5,8
ZERO_THREE_RIGHT,2,1773713204.0,26.4,1.4761680402766642,105.0,9
ZERO_THREE_RIGHT,2,1773777661.0,26.4,1.5304060326656175,102.0,32
ZERO_THREE_RIGHT,2,1773778143.0,26.4,1.5304060326656175,101.5,30
ZERO_THREE_RIGHT,2,1773778233.0,26.4,1.6942383189538988,101.5,30
ZERO_THREE_RIGHT,2,1773778530.0,26.4,1.5304060326656175,101.0,28
ZERO_THREE_RIGHT,2,1773778620.0,26.4,1.6942383189538988,101.0,27
ZERO_THREE_RIGHT,2,1773778811.0,26.4,1.5304060326656175,101.0,27
ZERO_THREE_RIGHT,2,1773778901.0,26.4,1.6942383189538988,101.0,27
ZERO_THREE_RIGHT,2,1773779199.0,26.4,1.5304060326656175,101.0,25
ZERO_THREE_RIGHT,2,1773779289.0,26.4,1.6942383189538988,100.5,24
ZERO_THREE_RIGHT,2,1773789999.0,26.4,1.6942383189538988,111.0,6
ZERO_THREE_RIGHT,2,1773790090.0,26.4,1.6400003265649459,111.0,6
ZERO_THREE_RIGHT,2,1773790481.0,26.4,1.6942383189538988,108.0,7
ZERO_THREE_RIGHT,2,1773790572.0,26.4,1.6400003265649459,108.0,7
ZERO_THREE_RIGHT,2,1773790868.0,26.4,1.6942383189538988,108.0,7
ZERO_THREE_RIGHT,2,1773790959.0,26.4,1.6400003265649459,109.0,8
ZERO_THREE_RIGHT,2,1773791149.0,26.4,1.6942383189538988,109.0,8
ZERO_THREE_RIGHT,2,1773791240.0,26.4,1.6400003265649459,109.0,8
ZERO_THREE_RIGHT,2,1773791537.0,26.4,1.6942383189538988,109.0,8
ZERO_THREE_RIGHT,2,1773791628.0,26.4,1.6400003265649459,110.0,9
ZERO_THREE_RIGHT,2,1773849243.0,26.4,1.5852031796152817,105.0,24
ZERO_THREE_RIGHT,2,1773849372.0,26.4,1.6394411720042346,105.0,24
ZERO_THREE_RIGHT,2,1773849725.0,26.4,1.5852031796152817,105.0,23
ZERO_THREE_RIGHT,2,1773850112.0,26.4,1.5852031796152817,105.0,22
ZERO_THREE_RIGHT,2,1773850241.0,26.4,1.6394411720042346,105.0,21
ZERO_THREE_RIGHT,2,1773850393.0,26.4,1.5852031796152817,107.0,20
ZERO_THREE_RIGHT,2,1773850522.0,26.4,1.6394411720042346,107.0,20
ZERO_THREE_RIGHT,2,1773850781.0,26.4,1.5852031796152817,109.0,19
ZERO_THREE_RIGHT,2,1773850910.0,26.4,1.6394411720042346,109.0,19
ZERO_THREE_RIGHT,2,1773866275.0,26.4,1.3665737463773362,102.0,6
ZERO_THREE_RIGHT,2,1773866374.0,26.4,1.311776599427672,102.0,6
ZERO_THREE_RIGHT,2,1773867144.0,26.4,1.3665737463773362,101.0,8
ZERO_THREE_RIGHT,2,1773867243.0,26.4,1.311776599427672,101.0,8
ZERO_THREE_RIGHT,2,1773867425.0,26.4,1.3665737463773362,101.0,8
ZERO_THREE_RIGHT,2,1773867524.0,26.4,1.311776599427672,101.0,8
ZERO_THREE_RIGHT,2,1773867813.0,26.4,1.3665737463773362,101.0,9
ZERO_THREE_RIGHT,2,1773867912.0,26.4,1.311776599427672,101.0,9
ZERO_THREE_RIGHT,2,1773947064.0,26.4,0.30701251595389867,72.0,10
ZERO_THREE_RIGHT,2,1773948250.0,26.4,0.2218902906343363,73.0,8
ZERO_THREE_RIGHT,2,1773949695.0,26.4,0.27109639693688753,75.0,6
ZERO_THREE_RIGHT,2,1773951073.0,26.4,0.3011636390827522,76.5,4
ZERO_THREE_RIGHT,2,1774032851.0,26.4,1.5304060326656175,96.0,26
ZERO_THREE_RIGHT,2,1774033132.0,26.4,1.5304060326656175,96.0,26
ZERO_THREE_RIGHT,2,1774033520.0,26.4,1.5304060326656175,98.0,24
ZERO_THREE_RIGHT,2,1774033568.0,26.4,1.6942383189538988,98.0,24
ZERO_THREE_RIGHT,2,1774033849.0,26.4,1.6942383189538988,98.0,24
ZERO_THREE_RIGHT,2,1774034237.0,26.4,1.6942383189538988,100.0,22
ZERO_THREE_RIGHT,2,1774118563.0,26.4,1.4761680402766642,106.5,20
ZERO_THREE_RIGHT,2,1774118670.0,26.4,1.5304060326656175,106.5,20
ZERO_THREE_RIGHT,2,1774118844.0,26.4,1.4761680402766642,106.5,20
ZERO_THREE_RIGHT,2,1774118951.0,26.4,1.5304060326656175,105.0,18
ZERO_THREE_RIGHT,2,1774119232.0,26.4,1.4761680402766642,105.0,18
ZERO_THREE_RIGHT,2,1774119339.0,26.4,1.5304060326656175,105.0,18
ZERO_THREE_RIGHT,2,1774204283.0,26.4,1.5852031796152817,91.0,22
ZERO_THREE_RIGHT,2,1774204859.0,26.4,1.6400003265649457,90.0,21
ZERO_THREE_RIGHT,2,1774204964.0,26.4,1.5852031796152817,91.0,20
ZERO_THREE_RIGHT,2,1774205245.0,26.4,1.5852031796152817,91.0,20
ZERO_THREE_RIGHT,2,1774205247.0,26.4,1.6400003265649457,91.0,20
ZERO_THREE_RIGHT,2,1774205633.0,26.4,1.5852031796152817,92.0,18
ZERO_THREE_RIGHT,2,1774289168.0,26.4,1.6942383189538988,100.0,19
ZERO_THREE_RIGHT,2,1774289440.0,26.4,1.311776599427672,100.0,18
ZERO_THREE_RIGHT,2,1774289449.0,26.4,1.6942383189538988,100.0,18
ZERO_THREE_RIGHT,2,1774289721.0,26.4,1.311776599427672,100.0,18
ZERO_THREE_RIGHT,2,1774289837.0,26.4,1.6942383189538988,100.0,18
ZERO_THREE_RIGHT,2,1774290109.0,26.4,1.311776599427672,100.0,17
ZERO_THREE_RIGHT,2,1774373929.0,26.4,1.3665737463773362,86.0,11
ZERO_THREE_RIGHT,2,1774374026.0,26.4,1.3665737463773362,86.0,11
ZERO_THREE_RIGHT,2,1774374610.0,26.4,1.3665737463773362,86.0,10
ZERO_THREE_RIGHT,2,1774374707.0,26.4,1.3665737463773362,86.0,10
ZERO_THREE_RIGHT,2,1774374891.0,26.4,1.3665737463773362,86.0,10
ZERO_THREE_RIGHT,2,1774374988.0,26.4,1.3665737463773362,86.0,10
ZERO_THREE_RIGHT,2,1774375279.0,26.4,1.3665737463773362,86.0,9
ZERO_THREE_RIGHT,2,1774375376.0,26.4,1.3665737463773362,86.0,9
ZERO_THREE_RIGHT,2,1774460985.0,26.4,1.311776599427672,109.0,34
ZERO_THREE_RIGHT,2,1774461666.0,26.4,1.311776599427672,109.0,33
ZERO_THREE_RIGHT,2,1774461947.0,26.4,1.311776599427672,112.0,32
ZERO_THREE_RIGHT,2,1774462335.0,26.4,1.311776599427672,115.0,31
ZERO_THREE_RIGHT,2,1774468395.0,26.4,1.5852031796152817,123.0,21
ZERO_THREE_RIGHT,2,1774469076.0,26.4,1.5852031796152817,124.0,20
ZERO_THREE_RIGHT,2,1774469357.0,26.4,1.5852031796152817,124.0,20
ZERO_THREE_RIGHT,2,1774469745.0,26.4,1.5852031796152817,123.0,18
ZERO_THREE_RIGHT,2,1774480556.0,26.4,1.6394411720042346,119.0,6
ZERO_THREE_RIGHT,2,1774481237.0,26.4,1.6394411720042346,117.5,8
ZERO_THREE_RIGHT,2,1774481518.0,26.4,1.6394411720042346,117.5,8
ZERO_THREE_RIGHT,2,1774481906.0,26.4,1.6394411720042346,117.0,9
ZERO_THREE_RIGHT,2,1774490355.0,26.4,1.5304060326656175,115.0,23
ZERO_THREE_RIGHT,2,1774490725.0,26.4,1.85807060524218,115.0,23
ZERO_THREE_RIGHT,2,1774491036.0,26.4,1.5304060326656175,115.0,24
ZERO_THREE_RIGHT,2,1774491317.0,26.4,1.5304060326656175,115.0,24
ZERO_THREE_RIGHT,2,1774491406.0,26.4,1.85807060524218,115.0,24
ZERO_THREE_RIGHT,2,1774491687.0,26.4,1.85807060524218,113.0,24
ZERO_THREE_RIGHT,2,1774491705.0,26.4,1.5304060326656175,113.0,24
ZERO_THREE_RIGHT,2,1774492075.0,26.4,1.85807060524218,109.5,24
ZERO_THREE_RIGHT,2,1774547908.0,26.4,1.311776599427672,103.0,23
ZERO_THREE_RIGHT,2,1774548099.0,26.4,1.311776599427672,103.0,22
ZERO_THREE_RIGHT,2,1774548589.0,26.4,1.311776599427672,103.0,21
ZERO_THREE_RIGHT,2,1774548870.0,26.4,1.311776599427672,103.0,20
ZERO_THREE_RIGHT,2,1774549258.0,26.4,1.311776599427672,103.0,18
ZERO_THREE_RIGHT,2,1774580651.0,26.4,1.5309651872263284,132.0,6
ZERO_THREE_RIGHT,2,1774581141.0,26.4,1.5309651872263284,135.0,7
ZERO_THREE_RIGHT,2,1774581422.0,26.4,1.5309651872263284,135.0,7
ZERO_THREE_RIGHT,2,1774581810.0,26.4,1.5309651872263284,134.0,8
ZERO_THREE_RIGHT,2,1774582473.0,26.4,1.5309651872263284,133.0,9
ZERO_THREE_RIGHT,2,1774646216.0,26.4,1.5298468781049064,83.0,34
ZERO_THREE_RIGHT,2,1774646667.0,26.4,1.311776599427672,83.0,33
ZERO_THREE_RIGHT,2,1774646706.0,26.4,1.5298468781049064,83.0,33
ZERO_THREE_RIGHT,2,1774646948.0,26.4,1.311776599427672,83.0,30
ZERO_THREE_RIGHT,2,1774646987.0,26.4,1.5298468781049064,83.0,30
ZERO_THREE_RIGHT,2,1774647336.0,26.4,1.311776599427672,83.0,30
ZERO_THREE_RIGHT,2,1774647375.0,26.4,1.5298468781049064,83.0,28
ZERO_THREE_RIGHT,2,1774647999.0,26.4,1.311776599427672,83.0,25
ZERO_THREE_RIGHT,2,1774648038.0,26.4,1.5298468781049064,83.0,25
ZERO_THREE_RIGHT,2,1774667823.0,26.4,1.4761680402766642,99.5,6
ZERO_THREE_RIGHT,2,1774668313.0,26.4,1.4761680402766642,98.0,7
ZERO_THREE_RIGHT,2,1774668594.0,26.4,1.4761680402766642,99.5,8
ZERO_THREE_RIGHT,2,1774668982.0,26.4,1.4761680402766642,99.5,8
ZERO_THREE_RIGHT,2,1774669645.0,26.4,1.4761680402766642,98.0,9
ZERO_THREE_RIGHT,2,1774718025.0,26.4,1.5304060326656175,109.0,24
ZERO_THREE_RIGHT,2,1774718323.0,26.4,1.5852031796152817,109.0,23
ZERO_THREE_RIGHT,2,1774718515.0,26.4,1.5304060326656175,109.0,22
ZERO_THREE_RIGHT,2,1774718796.0,26.4,1.5304060326656175,109.0,22
ZERO_THREE_RIGHT,2,1774718813.0,26.4,1.5852031796152817,109.0,22
ZERO_THREE_RIGHT,2,1774719094.0,26.4,1.5852031796152817,109.0,20
ZERO_THREE_RIGHT,2,1774719184.0,26.4,1.5304060326656175,109.0,20
ZERO_THREE_RIGHT,2,1774719482.0,26.4,1.5852031796152817,109.0,20
ZERO_THREE_RIGHT,2,1774719847.0,26.4,1.5304060326656175,109.0,18
ZERO_THREE_RIGHT,2,1774720145.0,26.4,1.5852031796152817,109.0,17
ZERO_THREE_RIGHT,2,1774738464.0,26.4,1.311776599427672,114.5,6
ZERO_THREE_RIGHT,2,1774738506.0,26.4,1.6942383189538988,114.5,6
ZERO_THREE_RIGHT,2,1774738954.0,26.4,1.311776599427672,112.0,7
ZERO_THREE_RIGHT,2,1774738996.0,26.4,1.6942383189538988,112.0,7
ZERO_THREE_RIGHT,2,1774739235.0,26.4,1.311776599427672,112.0,7
ZERO_THREE_RIGHT,2,1774739277.0,26.4,1.6942383189538988,112.0,7
ZERO_THREE_RIGHT,2,1774739623.0,26.4,1.311776599427672,112.0,8
ZERO_THREE_RIGHT,2,1774739665.0,26.4,1.6942383189538988,112.0,8
ZERO_THREE_RIGHT,2,1774740286.0,26.4,1.311776599427672,112.0,9
ZERO_THREE_RIGHT,2,1774740328.0,26.4,1.6942383189538988,112.0,9
ZERO_THREE_RIGHT,2,1774811494.0,26.4,1.6942383189538988,116.0,28
ZERO_THREE_RIGHT,2,1774811571.0,26.4,1.3665737463773362,116.0,28
ZERO_THREE_RIGHT,2,1774811984.0,26.4,1.6942383189538988,113.5,26
ZERO_THREE_RIGHT,2,1774812061.0,26.4,1.3665737463773362,113.5,26
ZERO_THREE_RIGHT,2,1774812265.0,26.4,1.6942383189538988,113.5,26
ZERO_THREE_RIGHT,2,1774812342.0,26.4,1.3665737463773362,113.5,26
ZERO_THREE_RIGHT,2,1774812653.0,26.4,1.6942383189538988,111.0,24
ZERO_THREE_RIGHT,2,1774812730.0,26.4,1.3665737463773362,111.0,24
ZERO_THREE_RIGHT,2,1774813316.0,26.4,1.6942383189538988,113.5,22
ZERO_THREE_RIGHT,2,1774813393.0,26.4,1.3665737463773362,113.5,22
ZERO_THREE_RIGHT,2,1774826513.0,26.4,1.5852031796152817,116.0,7
ZERO_THREE_RIGHT,2,1774826570.0,26.4,1.6947974735146096,116.0,7
ZERO_THREE_RIGHT,2,1774826794.0,26.4,1.5852031796152817,116.0,7
ZERO_THREE_RIGHT,2,1774826851.0,26.4,1.6947974735146096,116.0,7
ZERO_THREE_RIGHT,2,1774827182.0,26.4,1.5852031796152817,116.5,8
ZERO_THREE_RIGHT,2,1774827239.0,26.4,1.6947974735146096,116.5,8
ZERO_THREE_RIGHT,2,1774827845.0,26.4,1.5852031796152817,117.0,9
ZERO_THREE_RIGHT,2,1774827902.0,26.4,1.6947974735146096,117.0,9
ZERO_THREE_RIGHT,2,1774888394.0,26.4,1.4761680402766642,107.0,24
ZERO_THREE_RIGHT,2,1774888884.0,26.4,1.4761680402766642,107.0,22
ZERO_THREE_RIGHT,2,1774889165.0,26.4,1.4761680402766642,107.0,22
ZERO_THREE_RIGHT,2,1774889553.0,26.4,1.4761680402766642,106.5,20
ZERO_THREE_RIGHT,2,1774890216.0,26.4,1.4761680402766642,108.0,18
ZERO_THREE_RIGHT,2,1774921316.0,26.4,1.5852031796152815,96.5,6
ZERO_THREE_RIGHT,2,1774921703.0,26.4,1.5852031796152815,97.0,7
ZERO_THREE_RIGHT,2,1774921984.0,26.4,1.5852031796152815,97.0,7
ZERO_THREE_RIGHT,2,1774922372.0,26.4,1.5852031796152815,99.0,8
ZERO_THREE_RIGHT,2,1774923035.0,26.4,1.5852031796152815,101.0,9
ZERO_THREE_RIGHT,2,1774990496.0,8.8,2.073615425300471,144.0,23781
ZERO_THREE_RIGHT,2,1774990665.0,8.8,2.3094551402229637,144.0,23781
ZERO_THREE_RIGHT,2,1774991298.75,8.8,2.733334855206502,144.0,23779
ZERO_THREE_RIGHT,2,1774991331.75,8.8,4.866054087983073,144.0,23779
ZERO_THREE_RIGHT,2,1774991348.75,8.8,3.3909710068466543,144.0,23779
ZERO_THREE_RIGHT,2,1774991410.75,8.8,4.373622455295146,144.0,23779
ZERO_THREE_RIGHT,2,1774992504.7,8.8,1.7551914572616103,144.0,23775
ZERO_THREE_RIGHT,2,1774993254.05,8.8,2.605095671720632,144.0,23773
ZERO_THREE_RIGHT,2,1774994043.0,8.8,2.049751605046236,144.0,23769
ZERO_THREE_RIGHT,2,1774994117.85,8.8,2.2202774472639657,144.0,23769
ZERO_THREE_RIGHT,2,1776367265.0,8.8,0.9280607291616566,84.0,21460
ZERO_THREE_RIGHT,2,1776367492.0,8.8,0.9971200715848164,84.0,21460
ZERO_THREE_RIGHT,2,1776368247.95,8.8,1.5290345177004205,84.0,21459
ZERO_THREE_RIGHT,2,1776368474.75,8.8,0.9570682643837286,84.0,21458
ZERO_THREE_RIGHT,2,1776368783.55,8.8,1.1619213706033813,84.0,21458
ZERO_THREE_RIGHT,2,1776368808.75,8.8,1.1931833706233526,84.0,21458
ZERO_THREE_RIGHT,2,1776368815.55,8.8,1.2831798184444547,84.0,21458
ZERO_THREE_RIGHT,2,1776369162.75,8.8,1.202408786255064,84.0,21457
ZERO_THREE_RIGHT,2,1776369568.8500001,8.8,1.2503674262362825,84.0,21457
ZERO_THREE_RIGHT,2,1776369817.65,8.8,1.5741958836437389,84.0,21456
ZERO_THREE_RIGHT,2,1776370056.45,8.8,0.6696800006892556,84.0,21456
ZERO_THREE_RIGHT,2,1776370067.05,8.8,1.3394087021618373,84.0,21456
ZERO_THREE_RIGHT,2,1776370314.7,8.8,1.4331978424782108,84.0,21455
ZERO_THREE_RIGHT,2,1776370796.8,8.8,1.0661005679197877,84.0,21455
ZERO_THREE_RIGHT,2,1776370949.0,8.8,1.2929195446225046,84.0,21454
ZERO_THREE_RIGHT,2,1776370956.2,8.8,1.0799470362193446,84.0,21454
ZERO_THREE_RIGHT,2,1776371209.0,8.8,0.9820832318409315,84.0,21454
ZERO_THREE_RIGHT,2,1776372106.0,8.8,1.2714863273761252,84.0,21452
ZERO_THREE_RIGHT,2,1777412486.0,8.8,2.166213688700655,102.0,14178
ZERO_THREE_RIGHT,2,1777413528.0,8.8,4.637915481698114,102.0,14178
ZERO_THREE_RIGHT,2,1777414012.65,8.8,4.190153495925804,102.0,14178
ZERO_THREE_RIGHT,2,1777414548.25,8.8,3.1925040969025105,102.0,14178
ZERO_THREE_RIGHT,2,1777414701.45,8.8,2.5679512838608076,102.0,14178
ZERO_THREE_RIGHT,2,1777416491.85,8.8,6.498964430484788,102.0,14178
ZERO_THREE_RIGHT,2,1777416680.05,8.8,3.713849194964446,102.0,14178
ZERO_THREE_RIGHT,2,1777417595.0,8.8,2.1800766230158763,102.0,14178
ZERO_THREE_RIGHT,2,1777483430.0,26.4,1.4756088857159533,97.5,10
ZERO_THREE_RIGHT,2,1777483430.0,26.4,1.4756088857159533,97.5,10
ZERO_THREE_RIGHT,2,1777483715.0,26.4,1.749035465903563,97.5,10
ZERO_THREE_RIGHT,2,1777483715.0,26.4,1.749035465903563,97.5,10
ZERO_THREE_RIGHT,2,1777566105.0,26.4,1.5852031796152817,109.0,30
ZERO_THREE_RIGHT,2,1777566206.0,26.4,1.5852031796152817,109.0,30
ZERO_THREE_RIGHT,2,1777567156.0,26.4,1.5852031796152817,111.0,28
ZERO_THREE_RIGHT,2,1777567257.0,26.4,1.5852031796152817,111.0,28
ZERO_THREE_RIGHT,2,1777567257.0,26.4,1.5852031796152817,111.0,28
ZERO_THREE_RIGHT,2,1777737757.0,26.4,1.311776599427672,90.0,11
ZERO_THREE_RIGHT,2,1777738808.0,26.4,1.311776599427672,125.0,9
ZERO_THREE_RIGHT,2,1777738808.0,26.4,1.311776599427672,125.0,9
ZERO_THREE_RIGHT,2,1778017257.0,26.4,1.421370893327,100.0,12
ZERO_THREE_RIGHT,2,1778018187.0,26.4,1.421370893327,100.0,10
ZERO_THREE_RIGHT,2,1778018187.0,26.4,1.421370893327,100.0,10
ZERO_THREE_RIGHT,2,1778270045.0,26.4,2.0224620460911726,98.0,11
ZERO_THREE_RIGHT,2,1778270172.0,26.4,1.366573746377336,98.0,11
ZERO_THREE_RIGHT,2,1778270878.0,26.4,2.0224620460911726,102.0,10
ZERO_THREE_RIGHT,2,1778270878.0,26.4,2.0224620460911726,102.0,10
ZERO_THREE_RIGHT,2,1778271005.0,26.4,1.366573746377336,102.0,10
ZERO_THREE_RIGHT,2,1778271005.0,26.4,1.366573746377336,102.0,10
ZERO_THREE_RIGHT,2,1778362583.0,26.4,1.4756088857159533,95.0,13
ZERO_THREE_RIGHT,2,1778362583.0,26.4,1.4756088857159533,95.0,13
ZERO_THREE_RIGHT,2,1778362695.0,26.4,1.3665737463773362,95.0,13
ZERO_THREE_RIGHT,2,1778362695.0,26.4,1.3665737463773362,95.0,13
ZERO_THREE_RIGHT,2,1778461004.0,26.4,1.5846440250545706,92.0,28
ZERO_THREE_RIGHT,2,1778461114.0,26.4,1.5852031796152817,92.0,28
ZERO_THREE_RIGHT,2,1778461763.0,26.4,1.5846440250545706,92.0,27
ZERO_THREE_RIGHT,2,1778461763.0,26.4,1.5846440250545706,92.0,27
ZERO_THREE_RIGHT,2,1778461873.0,26.4,1.5852031796152817,92.0,27
ZERO_THREE_RIGHT,2,1778461873.0,26.4,1.5852031796152817,92.0,27
ZERO_THREE_RIGHT,2,1778537896.0,26.4,1.4213708933270002,82.0,30
ZERO_THREE_RIGHT,2,1778537974.0,26.4,1.421370893327,82.0,30
ZERO_THREE_RIGHT,2,1778538655.0,26.4,1.4213708933270002,82.0,28
ZERO_THREE_RIGHT,2,1778538655.0,26.4,1.4213708933270002,82.0,28
ZERO_THREE_RIGHT,2,1778538733.0,26.4,1.421370893327,82.0,27
ZERO_THREE_RIGHT,2,1778538733.0,26.4,1.421370893327,82.0,27
ZERO_THREE_RIGHT,2,1778619524.0,26.4,1.4756088857159533,90.0,28
ZERO_THREE_RIGHT,2,1778619593.0,26.4,1.420811738766289,90.0,28
ZERO_THREE_RIGHT,2,1778619689.0,26.4,1.420811738766289,90.0,28
ZERO_THREE_RIGHT,2,1778620283.0,26.4,1.4756088857159533,90.0,27
ZERO_THREE_RIGHT,2,1778620283.0,26.4,1.4756088857159533,90.0,27
ZERO_THREE_RIGHT,2,1778620352.0,26.4,1.420811738766289,91.0,26
ZERO_THREE_RIGHT,2,1778620352.0,26.4,1.420811738766289,91.0,26
ZERO_THREE_RIGHT,2,1778702753.0,26.4,1.5298468781049064,106.0,20
ZERO_THREE_RIGHT,2,1778703416.0,26.4,1.5298468781049064,107.0,19
ZERO_THREE_RIGHT,2,1778703416.0,26.4,1.5298468781049064,107.0,19
ZERO_THREE_RIGHT,2,1778788449.0,8.8,2.1341564315603367,193.0,69777
ZERO_THREE_RIGHT,2,1778788687.0,8.8,2.4654443379509803,193.0,69776
ZERO_THREE_RIGHT,2,1778789603.95,8.8,3.470947131313141,193.0,69775
ZERO_THREE_RIGHT,2,1778789729.0,8.8,3.566396145763119,193.0,69775
ZERO_THREE_RIGHT,2,1778789742.05,8.8,3.37811709526988,193.0,69775
ZERO_THREE_RIGHT,2,1778790066.25,8.8,2.1524398212131644,193.0,69774
ZERO_THREE_RIGHT,2,1778790359.6000001,8.8,3.180256368050191,193.0,69774
ZERO_THREE_RIGHT,2,1778790425.8500001,8.8,4.453958503074276,193.0,69774
ZERO_THREE_RIGHT,2,1778790545.0,8.8,2.708041514947674,193.0,69773
ZERO_THREE_RIGHT,2,1778790676.05,8.8,2.2526012051273083,193.0,69773
ZERO_THREE_RIGHT,2,1778791245.95,8.8,3.2165360709261055,193.0,69772
ZERO_THREE_RIGHT,2,1778791377.55,8.8,3.274078395681576,193.0,69772
ZERO_THREE_RIGHT,2,1778791508.3500001,8.8,2.9023954970220256,193.0,69772
ZERO_THREE_RIGHT,2,1778792048.2,8.8,3.379279814106903,193.0,69771
ZERO_THREE_RIGHT,2,1778792177.8500001,8.8,3.8264102811041805,193.0,69771
ZERO_THREE_RIGHT,2,1778792305.3,8.8,3.540480404005045,193.0,69770
ZERO_THREE_RIGHT,2,1778792831.0,8.8,2.9211364046202632,193.0,69770
ZERO_THREE_RIGHT,2,1778792963.8500001,8.8,2.976227971373051,193.0,69769
ZERO_THREE_RIGHT,2,1778793130.0,8.8,2.147146481094569,193.0,69769
ZERO_THREE_RIGHT,2,1778794259.6000001,8.8,9.504148641571364,193.0,69767
ZERO_THREE_RIGHT,2,1778794270.4,8.8,2.9545363057153597,193.0,69767
ZERO_THREE_RIGHT,2,1780091487.0,26.4,1.6942383189538988,129.0,11
ZERO_THREE_RIGHT,2,1780091542.0,26.4,1.749035465903563,129.0,11
ZERO_THREE_RIGHT,2,1780174779.0,26.4,1.749035465903563,139.0,11
ZERO_THREE_RIGHT,2,1780174815.0,26.4,2.1314971854297897,139.0,11
ZERO_THREE_RIGHT,2,1780174815.0,26.4,2.1314971854297897,139.0,11
ZERO_THREE_RIGHT,2,1780246947.0,26.4,1.6394411720042346,131.0,11
ZERO_THREE_RIGHT,2,1780414613.0,26.4,1.5852031796152817,130.5,12
ZERO_THREE_RIGHT,2,1780414661.0,26.4,1.749035465903563,130.0,11
ZERO_THREE_RIGHT,2,1780502303.0,26.4,1.5852031796152817,139.0,15
ZERO_THREE_RIGHT,2,1780597824.0,26.4,1.858629759802891,142.0,16
ZERO_THREE_RIGHT,2,1780597869.0,26.4,1.85807060524218,142.0,16
ZERO_THREE_RIGHT,2,1780613810.0,26.4,1.5304060326656175,142.5,6
ZERO_THREE_RIGHT,2,1780613960.0,26.4,1.9134269067525551,142.5,6
ZERO_THREE_RIGHT,2,1780769902.0,26.4,1.6947974735146099,142.0,26
ZERO_THREE_RIGHT,2,1780769952.0,26.4,1.749035465903563,142.0,26
ZERO_THREE_RIGHT,2,1780977565.0,26.4,2.022462046091172,145.0,6
ZERO_THREE_RIGHT,2,1781029801.0,26.4,1.6947974735146096,165.0,29
ZERO_THREE_RIGHT,2,1781043941.0,26.4,1.85807060524218,173.5,6
ZERO_THREE_RIGHT,2,1781121397.0,8.8,1.6931956813658244,133.0,4606
ZERO_THREE_RIGHT,2,1781121674.95,8.8,2.1175360594418993,133.0,4674
ZERO_THREE_RIGHT,2,1781121805.0,8.8,1.5145487846534609,133.0,4673
ZERO_THREE_RIGHT,2,1781122052.0,8.8,2.234919593304723,133.0,4673
ZERO_THREE_RIGHT,2,1781123133.0,8.8,2.0298519089448726,133.0,4671
ZERO_THREE_RIGHT,2,1781123696.0,8.8,1.965378863534323,133.0,4670
ZERO_THREE_RIGHT,2,1781128693.0,8.8,1.7945866333137361,133.0,4663
ZERO_THREE_RIGHT,2,1781224496.0,26.4,2.1862943323794535,172.0,12
ZERO_THREE_RIGHT,2,1781403175.0,26.4,1.9671057445807973,155.0,11
ZERO_THREE_RIGHT,2,1781467374.0,26.4,2.022462046091172,162.0,30
ZERO_THREE_RIGHT,2,1781467374.0,26.4,2.022462046091172,162.0,30
ZERO_THREE_RIGHT,2,1781548107.0,26.4,2.3501266186677348,189.0,11
ZERO_THREE_RIGHT,2,1781649628.0,26.4,1.9671057445807973,169.0,12
ZERO_THREE_RIGHT,2,1781649803.0,26.4,1.9128677521918442,169.0,12
ZERO_THREE_RIGHT,2,1781710438.0,26.4,1.749035465903563,145.0,12
ZERO_THREE_RIGHT,2,1781802994.0,26.4,2.0767000384801255,156.0,11
ZERO_THREE_RIGHT,2,1781803098.0,26.4,2.0219028915304613,156.0,11
ZERO_THREE_RIGHT,2,1781979927.0,26.4,1.8032734582925158,223.0,11
ZERO_THREE_RIGHT,2,1782095277.0,26.4,2.6229940442946336,221.0,11
ZERO_THREE_RIGHT,2,1782095325.0,26.4,2.2947703171573597,221.0,11
ONE_THREE_LEFT,1,1753905287.0,7.8,1.2928009352463878,100.0,28
ONE_THREE_LEFT,1,1753906457.0,7.8,1.286952864032406,100.0,28
ONE_THREE_LEFT,1,1753906539.0,7.8,1.159580080433849,100.0,28
ONE_THREE_LEFT,1,1753907711.5,7.8,1.5030020710779683,100.0,28
ONE_THREE_LEFT,1,1753909027.0,7.8,1.406376363225476,100.0,28
ONE_THREE_LEFT,1,1753909109.0,7.8,1.0857878853282539,100.0,28
ONE_THREE_LEFT,1,1755803497.0,7.8,1.546845015300839,222200.0,2
ONE_THREE_LEFT,1,1755804033.0,7.8,1.4646563385585916,214.5,1002
ONE_THREE_LEFT,1,1755804115.0,7.8,1.585185907330224,224.0,1166
ONE_THREE_LEFT,1,1755804652.0,7.8,1.3797216787194964,224.0,2240
ONE_THREE_LEFT,1,1755804734.0,7.8,2.374445446824858,222.29999999999916,2404
ONE_THREE_LEFT,1,1755807096.25,7.8,1.0926672083779767,219.0,2710
ONE_THREE_LEFT,1,1755807145.5,7.8,1.2127219257208213,219.0,2710
ONE_THREE_LEFT,1,1755807556.75,7.8,1.2278722214879503,219.0,2710
ONE_THREE_LEFT,1,1755809368.0,7.8,0.8241271674139342,219.0,2710
ONE_THREE_LEFT,1,1755809455.0,7.8,1.51519231058196,219.0,2710
ONE_THREE_LEFT,1,1757018498.0,7.8,1.6142583947351867,290.0,1305
ONE_THREE_LEFT,1,1757018580.0,7.8,1.3810618900894809,290.0,1305
ONE_THREE_LEFT,1,1757019824.0,7.8,1.346229690394245,290.0,1305
ONE_THREE_LEFT,1,1757019940.0,7.8,1.1044548351903292,290.0,1305
ONE_THREE_LEFT,1,1757020081.0,7.8,1.2969396536266071,290.0,1305
ONE_THREE_LEFT,1,1757020163.0,7.8,1.9995785850145633,290.0,1305
ONE_THREE_LEFT,1,1757020236.0,7.8,1.2123031964509368,290.0,1305
ONE_THREE_LEFT,1,1757020251.0,7.8,1.4440217102352362,290.0,1305
ONE_THREE_LEFT,1,1757020276.0,7.8,1.6245892069050611,290.0,1305
ONE_THREE_LEFT,1,1757020453.0,7.8,1.3971000643376348,290.0,1305
ONE_THREE_LEFT,1,1760470029.0,7.8,1.8776735969476235,576.0,3005
ONE_THREE_LEFT,1,1760470111.0,7.8,2.0394451162647504,580.0,3169
ONE_THREE_LEFT,1,1760470439.0,7.8,1.9714328113508515,587.0,3805
ONE_THREE_LEFT,1,1760470521.0,7.8,7.653980235824187,587.0,3839
ONE_THREE_LEFT,1,1760470852.0,7.8,1.5610598558739985,587.0,3839
ONE_THREE_LEFT,1,1760470865.0,7.8,3.2046251344869097,587.0,3839
ONE_THREE_LEFT,1,1760471201.0,7.8,2.058693694617597,587.0,3839
ONE_THREE_LEFT,1,1760471256.0,7.8,2.632212778996067,587.0,3839
ONE_THREE_LEFT,1,1760471264.0,7.8,1.6006219812180718,587.0,3839
ONE_THREE_LEFT,1,1760471728.0,7.8,123.41953355105261,587.0,3839
ONE_THREE_LEFT,1,1760471729.0,7.8,1.784504144760395,587.0,3839
ONE_THREE_LEFT,1,1760471944.0,7.8,1.604315480853131,587.0,3839
ONE_THREE_LEFT,1,1760472312.0,7.8,1.6397087242942723,587.0,3839
ONE_THREE_LEFT,1,1760472378.0,7.8,5.330333804119613,587.0,3839
ONE_THREE_LEFT,1,1760472379.0,7.8,3.4376883262018856,587.0,3839
ONE_THREE_LEFT,1,1760472388.0,7.8,2.397660934189095,587.0,3839
ONE_THREE_LEFT,1,1760473380.0,7.8,2.7906882520914333,587.0,3839
ONE_THREE_LEFT,1,1760473462.0,7.8,5.636289219739149,587.0,3839
ONE_THREE_LEFT,1,1760473551.0,7.8,2.670984231600669,587.0,3839
ONE_THREE_LEFT,1,1760473591.0,7.8,2.237556678981332,587.0,3839
ONE_THREE_LEFT,1,1761088510.0,7.8,1.5272843265930385,462.0,1188
ONE_THREE_LEFT,1,1761088937.0,7.8,1.4033324781277339,462.0,1188
ONE_THREE_LEFT,1,1761089049.0,7.8,1.6079694296638516,462.0,1188
ONE_THREE_LEFT,1,1761089862.0,7.8,1.641306679440264,462.0,1188
ONE_THREE_LEFT,1,1761089974.0,7.8,1.3922600586954665,462.0,1188
ONE_THREE_LEFT,1,1763580037.0,7.8,4.191872858464171,319.0,1064
ONE_THREE_LEFT,1,1763580145.0,7.8,1.756231522052021,319.0,1064
ONE_THREE_LEFT,1,1763580227.0,7.8,2.5315757783592483,319.0,1064
ONE_THREE_LEFT,1,1763580355.0,7.8,2.0812568357250747,319.0,1064
ONE_THREE_LEFT,1,1763580437.0,7.8,2.4404874910364596,319.0,1064
ONE_THREE_LEFT,1,1763580608.0,7.8,2.2597731599974247,332.0,1321
ONE_THREE_LEFT,1,1763580690.0,7.8,2.010603797977699,337.0,1466
ONE_THREE_LEFT,1,1763582416.0,7.8,1.1142422866323285,331.0,2247
ONE_THREE_LEFT,1,1763582498.0,7.8,1.1704139758888326,331.0,2247
ONE_THREE_LEFT,1,1763582720.2,7.8,1.2354934959396249,331.0,2247
ONE_THREE_LEFT,1,1763582765.45,7.8,1.1571080027036962,331.0,2247
ONE_THREE_LEFT,1,1763582879.2,7.8,1.798260151851066,331.0,2247
ONE_THREE_LEFT,1,1763582884.95,7.8,1.4567128903643127,331.0,2247
ONE_THREE_LEFT,1,1763583191.2,7.8,0.9281659995375936,331.0,2247
ONE_THREE_LEFT,1,1763583885.0,7.8,1.130662072968968,331.0,2247
ONE_THREE_LEFT,1,1763583967.0,7.8,1.2129850004184173,331.0,2247
ONE_THREE_LEFT,1,1763584079.0,7.8,1.2371878174147777,331.0,2247
ONE_THREE_LEFT,1,1763585074.0,7.8,1.3602275666930164,331.0,2247
ONE_THREE_LEFT,1,1763585156.0,7.8,1.0219914492705513,331.0,2247
ONE_THREE_LEFT,1,1763585408.0,7.8,1.2388544042700025,331.0,2247
ONE_THREE_LEFT,1,1763585613.0,7.8,0.963759056875777,331.0,2247
ONE_THREE_LEFT,1,1763585666.0,7.8,1.17125755368055,331.0,2247
ONE_THREE_LEFT,1,1763585885.4,7.8,1.2724631530230701,331.0,2247
ONE_THREE_LEFT,1,1764789674.0,7.8,2.9391546292426334,885.0,350
ONE_THREE_LEFT,1,1764789889.75,7.8,2.4130270756237318,885.0,350
ONE_THREE_LEFT,1,1764790350.0,7.8,4.176541688449034,885.0,350
ONE_THREE_LEFT,1,1764790440.0,7.8,4.510733738068844,885.0,350
ONE_THREE_LEFT,1,1764790651.0,7.8,2.553173760731366,885.0,350
ONE_THREE_LEFT,1,1764790733.0,7.8,2.4166334708533332,885.0,350
ONE_THREE_LEFT,1,1764790842.0,7.8,6.022909524110337,885.0,350
ONE_THREE_LEFT,1,1764790924.0,7.8,37.42366103775967,885.0,350
ONE_THREE_LEFT,1,1764792447.7,7.8,3.497262770106222,658.0,1136
ONE_THREE_LEFT,1,1764792517.95,7.8,3.171373654469784,658.0,1136
ONE_THREE_LEFT,1,1764792799.0,7.8,2.043514102541749,658.0,1136
ONE_THREE_LEFT,1,1764792881.0,7.8,2.318933543381102,658.0,1136
ONE_THREE_LEFT,1,1764792948.0,7.8,2.301071055874604,658.0,1136
ONE_THREE_LEFT,1,1764793030.0,7.8,1.5995238159016267,658.0,1136
ONE_THREE_LEFT,1,1764794868.65,7.8,2.32844781511726,658.0,1136
ONE_THREE_LEFT,1,1764795131.4,7.8,2.8621586778466837,658.0,1136
ONE_THREE_LEFT,1,1764795452.0,7.8,2.104064781931908,658.0,1136
ONE_THREE_LEFT,1,1764795548.0,7.8,2.629496002779524,658.0,1136
ONE_THREE_LEFT,1,1764798841.0,7.8,5.7045099406575925,539.0,189
ONE_THREE_LEFT,1,1770151515.0,7.8,13.132450454296928,364.0,383
ONE_THREE_LEFT,1,1770152069.0,7.8,2.8619392724081485,381.0,842
ONE_THREE_LEFT,1,1770152151.0,7.8,9.6924869681955,381.0,842
ONE_THREE_LEFT,1,1770154924.0,7.8,6.141596466432675,381.0,842
ONE_THREE_LEFT,2,1753905287.0,7.8,1.2928009352463878,100.0,28
ONE_THREE_LEFT,2,1753906457.0,7.8,1.286952864032406,100.0,28
ONE_THREE_LEFT,2,1753906539.0,7.8,1.159580080433849,100.0,28
ONE_THREE_LEFT,2,1753907711.5,7.8,1.5030020710779683,100.0,28
ONE_THREE_LEFT,2,1753909027.0,7.8,1.406376363225476,100.0,28
ONE_THREE_LEFT,2,1753909109.0,7.8,1.0857878853282539,100.0,28
ONE_THREE_LEFT,2,1755803308.05,7.8,1.9582120706538966,219.0,2710
ONE_THREE_LEFT,2,1755803497.0,7.8,1.546845015300839,219.0,2710
ONE_THREE_LEFT,2,1755804033.0,7.8,1.4646563385585916,219.0,2710
ONE_THREE_LEFT,2,1755804115.0,7.8,1.585185907330224,219.0,2710
ONE_THREE_LEFT,2,1755804652.0,7.8,1.3797216787194964,219.0,2710
ONE_THREE_LEFT,2,1755804734.0,7.8,2.374445446824858,219.0,2710
ONE_THREE_LEFT,2,1755807096.25,7.8,1.0926672083779767,219.0,2710
ONE_THREE_LEFT,2,1755807145.5,7.8,1.2127219257208213,219.0,2710
ONE_THREE_LEFT,2,1755807556.75,7.8,1.2278722214879503,219.0,2710
ONE_THREE_LEFT,2,1755809368.0,7.8,0.8241271674139342,219.0,2710
ONE_THREE_LEFT,2,1755809455.0,7.8,1.51519231058196,219.0,2710
ONE_THREE_LEFT,2,1757013158.0,7.8,1.5779645102079463,264.0,222
ONE_THREE_LEFT,2,1757013240.0,7.8,1.1577197634767158,279.0,369
ONE_THREE_LEFT,2,1757013476.0,7.8,1.6762225209836674,294.0,814
ONE_THREE_LEFT,2,1757013612.0,7.8,1.4523465643234585,292.0,1064
ONE_THREE_LEFT,2,1757015533.0,7.8,1.292856920491524,290.0,1305
ONE_THREE_LEFT,2,1757015627.0,7.8,1.6725813060093067,290.0,1305
ONE_THREE_LEFT,2,1757016238.0,7.8,1.3321667341762682,290.0,1305
ONE_THREE_LEFT,2,1757016321.0,7.8,1.5772884625762629,290.0,1305
ONE_THREE_LEFT,2,1757018498.0,7.8,1.6142583947351867,290.0,1305
ONE_THREE_LEFT,2,1757018580.0,7.8,1.3810618900894809,290.0,1305
ONE_THREE_LEFT,2,1757019824.0,7.8,1.346229690394245,290.0,1305
ONE_THREE_LEFT,2,1757019940.0,7.8,1.1044548351903292,290.0,1305
ONE_THREE_LEFT,2,1757020081.0,7.8,1.2969396536266071,290.0,1305
ONE_THREE_LEFT,2,1757020163.0,7.8,1.9995785850145633,290.0,1305
ONE_THREE_LEFT,2,1757020236.0,7.8,1.2123031964509368,290.0,1305
ONE_THREE_LEFT,2,1757020251.0,7.8,1.4440217102352362,290.0,1305
ONE_THREE_LEFT,2,1757020276.0,7.8,1.6245892069050611,290.0,1305
ONE_THREE_LEFT,2,1757020453.0,7.8,1.3971000643376348,290.0,1305
ONE_THREE_LEFT,2,1760466066.0,7.8,1.614168453260468,576.0,2866
ONE_THREE_LEFT,2,1760466391.5,7.8,2.7190913034100967,576.0,2930
ONE_THREE_LEFT,2,1760466834.0,7.8,1.6714518007211219,587.0,3795
ONE_THREE_LEFT,2,1760466916.0,7.8,2.1361924151663345,587.0,3839
ONE_THREE_LEFT,2,1760470029.0,7.8,1.8776735969476235,587.0,3839
ONE_THREE_LEFT,2,1760470111.0,7.8,2.0394451162647504,587.0,3839
ONE_THREE_LEFT,2,1760470439.0,7.8,1.9714328113508515,587.0,3839
ONE_THREE_LEFT,2,1760470521.0,7.8,7.653980235824187,587.0,3839
ONE_THREE_LEFT,2,1760470852.0,7.8,1.5610598558739985,587.0,3839
ONE_THREE_LEFT,2,1760470865.0,7.8,3.2046251344869097,587.0,3839
ONE_THREE_LEFT,2,1760471201.0,7.8,2.058693694617597,587.0,3839
ONE_THREE_LEFT,2,1760471256.0,7.8,2.632212778996067,587.0,3839
ONE_THREE_LEFT,2,1760471264.0,7.8,1.6006219812180718,587.0,3839
ONE_THREE_LEFT,2,1760471728.0,7.8,123.41953355105261,587.0,3839
ONE_THREE_LEFT,2,1760471729.0,7.8,1.784504144760395,587.0,3839
ONE_THREE_LEFT,2,1760471944.0,7.8,1.604315480853131,587.0,3839
ONE_THREE_LEFT,2,1760472312.0,7.8,1.6397087242942723,587.0,3839
ONE_THREE_LEFT,2,1760472378.0,7.8,5.330333804119613,587.0,3839
ONE_THREE_LEFT,2,1760472379.0,7.8,3.4376883262018856,587.0,3839
ONE_THREE_LEFT,2,1760472388.0,7.8,2.397660934189095,587.0,3839
ONE_THREE_LEFT,2,1760473380.0,7.8,2.7906882520914333,587.0,3839
ONE_THREE_LEFT,2,1760473462.0,7.8,5.636289219739149,587.0,3839
ONE_THREE_LEFT,2,1760473551.0,7.8,2.670984231600669,587.0,3839
ONE_THREE_LEFT,2,1760473591.0,7.8,2.237556678981332,587.0,3839
ONE_THREE_LEFT,2,1761088510.0,7.8,1.5272843265930385,462.0,1188
ONE_THREE_LEFT,2,1761088937.0,7.8,1.4033324781277339,462.0,1188
ONE_THREE_LEFT,2,1761089049.0,7.8,1.6079694296638516,462.0,1188
ONE_THREE_LEFT,2,1761089862.0,7.8,1.641306679440264,462.0,1188
ONE_THREE_LEFT,2,1761089974.0,7.8,1.3922600586954665,462.0,1188
ONE_THREE_LEFT,2,1763580037.0,7.8,4.191872858464171,331.0,2247
ONE_THREE_LEFT,2,1763580145.0,7.8,1.756231522052021,331.0,2247
ONE_THREE_LEFT,2,1763580227.0,7.8,2.5315757783592483,331.0,2247
ONE_THREE_LEFT,2,1763580355.0,7.8,2.0812568357250747,331.0,2247
ONE_THREE_LEFT,2,1763580437.0,7.8,2.4404874910364596,331.0,2247
ONE_THREE_LEFT,2,1763580608.0,7.8,2.2597731599974247,331.0,2247
ONE_THREE_LEFT,2,1763580690.0,7.8,2.010603797977699,331.0,2247
ONE_THREE_LEFT,2,1763582416.0,7.8,1.1142422866323285,331.0,2247
ONE_THREE_LEFT,2,1763582498.0,7.8,1.1704139758888326,331.0,2247
ONE_THREE_LEFT,2,1763582720.2,7.8,1.2354934959396249,331.0,2247
ONE_THREE_LEFT,2,1763582765.45,7.8,1.1571080027036962,331.0,2247
ONE_THREE_LEFT,2,1763582879.2,7.8,1.798260151851066,331.0,2247
ONE_THREE_LEFT,2,1763582884.95,7.8,1.4567128903643127,331.0,2247
ONE_THREE_LEFT,2,1763583191.2,7.8,0.9281659995375936,331.0,2247
ONE_THREE_LEFT,2,1763583885.0,7.8,1.130662072968968,331.0,2247
ONE_THREE_LEFT,2,1763583967.0,7.8,1.2129850004184173,331.0,2247
ONE_THREE_LEFT,2,1763584079.0,7.8,1.2371878174147777,331.0,2247
ONE_THREE_LEFT,2,1763585074.0,7.8,1.3602275666930164,331.0,2247
ONE_THREE_LEFT,2,1763585156.0,7.8,1.0219914492705513,331.0,2247
ONE_THREE_LEFT,2,1763585408.0,7.8,1.2388544042700025,331.0,2247
ONE_THREE_LEFT,2,1763585613.0,7.8,0.963759056875777,331.0,2247
ONE_THREE_LEFT,2,1763585666.0,7.8,1.17125755368055,331.0,2247
ONE_THREE_LEFT,2,1763585885.4,7.8,1.2724631530230701,331.0,2247
ONE_THREE_LEFT,2,1764789674.0,7.8,2.9391546292426334,658.0,1136
ONE_THREE_LEFT,2,1764789889.75,7.8,2.4130270756237318,658.0,1136
ONE_THREE_LEFT,2,1764790350.0,7.8,4.176541688449034,658.0,1136
ONE_THREE_LEFT,2,1764790440.0,7.8,4.510733738068844,658.0,1136
ONE_THREE_LEFT,2,1764790651.0,7.8,2.553173760731366,658.0,1136
ONE_THREE_LEFT,2,1764790733.0,7.8,2.4166334708533332,658.0,1136
ONE_THREE_LEFT,2,1764790842.0,7.8,6.022909524110337,658.0,1136
ONE_THREE_LEFT,2,1764790924.0,7.8,37.42366103775967,658.0,1136
ONE_THREE_LEFT,2,1764792447.7,7.8,3.497262770106222,658.0,1136
ONE_THREE_LEFT,2,1764792517.95,7.8,3.171373654469784,658.0,1136
ONE_THREE_LEFT,2,1764792799.0,7.8,2.043514102541749,658.0,1136
ONE_THREE_LEFT,2,1764792881.0,7.8,2.318933543381102,658.0,1136
ONE_THREE_LEFT,2,1764792948.0,7.8,2.301071055874604,658.0,1136
ONE_THREE_LEFT,2,1764793030.0,7.8,1.5995238159016267,658.0,1136
ONE_THREE_LEFT,2,1764794868.65,7.8,2.32844781511726,658.0,1136
ONE_THREE_LEFT,2,1764795131.4,7.8,2.8621586778466837,658.0,1136
ONE_THREE_LEFT,2,1764795452.0,7.8,2.104064781931908,658.0,1136
ONE_THREE_LEFT,2,1764795548.0,7.8,2.629496002779524,658.0,1136
ONE_THREE_LEFT,2,1764798841.0,7.8,5.7045099406575925,658.0,1136
ONE_THREE_LEFT,2,1764799300.0,7.8,5.7045099406575925,658.0,1136
ONE_THREE_LEFT,2,1764799902.0,7.8,5.7045099406575925,625.0,786
ONE_THREE_LEFT,2,1764800360.0,7.8,5.7045099406575925,625.0,786
ONE_THREE_LEFT,2,1764800360.0,7.8,5.7045099406575925,625.0,786
ONE_THREE_LEFT,2,1770151515.0,7.8,13.132450454296928,381.0,842
ONE_THREE_LEFT,2,1770152069.0,7.8,2.8619392724081485,381.0,842
ONE_THREE_LEFT,2,1770152151.0,7.8,9.6924869681955,381.0,842
ONE_THREE_LEFT,2,1770154924.0,7.8,6.141596466432675,381.0,842
ZERO_THREE_LEFT,1,1752695079.0,24.4,0.45631412089196516,55.0,18
ZERO_THREE_LEFT,1,1752695469.0,24.4,0.5925384002082564,55.0,18
ZERO_THREE_LEFT,1,1752695969.75,24.4,0.42272550803242454,55.0,18
ZERO_THREE_LEFT,1,1752713130.0,22.5,0.7262550261996232,464.0,232
ZERO_THREE_LEFT,1,1752713546.0,22.5,0.7411475537556702,464.0,232
ZERO_THREE_LEFT,1,1752713860.0,22.5,1.0237376039933679,464.0,232
ZERO_THREE_LEFT,1,1752714203.75,22.5,0.8644465181893413,464.0,232
ZERO_THREE_LEFT,1,1752714370.25,22.5,0.8677753244314251,464.0,232
ZERO_THREE_LEFT,1,1752715072.75,22.5,0.9162207676934002,464.0,232
ZERO_THREE_LEFT,1,1753291949.2,12.7,1.1699361705486322,388.0,15
ZERO_THREE_LEFT,1,1753389116.0,12.7,1.6723722053741203,432.5,16
ZERO_THREE_LEFT,1,1753389245.95,12.7,1.5959079266412526,432.5,16
ZERO_THREE_LEFT,1,1753545254.0,12.7,1.1367210679076243,456.0,9
ZERO_THREE_LEFT,1,1753545387.2,12.7,1.3373149934261808,456.0,9
ZERO_THREE_LEFT,1,1755809368.0,26.4,0.6686796540903915,281.0,2
ZERO_THREE_LEFT,1,1755893268.5,26.4,0.4109413285874965,306.0,9
ZERO_THREE_LEFT,1,1755965826.0,10.7,2.1690613772740295,341.0,5
ZERO_THREE_LEFT,1,1755965935.4,10.7,1.9226347529509318,341.0,5
ZERO_THREE_LEFT,1,1756144870.0,10.7,1.732369099792983,298.5,12
ZERO_THREE_LEFT,1,1756144976.15,10.7,2.059361413809292,300.5,10
ZERO_THREE_LEFT,1,1756233440.0,10.7,2.0294368189170005,368.0,12
ZERO_THREE_LEFT,1,1756233542.8,10.7,2.1388188253584257,368.0,12
ZERO_THREE_LEFT,1,1757012063.65,22.5,0.7296891166197524,406.0,533
ZERO_THREE_LEFT,1,1757012907.0,22.5,0.555136314598599,367.0,1308
ZERO_THREE_LEFT,1,1757013158.0,22.5,0.5724044436611434,367.0,1308
ZERO_THREE_LEFT,1,1757013476.0,22.5,0.6663386178574522,367.0,1308
ZERO_THREE_LEFT,1,1757015027.6,22.5,0.2835800403287228,367.0,1308
ZERO_THREE_LEFT,1,1757015068.1,22.5,0.40557887934314435,367.0,1308
ZERO_THREE_LEFT,1,1757015242.85,22.5,0.6690341247148559,367.0,1308
ZERO_THREE_LEFT,1,1757015460.85,22.5,0.6345828019566571,367.0,1308
ZERO_THREE_LEFT,1,1757015489.85,22.5,0.3479595052554255,367.0,1308
ZERO_THREE_LEFT,1,1757015533.0,22.5,0.5951165500930209,367.0,1308
ZERO_THREE_LEFT,1,1757015675.85,22.5,0.6403393029872508,367.0,1308
ZERO_THREE_LEFT,1,1757016238.0,22.5,0.5228507521175862,367.0,1308
ZERO_THREE_LEFT,1,1757018498.0,22.5,0.7280179376373679,367.0,1309
ZERO_THREE_LEFT,1,1757019824.0,10.7,1.464707488093042,388.5,4
ZERO_THREE_LEFT,1,1757020081.0,10.7,1.5948384888281866,388.5,4
ZERO_THREE_LEFT,1,1757081912.0,10.7,1.9270039781024324,513.0,5
ZERO_THREE_LEFT,1,1757081970.8,10.7,2.0859421211795905,513.0,5
ZERO_THREE_LEFT,1,1757175520.0,11.7,1.414013025484703,550.0,8
ZERO_THREE_LEFT,1,1757175637.2,11.7,1.6812724418521836,550.0,8
ZERO_THREE_LEFT,1,1757282254.0,11.7,1.5083732223902695,364.0,3
ZERO_THREE_LEFT,1,1757282388.6,11.7,1.8810960920853068,364.0,3
ZERO_THREE_LEFT,1,1757446318.0,11.7,1.7676350302901869,472.0,15
ZERO_THREE_LEFT,1,1757446429.6,11.7,1.894185313852121,472.0,15
ZERO_THREE_LEFT,1,1757534831.0,11.7,1.8824550371576227,541.5,2
ZERO_THREE_LEFT,1,1757534944.0,11.7,1.801026577687132,541.5,2
ZERO_THREE_LEFT,1,1757637975.0,11.7,1.7573787401277658,466.0,10
ZERO_THREE_LEFT,1,1757638555.7,11.7,1.8546202496608561,465.0,9
ZERO_THREE_LEFT,1,1757638694.45,11.7,1.9468037084801066,465.0,9
ZERO_THREE_LEFT,1,1757697516.0,11.7,2.3090104730279863,660.0,10
ZERO_THREE_LEFT,1,1757697621.8,11.7,2.3620426905766774,669.5,8
ZERO_THREE_LEFT,1,1757786125.0,11.7,2.4700977316133814,667.0,10
ZERO_THREE_LEFT,1,1757786233.75,11.7,2.0438314834844826,667.0,10
ZERO_THREE_LEFT,1,1757787270.25,11.7,3.7068738955628073,678.0,10
ZERO_THREE_LEFT,1,1757874345.0,11.7,3.3696618425541485,499.0,18
ZERO_THREE_LEFT,1,1757875206.0,11.7,1.7819851553504493,499.0,12
ZERO_THREE_LEFT,1,1757875360.4,11.7,1.5627089840404378,499.0,12
ZERO_THREE_LEFT,1,1757970420.0,11.7,2.1274801216855335,570.0,12
ZERO_THREE_LEFT,1,1757970532.7,11.7,2.5242526885124232,570.0,12
ZERO_THREE_LEFT,1,1758042808.0,11.7,2.4355463926292553,840.0,15
ZERO_THREE_LEFT,1,1758042915.35,11.7,2.3766794491285483,840.0,15
ZERO_THREE_LEFT,1,1758124084.0,11.7,3.325826242552024,818.0,17
ZERO_THREE_LEFT,1,1758124190.9,11.7,3.6344466607839476,818.0,17
ZERO_THREE_LEFT,1,1758216605.0,22.5,0.8738544103082968,731.0,2209
ZERO_THREE_LEFT,1,1758216975.0,22.5,1.241529685466341,731.0,2207
ZERO_THREE_LEFT,1,1758217549.0,22.5,1.1929860196404949,732.0,2853
ZERO_THREE_LEFT,1,1758217763.0,22.5,0.9404518598324063,732.0,2853
ZERO_THREE_LEFT,1,1758217946.5,22.5,1.2893054678199993,732.0,2851
ZERO_THREE_LEFT,1,1758218911.0,22.5,1.1869457940892754,732.0,2849
ZERO_THREE_LEFT,1,1758219004.0,22.5,0.9360016409829457,732.0,2849
ZERO_THREE_LEFT,1,1758219888.5,22.5,0.8686031062901056,732.0,2849
ZERO_THREE_LEFT,1,1758219922.75,22.5,0.8535533772460056,732.0,2849
ZERO_THREE_LEFT,1,1758220645.75,22.5,0.7828408216361205,732.0,2849
ZERO_THREE_LEFT,1,1758220736.75,22.5,0.6224953051869107,732.0,2849
ZERO_THREE_LEFT,1,1758220775.0,22.5,0.9194515883993,732.0,2849
ZERO_THREE_LEFT,1,1758220800.75,22.5,0.6441738835295953,732.0,2849
ZERO_THREE_LEFT,1,1758415543.0,8.8,2.222135920826564,817.0,12
ZERO_THREE_LEFT,1,1758415664.55,8.8,3.1118535428394525,817.0,12
ZERO_THREE_LEFT,1,1758481957.0,8.8,4.261981575406961,918.0,12
ZERO_THREE_LEFT,1,1758482081.75,8.8,4.407925303958917,918.0,12
ZERO_THREE_LEFT,1,1758640185.0,8.8,5.226421617976174,1150.0,11
ZERO_THREE_LEFT,1,1758640311.15,8.8,2.8910880320511376,1150.0,12
ZERO_THREE_LEFT,1,1758737796.0,8.8,3.096544802336698,892.5,12
ZERO_THREE_LEFT,1,1758737902.2,8.8,3.0075201642402107,892.5,12
ZERO_THREE_LEFT,1,1758814842.0,8.8,7.278645993805712,1005.0,13
ZERO_THREE_LEFT,1,1758814998.55,8.8,5.9368359313618555,1082.0,14
ZERO_THREE_LEFT,1,1758901111.0,8.8,5.662933439962517,1266.0,14
ZERO_THREE_LEFT,1,1758901230.2,8.8,4.853852397980703,1266.0,14
ZERO_THREE_LEFT,1,1758988989.0,8.8,3.763011725919628,1128.0,23
ZERO_THREE_LEFT,1,1758989091.45,8.8,3.5646196400998695,1128.0,23
ZERO_THREE_LEFT,1,1759182578.0,8.8,3.6798490421061416,925.0,15
ZERO_THREE_LEFT,1,1759182701.3,8.8,2.87123561848744,925.0,13
ZERO_THREE_LEFT,1,1759249464.0,8.8,3.374374031077886,1655.0,23
ZERO_THREE_LEFT,1,1759249566.8,8.8,3.0367311006384123,1655.0,23
ZERO_THREE_LEFT,1,1759339019.0,8.8,3.4260092946858243,1061.0,9
ZERO_THREE_LEFT,1,1759339163.45,8.8,3.254871305978071,1061.0,9
ZERO_THREE_LEFT,1,1759429218.0,22.5,1.0856367992768745,650.0,1932
ZERO_THREE_LEFT,1,1759429850.35,22.5,1.2860874170079706,661.0,2998
ZERO_THREE_LEFT,1,1759430733.0,22.5,0.9476141111570735,671.0,4358
ZERO_THREE_LEFT,1,1759430946.0,22.5,1.083901046037559,671.0,4358
ZERO_THREE_LEFT,1,1759431547.8,22.5,1.214210135163056,671.0,4357
ZERO_THREE_LEFT,1,1759431564.3,22.5,0.9077244016029876,671.0,4356
ZERO_THREE_LEFT,1,1759431967.0,22.5,1.146288581214628,671.0,4356
ZERO_THREE_LEFT,1,1759432199.05,22.5,1.2260896436294098,669.0,4494
ZERO_THREE_LEFT,1,1759432978.8,22.5,1.1010184809519263,669.0,4999
ZERO_THREE_LEFT,1,1759433486.05,22.5,1.8303507338933525,669.0,4999
ZERO_THREE_LEFT,1,1759433486.8,22.5,1.0621182935155642,669.0,4999
ZERO_THREE_LEFT,1,1759433629.0,22.5,0.727178849508895,669.0,4999
ZERO_THREE_LEFT,1,1759433682.0,22.5,1.270561488529012,669.0,4999
ZERO_THREE_LEFT,1,1759433683.0,22.5,0.8561256007148004,669.0,4999
ZERO_THREE_LEFT,1,1759433724.0,22.5,0.9373936736290773,669.0,4999
ZERO_THREE_LEFT,1,1759433760.0,22.5,0.41365128259556516,669.0,4999
ZERO_THREE_LEFT,1,1759433760.0,22.5,0.24770237386033594,669.0,4999
ZERO_THREE_LEFT,1,1759433762.0,22.5,4.367424057684152,669.0,4999
ZERO_THREE_LEFT,1,1759433765.0,22.5,0.9335697726300001,669.0,4999
ZERO_THREE_LEFT,1,1759433802.0,22.5,0.6952223292474863,669.0,4999
ZERO_THREE_LEFT,1,1759433803.0,22.5,1.010883529100142,669.0,4999
ZERO_THREE_LEFT,1,1759434324.0,22.5,1.1726785359812724,669.0,4999
ZERO_THREE_LEFT,1,1759435719.0,22.5,0.9055904796496256,673.0,4309
ZERO_THREE_LEFT,1,1759435787.0,22.5,0.8558254181806975,673.0,4309
ZERO_THREE_LEFT,1,1759699543.0,8.8,2.7754558611772353,844.5,4
ZERO_THREE_LEFT,1,1759699655.75,8.8,2.591297691230924,843.0,3
ZERO_THREE_LEFT,1,1759798324.0,9.8,2.3708986802925462,961.0,9
ZERO_THREE_LEFT,1,1759798430.25,9.8,2.465586360473807,961.0,9
ZERO_THREE_LEFT,1,1759877986.0,9.8,6.703054200089215,1082.0,12
ZERO_THREE_LEFT,1,1759943625.0,9.8,5.376384443375582,1101.0,8
ZERO_THREE_LEFT,1,1759953197.0,9.8,3.368180506324439,757.5,14
ZERO_THREE_LEFT,1,1759953393.4,9.8,3.081765681848245,757.0,13
ZERO_THREE_LEFT,1,1759953761.65,9.8,2.7564756572349456,757.0,13
ZERO_THREE_LEFT,1,1760058237.0,9.8,3.3877571004863456,1038.0,14
ZERO_THREE_LEFT,1,1760058395.05,9.8,3.1287109554016768,1038.0,13
ZERO_THREE_LEFT,1,1760112898.0,9.8,5.9292524879098005,1670.0,23
ZERO_THREE_LEFT,1,1760113046.0,9.8,4.846320910602092,1670.0,25
ZERO_THREE_LEFT,1,1760200315.0,9.8,2.919491026533427,729.0,23
ZERO_THREE_LEFT,1,1760200423.05,9.8,3.7002114447315453,729.0,23
ZERO_THREE_LEFT,1,1760315239.0,10.7,1.5919431257522194,479.0,20
ZERO_THREE_LEFT,1,1760315354.3,10.7,2.5008265349715133,479.0,20
ZERO_THREE_LEFT,1,1760379521.0,10.7,1.8991920166718077,477.0,9
ZERO_THREE_LEFT,1,1760379654.1,10.7,1.8319615418666617,477.0,9
ZERO_THREE_LEFT,1,1760466066.0,10.7,2.0826016073702185,535.0,4
ZERO_THREE_LEFT,1,1760466391.5,10.7,3.582011114936531,534.0,3
ZERO_THREE_LEFT,1,1760466834.0,10.7,2.3161411835801595,534.0,3
ZERO_THREE_LEFT,1,1760717766.0,7.8,4.4793700212208405,1432.0,15
ZERO_THREE_LEFT,1,1760717973.7,7.8,3.6841888382534336,1432.0,15
ZERO_THREE_LEFT,1,1761852296.7,22.5,0.9440966092731706,1231.0,324
ZERO_THREE_LEFT,1,1761853215.95,22.5,0.6069839048057882,1231.0,324
ZERO_THREE_LEFT,1,1761853236.2,22.5,0.5963846391938901,1231.0,324
ZERO_THREE_LEFT,1,1761853676.2,22.5,0.5807036452048735,1231.0,324
ZERO_THREE_LEFT,1,1764789674.0,22.5,0.9789256937538846,222.0,1224
ZERO_THREE_LEFT,1,1764789889.75,22.5,0.8259487669152382,211.0,1640
ZERO_THREE_LEFT,1,1764790350.0,22.5,0.8630846010291111,220.0,2237
ZERO_THREE_LEFT,1,1764790651.0,22.5,0.9324551573685291,214.0,2607
ZERO_THREE_LEFT,1,1764790842.0,22.5,1.0405792911984624,210.5,2872
ZERO_THREE_LEFT,1,1764791745.95,22.5,0.6926642647735195,209.0,3053
ZERO_THREE_LEFT,1,1764792016.2,22.5,1.1792387886258209,209.0,3053
ZERO_THREE_LEFT,1,1764792023.2,22.5,0.7499943906959723,209.0,3053
ZERO_THREE_LEFT,1,1764792023.95,22.5,1.6518853695864906,209.0,3053
ZERO_THREE_LEFT,1,1764792024.7,22.5,0.9462861177022224,209.0,3053
ZERO_THREE_LEFT,1,1764792799.0,22.5,1.0317110837057537,209.0,3051
ZERO_THREE_LEFT,1,1764792948.0,22.5,1.140673546723184,209.0,3051
ZERO_THREE_LEFT,1,1764793280.0,22.5,0.7386367246133716,209.0,3051
ZERO_THREE_LEFT,1,1764793514.0,22.5,1.340797268879419,209.0,3051
ZERO_THREE_LEFT,1,1764793767.65,22.5,0.9850831751038128,209.0,3051
ZERO_THREE_LEFT,1,1764794023.65,22.5,0.6927884882921529,209.0,3051
ZERO_THREE_LEFT,1,1764794308.4,22.5,0.6391065145071739,209.0,3051
ZERO_THREE_LEFT,1,1764794533.65,22.5,0.5782762568170076,209.0,3051
ZERO_THREE_LEFT,1,1764795452.0,22.5,1.2295007617931102,210.0,2839
ZERO_THREE_LEFT,1,1766004348.0,7.8,3.5412234388541357,667.0,3
ZERO_THREE_LEFT,1,1766004493.0,7.8,7.160392244166451,667.0,3
ZERO_THREE_LEFT,1,1766005156.35,7.8,4.078388695472833,667.0,3
ZERO_THREE_LEFT,1,1767641977.35,22.5,1.0731801410152555,165.0,31
ZERO_THREE_LEFT,1,1767643298.0,22.5,1.129493195040484,165.0,31
ZERO_THREE_LEFT,1,1767645021.0,22.5,1.1429136627298595,165.0,31
ZERO_THREE_LEFT,1,1767645202.55,22.5,0.8563686116429421,165.0,31
ZERO_THREE_LEFT,1,1776367184.0,26.4,0.5960899530055628,124.0,5
ZERO_THREE_LEFT,1,1776367492.0,26.4,0.6395005376789245,138.0,4
ZERO_THREE_LEFT,2,1752695079.0,24.4,0.45631412089196516,55.0,42
ZERO_THREE_LEFT,2,1752695469.0,24.4,0.5925384002082564,55.0,42
ZERO_THREE_LEFT,2,1752695969.75,24.4,0.42272550803242454,55.0,42
ZERO_THREE_LEFT,2,1752713130.0,22.5,0.7262550261996232,453.0,256
ZERO_THREE_LEFT,2,1752713546.0,22.5,0.7411475537556702,453.0,256
ZERO_THREE_LEFT,2,1752713860.0,22.5,1.0237376039933679,453.0,256
ZERO_THREE_LEFT,2,1752714203.75,22.5,0.8644465181893413,453.0,256
ZERO_THREE_LEFT,2,1752714370.25,22.5,0.8677753244314251,453.0,256
ZERO_THREE_LEFT,2,1752715072.75,22.5,0.9162207676934002,453.0,256
ZERO_THREE_LEFT,2,1753291949.2,12.7,1.1699361705486322,390.0,45
ZERO_THREE_LEFT,2,1753389116.0,12.7,1.6723722053741203,559.0,46
ZERO_THREE_LEFT,2,1753389245.95,12.7,1.5959079266412526,559.0,46
ZERO_THREE_LEFT,2,1753479752.0,12.7,1.3404307577822479,444.0,12
ZERO_THREE_LEFT,2,1753479886.45,12.7,2.769637557305321,444.0,12
ZERO_THREE_LEFT,2,1753545254.0,12.7,1.1367210679076243,404.0,27
ZERO_THREE_LEFT,2,1753545387.2,12.7,1.3373149934261808,404.0,27
ZERO_THREE_LEFT,2,1755809368.0,26.4,0.6686796540903915,297.5,8
ZERO_THREE_LEFT,2,1755893268.5,26.4,0.4109413285874965,320.0,21
ZERO_THREE_LEFT,2,1755965826.0,10.7,2.1690613772740295,361.0,11
ZERO_THREE_LEFT,2,1755965935.4,10.7,1.9226347529509318,361.0,11
ZERO_THREE_LEFT,2,1756144870.0,10.7,1.732369099792983,294.0,25
ZERO_THREE_LEFT,2,1756144976.15,10.7,2.059361413809292,294.5,24
ZERO_THREE_LEFT,2,1756233440.0,10.7,2.0294368189170005,349.5,30
ZERO_THREE_LEFT,2,1756233542.8,10.7,2.1388188253584257,349.5,30
ZERO_THREE_LEFT,2,1756311773.0,10.7,2.3473844267510455,460.0,12
ZERO_THREE_LEFT,2,1756311932.4,10.7,2.5731245763208452,460.0,12
ZERO_THREE_LEFT,2,1757012063.65,22.5,0.7296891166197524,367.0,1308
ZERO_THREE_LEFT,2,1757012907.0,22.5,0.555136314598599,367.0,1308
ZERO_THREE_LEFT,2,1757013158.0,22.5,0.5724044436611434,367.0,1308
ZERO_THREE_LEFT,2,1757013476.0,22.5,0.6663386178574522,367.0,1308
ZERO_THREE_LEFT,2,1757015027.6,22.5,0.2835800403287228,367.0,1310
ZERO_THREE_LEFT,2,1757015068.1,22.5,0.40557887934314435,367.0,1310
ZERO_THREE_LEFT,2,1757015242.85,22.5,0.6690341247148559,367.0,1310
ZERO_THREE_LEFT,2,1757015460.85,22.5,0.6345828019566571,367.0,1310
ZERO_THREE_LEFT,2,1757015489.85,22.5,0.3479595052554255,367.0,1310
ZERO_THREE_LEFT,2,1757015533.0,22.5,0.5951165500930209,367.0,1310
ZERO_THREE_LEFT,2,1757015675.85,22.5,0.6403393029872508,367.0,1311
ZERO_THREE_LEFT,2,1757016238.0,22.5,0.5228507521175862,367.0,1312
ZERO_THREE_LEFT,2,1757018498.0,22.5,0.7280179376373679,367.0,1315
ZERO_THREE_LEFT,2,1757019824.0,22.5,0.6217751315737211,367.0,1318
ZERO_THREE_LEFT,2,1757020081.0,22.5,0.4438343671698727,367.0,1318
ZERO_THREE_LEFT,2,1757081912.0,10.7,1.9270039781024324,444.0,11
ZERO_THREE_LEFT,2,1757081970.8,10.7,2.0859421211795905,444.0,11
ZERO_THREE_LEFT,2,1757175520.0,11.7,1.414013025484703,534.5,26
ZERO_THREE_LEFT,2,1757175637.2,11.7,1.6812724418521836,534.5,26
ZERO_THREE_LEFT,2,1757282254.0,11.7,1.5083732223902695,382.5,6
ZERO_THREE_LEFT,2,1757282388.6,11.7,1.8810960920853068,382.5,6
ZERO_THREE_LEFT,2,1757446318.0,11.7,1.7676350302901869,472.0,33
ZERO_THREE_LEFT,2,1757446429.6,11.7,1.894185313852121,472.0,33
ZERO_THREE_LEFT,2,1757534831.0,11.7,1.8824550371576227,506.5,8
ZERO_THREE_LEFT,2,1757534944.0,11.7,1.801026577687132,506.5,8
ZERO_THREE_LEFT,2,1757637975.0,11.7,1.7573787401277658,479.0,28
ZERO_THREE_LEFT,2,1757638555.7,11.7,1.8546202496608561,479.0,27
ZERO_THREE_LEFT,2,1757638694.45,11.7,1.9468037084801066,479.0,27
ZERO_THREE_LEFT,2,1757697516.0,11.7,2.3090104730279863,727.0,25
ZERO_THREE_LEFT,2,1757697621.8,11.7,2.3620426905766774,688.0,23
ZERO_THREE_LEFT,2,1757786125.0,11.7,2.4700977316133814,678.0,31
ZERO_THREE_LEFT,2,1757786233.75,11.7,2.0438314834844826,678.0,31
ZERO_THREE_LEFT,2,1757787270.25,11.7,3.7068738955628073,672.0,33
ZERO_THREE_LEFT,2,1757874345.0,11.7,3.3696618425541485,530.0,36
ZERO_THREE_LEFT,2,1757875206.0,11.7,1.7819851553504493,511.0,30
ZERO_THREE_LEFT,2,1757875360.4,11.7,1.5627089840404378,511.0,30
ZERO_THREE_LEFT,2,1757970420.0,11.7,2.1274801216855335,570.0,30
ZERO_THREE_LEFT,2,1757970532.7,11.7,2.5242526885124232,570.0,30
ZERO_THREE_LEFT,2,1758042808.0,11.7,2.4355463926292553,816.0,45
ZERO_THREE_LEFT,2,1758042915.35,11.7,2.3766794491285483,816.0,45
ZERO_THREE_LEFT,2,1758124084.0,11.7,3.325826242552024,754.0,41
ZERO_THREE_LEFT,2,1758124190.9,11.7,3.6344466607839476,754.0,41
ZERO_THREE_LEFT,2,1758216605.0,22.5,0.8738544103082968,732.0,2869
ZERO_THREE_LEFT,2,1758216975.0,22.5,1.241529685466341,732.0,2867
ZERO_THREE_LEFT,2,1758217549.0,22.5,1.1929860196404949,732.0,2865
ZERO_THREE_LEFT,2,1758217763.0,22.5,0.9404518598324063,732.0,2865
ZERO_THREE_LEFT,2,1758217946.5,22.5,1.2893054678199993,732.0,2863
ZERO_THREE_LEFT,2,1758218911.0,22.5,1.1869457940892754,732.0,2861
ZERO_THREE_LEFT,2,1758219004.0,22.5,0.9360016409829457,732.0,2861
ZERO_THREE_LEFT,2,1758219888.5,22.5,0.8686031062901056,732.0,2857
ZERO_THREE_LEFT,2,1758219922.75,22.5,0.8535533772460056,732.0,2857
ZERO_THREE_LEFT,2,1758220645.75,22.5,0.7828408216361205,732.0,2855
ZERO_THREE_LEFT,2,1758220736.75,22.5,0.6224953051869107,732.0,2855
ZERO_THREE_LEFT,2,1758220775.0,22.5,0.9194515883993,732.0,2855
ZERO_THREE_LEFT,2,1758220800.75,22.5,0.6441738835295953,732.0,2855
ZERO_THREE_LEFT,2,1758415543.0,8.8,2.222135920826564,785.0,30
ZERO_THREE_LEFT,2,1758415664.55,8.8,3.1118535428394525,785.0,30
ZERO_THREE_LEFT,2,1758481957.0,8.8,4.261981575406961,829.0,30
ZERO_THREE_LEFT,2,1758482081.75,8.8,4.407925303958917,829.0,30
ZERO_THREE_LEFT,2,1758640185.0,8.8,5.226421617976174,1087.0,29
ZERO_THREE_LEFT,2,1758640311.15,8.8,2.8910880320511376,1099.0,30
ZERO_THREE_LEFT,2,1758737796.0,8.8,3.096544802336698,892.5,30
ZERO_THREE_LEFT,2,1758737902.2,8.8,3.0075201642402107,892.5,30
ZERO_THREE_LEFT,2,1758814842.0,8.8,7.278645993805712,1025.0,29
ZERO_THREE_LEFT,2,1758814998.55,8.8,5.9368359313618555,1029.5,30
ZERO_THREE_LEFT,2,1758901111.0,8.8,5.662933439962517,1161.0,38
ZERO_THREE_LEFT,2,1758901230.2,8.8,4.853852397980703,1161.0,38
ZERO_THREE_LEFT,2,1758988989.0,8.8,3.763011725919628,1135.0,53
ZERO_THREE_LEFT,2,1758989091.45,8.8,3.5646196400998695,1135.0,53
ZERO_THREE_LEFT,2,1759182578.0,8.8,3.6798490421061416,951.0,33
ZERO_THREE_LEFT,2,1759182701.3,8.8,2.87123561848744,947.0,31
ZERO_THREE_LEFT,2,1759249464.0,8.8,3.374374031077886,1383.5,48
ZERO_THREE_LEFT,2,1759249566.8,8.8,3.0367311006384123,1383.5,48
ZERO_THREE_LEFT,2,1759339019.0,8.8,3.4260092946858243,1261.0,27
ZERO_THREE_LEFT,2,1759339163.45,8.8,3.254871305978071,1261.0,27
ZERO_THREE_LEFT,2,1759429218.0,22.5,1.0856367992768745,669.0,5009
ZERO_THREE_LEFT,2,1759429850.35,22.5,1.2860874170079706,669.0,5008
ZERO_THREE_LEFT,2,1759430733.0,22.5,0.9476141111570735,669.0,5007
ZERO_THREE_LEFT,2,1759430946.0,22.5,1.083901046037559,669.0,5007
ZERO_THREE_LEFT,2,1759431547.8,22.5,1.214210135163056,669.0,5006
ZERO_THREE_LEFT,2,1759431564.3,22.5,0.9077244016029876,669.0,5005
ZERO_THREE_LEFT,2,1759431967.0,22.5,1.146288581214628,669.0,5005
ZERO_THREE_LEFT,2,1759432199.05,22.5,1.2260896436294098,669.0,5004
ZERO_THREE_LEFT,2,1759432978.8,22.5,1.1010184809519263,669.0,5003
ZERO_THREE_LEFT,2,1759433486.05,22.5,1.8303507338933525,669.0,5002
ZERO_THREE_LEFT,2,1759433486.8,22.5,1.0621182935155642,669.0,5002
ZERO_THREE_LEFT,2,1759433629.0,22.5,0.727178849508895,669.0,5002
ZERO_THREE_LEFT,2,1759433682.0,22.5,1.270561488529012,669.0,5002
ZERO_THREE_LEFT,2,1759433683.0,22.5,0.8561256007148004,669.0,5002
ZERO_THREE_LEFT,2,1759433724.0,22.5,0.9373936736290773,669.0,5002
ZERO_THREE_LEFT,2,1759433760.0,22.5,0.41365128259556516,669.0,5002
ZERO_THREE_LEFT,2,1759433760.0,22.5,0.24770237386033594,669.0,5002
ZERO_THREE_LEFT,2,1759433762.0,22.5,4.367424057684152,669.0,5002
ZERO_THREE_LEFT,2,1759433765.0,22.5,0.9335697726300001,669.0,5002
ZERO_THREE_LEFT,2,1759433802.0,22.5,0.6952223292474863,669.0,5002
ZERO_THREE_LEFT,2,1759433803.0,22.5,1.010883529100142,669.0,5002
ZERO_THREE_LEFT,2,1759434324.0,22.5,1.1726785359812724,669.0,5001
ZERO_THREE_LEFT,2,1759435719.0,22.5,0.9055904796496256,669.0,4999
ZERO_THREE_LEFT,2,1759435787.0,22.5,0.8558254181806975,669.0,4999
ZERO_THREE_LEFT,2,1759699543.0,8.8,2.7754558611772353,784.5,10
ZERO_THREE_LEFT,2,1759699655.75,8.8,2.591297691230924,769.0,9
ZERO_THREE_LEFT,2,1759798324.0,9.8,2.3708986802925462,880.0,27
ZERO_THREE_LEFT,2,1759798430.25,9.8,2.465586360473807,880.0,27
ZERO_THREE_LEFT,2,1759877986.0,9.8,6.703054200089215,1069.0,24
ZERO_THREE_LEFT,2,1759943625.0,9.8,5.376384443375582,1038.0,24
ZERO_THREE_LEFT,2,1759953197.0,9.8,3.368180506324439,858.0,28
ZERO_THREE_LEFT,2,1759953393.4,9.8,3.081765681848245,858.0,28
ZERO_THREE_LEFT,2,1759953761.65,9.8,2.7564756572349456,858.0,28
ZERO_THREE_LEFT,2,1760058237.0,9.8,3.3877571004863456,1049.0,32
ZERO_THREE_LEFT,2,1760058395.05,9.8,3.1287109554016768,1049.0,31
ZERO_THREE_LEFT,2,1760112898.0,9.8,5.9292524879098005,1395.0,53
ZERO_THREE_LEFT,2,1760113046.0,9.8,4.846320910602092,1395.0,55
ZERO_THREE_LEFT,2,1760200315.0,9.8,2.919491026533427,609.0,53
ZERO_THREE_LEFT,2,1760200423.05,9.8,3.7002114447315453,609.0,53
ZERO_THREE_LEFT,2,1760315239.0,10.7,1.5919431257522194,472.0,50
ZERO_THREE_LEFT,2,1760315354.3,10.7,2.5008265349715133,472.0,50
ZERO_THREE_LEFT,2,1760379521.0,10.7,1.8991920166718077,449.0,25
ZERO_THREE_LEFT,2,1760379654.1,10.7,1.8319615418666617,449.0,25
ZERO_THREE_LEFT,2,1760466066.0,10.7,2.0826016073702185,566.0,10
ZERO_THREE_LEFT,2,1760466391.5,10.7,3.582011114936531,556.0,9
ZERO_THREE_LEFT,2,1760466834.0,10.7,2.3161411835801595,556.0,9
ZERO_THREE_LEFT,2,1760470029.0,10.7,1.733711402259587,534.0,3
ZERO_THREE_LEFT,2,1760470439.0,10.7,1.6188953500491414,534.0,3
ZERO_THREE_LEFT,2,1760717766.0,7.8,4.4793700212208405,998.0,33
ZERO_THREE_LEFT,2,1760717973.7,7.8,3.6841888382534336,998.0,33
ZERO_THREE_LEFT,2,1761848292.0,22.5,0.7701172851984663,1231.0,324
ZERO_THREE_LEFT,2,1761848611.0,22.5,1.6646067894207128,1231.0,324
ZERO_THREE_LEFT,2,1761849085.0,22.5,1.4800829602998047,1231.0,324
ZERO_THREE_LEFT,2,1761849513.25,22.5,2.1522210416901135,1231.0,324
ZERO_THREE_LEFT,2,1761852296.7,22.5,0.9440966092731706,1231.0,324
ZERO_THREE_LEFT,2,1761853215.95,22.5,0.6069839048057882,1231.0,324
ZERO_THREE_LEFT,2,1761853236.2,22.5,0.5963846391938901,1231.0,324
ZERO_THREE_LEFT,2,1761853676.2,22.5,0.5807036452048735,1231.0,324
ZERO_THREE_LEFT,2,1764789674.0,22.5,0.9789256937538846,209.0,3073
ZERO_THREE_LEFT,2,1764789889.75,22.5,0.8259487669152382,209.0,3071
ZERO_THREE_LEFT,2,1764790350.0,22.5,0.8630846010291111,209.0,3071
ZERO_THREE_LEFT,2,1764790651.0,22.5,0.9324551573685291,209.0,3069
ZERO_THREE_LEFT,2,1764790842.0,22.5,1.0405792911984624,209.0,3069
ZERO_THREE_LEFT,2,1764791745.95,22.5,0.6926642647735195,209.0,3065
ZERO_THREE_LEFT,2,1764792016.2,22.5,1.1792387886258209,209.0,3065
ZERO_THREE_LEFT,2,1764792023.2,22.5,0.7499943906959723,209.0,3065
ZERO_THREE_LEFT,2,1764792023.95,22.5,1.6518853695864906,209.0,3065
ZERO_THREE_LEFT,2,1764792024.7,22.5,0.9462861177022224,209.0,3065
ZERO_THREE_LEFT,2,1764792799.0,22.5,1.0317110837057537,209.0,3063
ZERO_THREE_LEFT,2,1764792948.0,22.5,1.140673546723184,209.0,3061
ZERO_THREE_LEFT,2,1764793280.0,22.5,0.7386367246133716,209.0,3061
ZERO_THREE_LEFT,2,1764793514.0,22.5,1.340797268879419,209.0,3059
ZERO_THREE_LEFT,2,1764793767.65,22.5,0.9850831751038128,209.0,3059
ZERO_THREE_LEFT,2,1764794023.65,22.5,0.6927884882921529,209.0,3059
ZERO_THREE_LEFT,2,1764794308.4,22.5,0.6391065145071739,209.0,3057
ZERO_THREE_LEFT,2,1764794533.65,22.5,0.5782762568170076,209.0,3057
ZERO_THREE_LEFT,2,1764795452.0,22.5,1.2295007617931102,209.0,3053
ZERO_THREE_LEFT,2,1766004348.0,7.8,3.5412234388541357,781.5,8
ZERO_THREE_LEFT,2,1766004493.0,7.8,7.160392244166451,781.5,8
ZERO_THREE_LEFT,2,1766005156.35,7.8,4.078388695472833,783.0,7
ZERO_THREE_LEFT,2,1767641594.0,22.5,0.9895560110326913,165.0,31
ZERO_THREE_LEFT,2,1767641977.35,22.5,1.0731801410152555,165.0,31
ZERO_THREE_LEFT,2,1767643298.0,22.5,1.129493195040484,165.0,31
ZERO_THREE_LEFT,2,1767645021.0,22.5,1.1429136627298595,165.0,31
ZERO_THREE_LEFT,2,1767645202.55,22.5,0.8563686116429421,165.0,31
ZERO_THREE_LEFT,2,1776367184.0,26.4,0.5960899530055628,123.0,11
ZERO_THREE_LEFT,2,1776367492.0,26.4,0.6395005376789245,123.5,10
ZERO_THREE_LEFT,2,1776372106.0,26.4,0.5018051761914586,164.5,2
ZERO_TWO_LEFT,1,1755803308.05,9.8,1.5192250877320335,401.0,2495
ZERO_TWO_LEFT,1,1755803497.0,9.8,1.3831702326086353,394.0,2624
ZERO_TWO_LEFT,1,1755804033.0,9.8,1.4028894593645587,394.0,2624
ZERO_TWO_LEFT,1,1755804081.0,9.8,0.9862859228443992,394.0,2624
ZERO_TWO_LEFT,1,1755804652.0,9.8,1.4405558348141803,394.0,2624
ZERO_TWO_LEFT,1,1755804700.0,9.8,1.5022527288010332,394.0,2624
ZERO_TWO_LEFT,1,1755805647.5,9.8,1.5841305107711938,394.0,2624
ZERO_TWO_LEFT,1,1755805769.25,9.8,1.395215365287956,394.0,2624
ZERO_TWO_LEFT,1,1755805854.5,9.8,1.5490847492500617,394.0,2624
ZERO_TWO_LEFT,1,1755809368.0,9.8,1.0660658324035766,391.0,2392
ZERO_TWO_LEFT,1,1755809421.0,9.8,1.4049957552359493,389.0,2289
ZERO_TWO_LEFT,1,1767641594.0,9.8,1.7265382609705593,770.0,309
ZERO_TWO_LEFT,1,1767641977.35,9.8,1.6323059715495103,770.0,309
ZERO_TWO_LEFT,1,1767643058.0,9.8,2.2133056107253672,770.0,309
ZERO_TWO_LEFT,1,1767643298.0,9.8,1.6252790122650593,770.0,309
ZERO_TWO_LEFT,1,1767643346.0,9.8,1.762110319056194,770.0,309
ZERO_TWO_LEFT,1,1767643515.6,9.8,3.291281613178489,770.0,309
ZERO_TWO_LEFT,1,1767643558.35,9.8,3.0599284647996976,770.0,309
ZERO_TWO_LEFT,1,1767645021.0,9.8,1.413945456677318,770.0,309
ZERO_TWO_LEFT,1,1767645069.0,9.8,1.7859704920317732,770.0,309
ZERO_TWO_LEFT,2,1755803308.05,9.8,1.5192250877320335,394.0,2624
ZERO_TWO_LEFT,2,1755803497.0,9.8,1.3831702326086353,394.0,2624
ZERO_TWO_LEFT,2,1755804033.0,9.8,1.4028894593645587,394.0,2624
ZERO_TWO_LEFT,2,1755804081.0,9.8,0.9862859228443992,394.0,2624
ZERO_TWO_LEFT,2,1755804652.0,9.8,1.4405558348141803,394.0,2624
ZERO_TWO_LEFT,2,1755804700.0,9.8,1.5022527288010332,394.0,2624
ZERO_TWO_LEFT,2,1755805647.5,9.8,1.5841305107711938,394.0,2624
ZERO_TWO_LEFT,2,1755805769.25,9.8,1.395215365287956,394.0,2624
ZERO_TWO_LEFT,2,1755805854.5,9.8,1.5490847492500617,394.0,2624
ZERO_TWO_LEFT,2,1755809368.0,9.8,1.0660658324035766,394.0,2624
ZERO_TWO_LEFT,2,1755809421.0,9.8,1.4049957552359493,394.0,2624
ZERO_TWO_LEFT,2,1767641594.0,9.8,1.7265382609705593,770.0,309
ZERO_TWO_LEFT,2,1767641977.35,9.8,1.6323059715495103,770.0,309
ZERO_TWO_LEFT,2,1767643058.0,9.8,2.2133056107253672,770.0,309
ZERO_TWO_LEFT,2,1767643298.0,9.8,1.6252790122650593,770.0,309
ZERO_TWO_LEFT,2,1767643346.0,9.8,1.762110319056194,770.0,309
ZERO_TWO_LEFT,2,1767643515.6,9.8,3.291281613178489,770.0,309
ZERO_TWO_LEFT,2,1767643558.35,9.8,3.0599284647996976,770.0,309
ZERO_TWO_LEFT,2,1767645021.0,9.8,1.413945456677318,770.0,309
ZERO_TWO_LEFT,2,1767645069.0,9.8,1.7859704920317732,770.0,309
ONE_THREE_RIGHT,1,1755809368.0,8.8,0.8826218759887169,297.0,558
ONE_THREE_RIGHT,1,1755809455.0,8.8,1.3420579568069109,297.0,558
ONE_THREE_RIGHT,1,1755810732.0,8.8,0.8508885777699242,297.0,558
ONE_THREE_RIGHT,2,1755803886.0,8.8,0.8182526206684857,297.0,558
ONE_THREE_RIGHT,2,1755804033.0,8.8,1.0879738317319771,297.0,558
ONE_THREE_RIGHT,2,1755804115.0,8.8,1.16608146649554,297.0,558
ONE_THREE_RIGHT,2,1755804652.0,8.8,1.0876573224476103,297.0,558
ONE_THREE_RIGHT,2,1755804734.0,8.8,1.1381644916756306,297.0,558
ONE_THREE_RIGHT,2,1755809368.0,8.8,0.8826218759887169,297.0,558
ONE_THREE_RIGHT,2,1755809455.0,8.8,1.3420579568069109,297.0,558
ONE_THREE_RIGHT,2,1755810732.0,8.8,0.8508885777699242,297.0,558
ZERO_TWO_RIGHT,1,1752713293.0,23.4,0.14854429728636784,128.0,208
ZERO_TWO_RIGHT,1,1752713546.0,23.4,0.18783312014246034,128.0,208
ZERO_TWO_RIGHT,1,1752713594.0,23.4,0.2320053098136089,128.0,208
ZERO_TWO_RIGHT,1,1752713860.0,23.4,0.21534750111468465,128.0,208
ZERO_TWO_RIGHT,1,1752713908.0,23.4,0.15891706719522936,128.0,208
ZERO_TWO_RIGHT,1,1752714203.75,23.4,0.2187368984765345,128.0,208
ZERO_TWO_RIGHT,1,1752714370.25,23.4,0.2595404752266831,128.0,208
ZERO_TWO_RIGHT,1,1752715072.75,23.4,0.12016746023914776,128.0,208
ZERO_TWO_RIGHT,1,1753906457.0,23.4,0.2679722352871575,63.0,128
ZERO_TWO_RIGHT,1,1753906505.0,23.4,0.2995626115911382,63.0,128
ZERO_TWO_RIGHT,1,1753909027.0,23.4,0.30424703934660574,63.0,128
ZERO_TWO_RIGHT,1,1753909075.0,23.4,0.3032894290074305,63.0,128
ZERO_TWO_RIGHT,1,1753909501.0,23.4,0.2035527658533819,63.0,128
ZERO_TWO_RIGHT,1,1755809368.0,23.4,0.25499395539758274,377.0,885
ZERO_TWO_RIGHT,1,1755809421.0,23.4,0.3594781811882452,377.0,885
ZERO_TWO_RIGHT,1,1755810236.0,23.4,0.24019422987336034,377.0,885
ZERO_TWO_RIGHT,2,1752713293.0,23.4,0.14854429728636784,128.0,208
ZERO_TWO_RIGHT,2,1752713546.0,23.4,0.18783312014246034,128.0,208
ZERO_TWO_RIGHT,2,1752713594.0,23.4,0.2320053098136089,128.0,208
ZERO_TWO_RIGHT,2,1752713860.0,23.4,0.21534750111468465,128.0,208
ZERO_TWO_RIGHT,2,1752713908.0,23.4,0.15891706719522936,128.0,208
ZERO_TWO_RIGHT,2,1752714203.75,23.4,0.2187368984765345,128.0,208
ZERO_TWO_RIGHT,2,1752714370.25,23.4,0.2595404752266831,128.0,208
ZERO_TWO_RIGHT,2,1752715072.75,23.4,0.12016746023914776,128.0,208
ZERO_TWO_RIGHT,2,1753905869.0,23.4,0.2835050489645185,63.0,128
ZERO_TWO_RIGHT,2,1753906457.0,23.4,0.2679722352871575,63.0,128
ZERO_TWO_RIGHT,2,1753906505.0,23.4,0.2995626115911382,63.0,128
ZERO_TWO_RIGHT,2,1753909027.0,23.4,0.30424703934660574,63.0,128
ZERO_TWO_RIGHT,2,1753909075.0,23.4,0.3032894290074305,63.0,128
ZERO_TWO_RIGHT,2,1753909501.0,23.4,0.2035527658533819,63.0,128
ZERO_TWO_RIGHT,2,1755803308.05,23.4,0.2932485125985933,358.0,543
ZERO_TWO_RIGHT,2,1755803886.0,23.4,0.3116280839053174,377.0,885
ZERO_TWO_RIGHT,2,1755804033.0,23.4,0.33960030980520167,377.0,885
ZERO_TWO_RIGHT,2,1755804081.0,23.4,0.3241280266822194,377.0,885
ZERO_TWO_RIGHT,2,1755804652.0,23.4,0.28265658538858107,377.0,885
ZERO_TWO_RIGHT,2,1755804700.0,23.4,0.23816123669765116,377.0,885
ZERO_TWO_RIGHT,2,1755809368.0,23.4,0.25499395539758274,377.0,885
ZERO_TWO_RIGHT,2,1755809421.0,23.4,0.3594781811882452,377.0,885
ZERO_TWO_RIGHT,2,1755810236.0,23.4,0.24019422987336034,377.0,885
