channel,t_psd,center_hz,psd_bandpower_uV2,lsb_nearest,offset_s
ZERO_THREE_RIGHT,1752695229.0,24.4,0.2880228266248652,54.0,171.0
ZERO_THREE_RIGHT,1752695469.0,24.4,0.4055532695658465,54.0,-69.0
ZERO_THREE_RIGHT,1752695969.75,24.4,0.19752599492413747,55.0,30.25
ZERO_THREE_RIGHT,1752713293.0,24.4,0.2323563062809451,54.0,107.0
ZERO_THREE_RIGHT,1752713546.0,24.4,0.3058978474146187,54.0,-146.0
ZERO_THREE_RIGHT,1752713860.0,24.4,0.23559812771221844,55.0,140.0
ZERO_THREE_RIGHT,1752714370.25,24.4,0.25045903767810196,54.0,229.75
ZERO_THREE_RIGHT,1752715072.75,24.4,0.2126326824941029,55.0,127.25
ZERO_THREE_RIGHT,1753054315.0,13.7,1.280411449148318,134.0,-14345.0
ZERO_THREE_RIGHT,1753054414.55,13.7,0.8323603040029148,134.0,-14444.549999952316
ZERO_THREE_RIGHT,1753291811.0,13.7,0.591136283138068,156.0,-1786.0
ZERO_THREE_RIGHT,1753291949.2,13.7,0.6828033660391548,156.0,-1924.2000000476837
ZERO_THREE_RIGHT,1753389184.0,13.7,0.7786836240601349,157.0,-1307.0
ZERO_THREE_RIGHT,1753389245.95,13.7,0.6847795939733534,157.0,-1368.9500000476837
ZERO_THREE_RIGHT,1753479823.0,13.7,1.3955937728433365,188.0,-5042.0
ZERO_THREE_RIGHT,1753479886.45,13.7,1.098441246164974,188.0,-5105.450000047684
ZERO_THREE_RIGHT,1753545330.0,13.7,0.7011461545703707,163.0,-2191.0
ZERO_THREE_RIGHT,1753545387.2,13.7,0.9424762053802086,163.0,-2248.2000000476837
ZERO_THREE_RIGHT,1753625590.0,13.7,0.8500775620958827,163.0,-82451.0
ZERO_THREE_RIGHT,1753625657.15,13.7,0.5663780395913314,163.0,-82518.15000009537
ZERO_THREE_RIGHT,1753629630.6,13.7,0.6144604589867837,163.0,-86491.59999990463
ZERO_THREE_RIGHT,1753715438.0,13.7,0.6775457287276968,163.0,-172299.0
ZERO_THREE_RIGHT,1753715504.1,13.7,0.6046930954021567,163.0,-172365.09999990463
ZERO_THREE_RIGHT,1753803594.0,13.7,0.7781503144487529,163.0,-260455.0
ZERO_THREE_RIGHT,1753803653.05,13.7,0.7574028785213929,163.0,-260514.04999995232
ZERO_THREE_RIGHT,1753804635.3,13.7,0.7501068848252057,163.0,-261496.29999995232
ZERO_THREE_RIGHT,1753809284.0,13.7,0.7527903193730544,163.0,-266145.0
ZERO_THREE_RIGHT,1753809330.8,13.7,0.5647043882617068,163.0,-266191.7999999523
ZERO_THREE_RIGHT,1753905869.0,23.4,0.2729985742855734,122.0,317147.0
ZERO_THREE_RIGHT,1753906457.0,23.4,0.3417043026684183,122.0,316559.0
ZERO_THREE_RIGHT,1753909027.0,23.4,0.2883324427010509,122.0,313989.0
ZERO_THREE_RIGHT,1754408830.0,23.4,0.3127741778855593,91.0,-1437.0
ZERO_THREE_RIGHT,1754408880.9,23.4,0.34351384463874673,91.0,-1487.9000000953674
ZERO_THREE_RIGHT,1754514803.0,23.4,0.2969160294956994,121.0,3203.0
ZERO_THREE_RIGHT,1754514868.55,23.4,0.32702808156381147,121.0,3137.4500000476837
ZERO_THREE_RIGHT,1754597026.0,23.4,0.31267509037845703,71.0,-1017.0
ZERO_THREE_RIGHT,1754597073.55,23.4,0.1789182213172043,71.0,-1064.5499999523163
ZERO_THREE_RIGHT,1754666941.0,23.4,0.4146699694424909,93.0,-1098.0
ZERO_THREE_RIGHT,1754667035.25,23.4,0.4610808674340375,93.0,-1192.25
ZERO_THREE_RIGHT,1754792936.55,23.4,0.4779795795276523,140.0,-1055.5499999523163
ZERO_THREE_RIGHT,1754841444.0,23.4,0.3955958575783586,85.0,-917.0
ZERO_THREE_RIGHT,1754841490.3,23.4,0.33414938610897243,85.0,-963.2999999523163
ZERO_THREE_RIGHT,1754843534.3,23.4,0.2888005574792274,85.0,-3007.2999999523163
ZERO_THREE_RIGHT,1754843717.8,23.4,0.3479860807893999,85.0,-3190.7999999523163
ZERO_THREE_RIGHT,1754966411.0,23.4,0.2637483647098759,85.0,-125884.0
ZERO_THREE_RIGHT,1754966464.75,23.4,0.405080807720943,85.0,-125937.75
ZERO_THREE_RIGHT,1755013629.0,23.4,0.4490336677096945,238.0,167227.0
ZERO_THREE_RIGHT,1755013683.3,23.4,0.5153103819568872,238.0,167172.70000004768
ZERO_THREE_RIGHT,1755200288.0,23.4,0.395269253229641,98.0,-2031.0
ZERO_THREE_RIGHT,1755200349.2,23.4,0.5768979286156309,98.0,-2092.2000000476837
ZERO_THREE_RIGHT,1755295317.0,23.4,0.7424095167010129,169.0,3161.0
ZERO_THREE_RIGHT,1755295372.8,23.4,1.8155285854081866,169.0,3105.2000000476837
ZERO_THREE_RIGHT,1755295404.8,23.4,0.7748812752339513,169.0,3073.2000000476837
ZERO_THREE_RIGHT,1755373155.0,23.4,0.2933543062014818,92.0,-874.0
ZERO_THREE_RIGHT,1755373209.85,23.4,0.3340089838404344,92.0,-928.8499999046326
ZERO_THREE_RIGHT,1755445578.0,23.4,0.5374983059287515,97.0,8611.0
ZERO_THREE_RIGHT,1755445632.5,23.4,0.39076736137548734,97.0,8556.5
ZERO_THREE_RIGHT,1755447005.0,23.4,0.5432832738246783,97.0,7184.0
ZERO_THREE_RIGHT,1755447051.5,23.4,0.5998597973477063,97.0,7137.5
ZERO_THREE_RIGHT,1755646739.0,23.4,0.5759712214409092,89.0,-720.0
ZERO_THREE_RIGHT,1755646784.7,23.4,0.37957894432484085,89.0,-765.7000000476837
ZERO_THREE_RIGHT,1755699552.0,23.4,0.4239620519119556,95.0,-1110.0
ZERO_THREE_RIGHT,1755699604.15,23.4,0.25092880700237913,95.0,-1162.1500000953674
ZERO_THREE_RIGHT,1755699958.6,23.4,0.28527347128830205,95.0,-1516.5999999046326
ZERO_THREE_RIGHT,1755710150.0,23.4,0.3216785078380341,108.0,3691.0
ZERO_THREE_RIGHT,1755710208.2,23.4,0.35915609384814234,108.0,3632.7999999523163
ZERO_THREE_RIGHT,1755803308.05,23.4,0.2817468066888288,94.0,-664.0499999523163
ZERO_THREE_RIGHT,1755803886.0,23.4,0.32983710728057775,94.0,-1242.0
ZERO_THREE_RIGHT,1755804033.0,23.4,0.3592112796531399,94.0,-1389.0
ZERO_THREE_RIGHT,1755804652.0,8.8,1.3901390577524664,413.0,995.75
ZERO_THREE_RIGHT,1755805647.5,8.8,1.0565740305163034,413.0,0.25
ZERO_THREE_RIGHT,1755805769.25,8.8,1.0519914013446166,396.0,0.25
ZERO_THREE_RIGHT,1755805854.5,8.8,1.5842194359669493,333.0,0.25
ZERO_THREE_RIGHT,1755807096.25,8.8,1.3141778654166152,20900.0,0.25
ZERO_THREE_RIGHT,1755807145.5,8.8,1.9064628342642838,601.0,0.25
ZERO_THREE_RIGHT,1755807556.75,8.8,1.152761498946678,294.0,1.0
ZERO_THREE_RIGHT,1755809368.0,8.8,1.3452547786134035,506.0,185.0
ZERO_THREE_RIGHT,1755809552.0,8.8,1.0549581247550701,506.0,1.0
ZERO_THREE_RIGHT,1755893201.0,23.4,0.4097074940800778,378.0,-1137.0
ZERO_THREE_RIGHT,1755893268.5,23.4,0.27269923140059604,378.0,-1204.5
ZERO_THREE_RIGHT,1755965888.0,7.8,1.9152836061917229,500.0,-798.0
ZERO_THREE_RIGHT,1755965935.4,7.8,2.255048864121853,500.0,-845.4000000953674
ZERO_THREE_RIGHT,1756144928.0,7.8,1.419402918957867,477.0,-1160.0
ZERO_THREE_RIGHT,1756144976.15,7.8,1.9759758582959581,477.0,-1208.1500000953674
ZERO_THREE_RIGHT,1756233495.0,7.8,1.3094586021368402,491.0,-777.0
ZERO_THREE_RIGHT,1756233542.8,7.8,1.7284122313471348,491.0,-824.7999999523163
ZERO_THREE_RIGHT,1756311857.0,7.8,1.6031260360283406,654.0,-3754.0
ZERO_THREE_RIGHT,1756311932.4,7.8,1.9463027010422105,654.0,-3829.4000000953674
ZERO_THREE_RIGHT,1756395679.0,7.8,1.383345646493349,638.0,-1226.0
ZERO_THREE_RIGHT,1756395731.9,7.8,2.346119734508391,638.0,-1278.9000000953674
ZERO_THREE_RIGHT,1756482749.0,8.8,1.2502024271054453,361.0,-1330.0
ZERO_THREE_RIGHT,1756482804.1,8.8,1.4671891181790604,361.0,-1385.0999999046326
ZERO_THREE_RIGHT,1756573715.45,8.8,1.520547791906969,353.0,-1197.4500000476837
ZERO_THREE_RIGHT,1756661722.0,8.8,1.3644527269875764,298.0,-1938.0
ZERO_THREE_RIGHT,1756661769.1,8.8,1.563950032500325,298.0,-1985.0999999046326
ZERO_THREE_RIGHT,1756741759.0,8.8,1.4686880044662909,432.0,-996.0
ZERO_THREE_RIGHT,1756741805.45,8.8,1.6299942288164373,432.0,-1042.4500000476837
ZERO_THREE_RIGHT,1756846795.0,8.8,1.7072267299732258,628.0,-719.0
ZERO_THREE_RIGHT,1756846890.85,8.8,1.6042488970288835,628.0,-814.8499999046326
ZERO_THREE_RIGHT,1756925347.0,8.8,1.6110640537006993,465.0,-728.0
ZERO_THREE_RIGHT,1756925404.9,8.8,2.2105086535458804,465.0,-785.9000000953674
ZERO_THREE_RIGHT,1757012063.65,8.8,1.5818745878616083,358.0,-967.6500000953674
ZERO_THREE_RIGHT,1757013010.0,8.8,0.9654727545964464,358.0,-1914.0
ZERO_THREE_RIGHT,1757013158.0,8.8,1.2541033420417267,407.0,1871.8499999046326
ZERO_THREE_RIGHT,1757013476.0,8.8,1.5560725324836553,407.0,1553.8499999046326
ZERO_THREE_RIGHT,1757015027.6,8.8,1.2684459027176507,407.0,2.25
ZERO_THREE_RIGHT,1757015068.1,8.8,1.324291781552109,27453.0,1.25
ZERO_THREE_RIGHT,1757015242.85,8.8,1.4105251199123945,307.0,1.25
ZERO_THREE_RIGHT,1757015460.85,8.8,1.156092325247371,416.0,1.25
ZERO_THREE_RIGHT,1757015489.85,8.8,0.6752407720254432,329.0,1.25
ZERO_THREE_RIGHT,1757015533.0,8.8,1.0995775092035736,236.0,-30.40000009536743
ZERO_THREE_RIGHT,1757015675.85,8.8,1.3079994921352056,7578.0,1.25
ZERO_THREE_RIGHT,1757016238.0,8.8,1.5792245019296096,233.0,-173.90000009536743
ZERO_THREE_RIGHT,1757018498.0,8.8,1.2795663496327483,585.0,1739.0
ZERO_THREE_RIGHT,1757019824.0,8.8,1.0646775727905227,585.0,413.0
ZERO_THREE_RIGHT,1757020081.0,8.8,1.1673827012828517,585.0,156.0
ZERO_THREE_RIGHT,1757020236.0,8.8,1.6236652465027306,585.0,1.0
ZERO_THREE_RIGHT,1757020251.0,8.8,1.304355617197388,407.0,0.0
ZERO_THREE_RIGHT,1757020276.0,8.8,1.1537897536621997,297.0,0.0
ZERO_THREE_RIGHT,1757020453.0,8.8,1.1407801541177462,312.0,1.0
ZERO_THREE_RIGHT,1757081970.8,8.8,1.4959342455789146,402.0,-1003.7999999523163
ZERO_THREE_RIGHT,1757175583.0,11.7,1.0676227320665874,403.0,-2335.0
ZERO_THREE_RIGHT,1757175637.2,11.7,0.9069860115562945,403.0,-2389.2000000476837
ZERO_THREE_RIGHT,1757259890.0,11.7,2.8354727773647594,401.0,-87.0
ZERO_THREE_RIGHT,1757260165.0,11.7,2.8354727773647594,461.0,238.0
ZERO_THREE_RIGHT,1757282319.0,11.7,1.68648988923601,381.0,-971.0
ZERO_THREE_RIGHT,1757282388.6,11.7,2.433911169090549,381.0,-1040.5999999046326
ZERO_THREE_RIGHT,1757446374.0,11.7,1.5877203528550132,812.0,-798.0
ZERO_THREE_RIGHT,1757446429.6,11.7,1.9705873660323103,812.0,-853.5999999046326
ZERO_THREE_RIGHT,1757524485.0,11.7,2.8897107697537123,1124.0,12947.0
ZERO_THREE_RIGHT,1757524760.0,11.7,2.8897107697537123,1124.0,12672.0
ZERO_THREE_RIGHT,1757525615.15,11.7,1.037347633187439,1124.0,11816.849999904633
ZERO_THREE_RIGHT,1757534891.0,11.7,1.6551796377142822,1124.0,2541.0
ZERO_THREE_RIGHT,1757534944.0,11.7,1.2179791041439907,1124.0,2488.0
ZERO_THREE_RIGHT,1757638037.0,11.7,0.9172185800219153,321.0,-829.0
ZERO_THREE_RIGHT,1757638555.7,11.7,0.704513935127238,321.0,-1347.7000000476837
ZERO_THREE_RIGHT,1757638694.45,11.7,1.045461063243038,321.0,-1486.4500000476837
ZERO_THREE_RIGHT,1757697570.0,11.7,1.3823298096241525,519.0,-1175.0
ZERO_THREE_RIGHT,1757697621.8,11.7,1.4901460884004094,519.0,-1226.7999999523163
ZERO_THREE_RIGHT,1757786183.0,11.7,1.263493045342012,424.0,-726.0
ZERO_THREE_RIGHT,1757786233.75,11.7,1.086571323418145,424.0,-776.75
ZERO_THREE_RIGHT,1757787270.25,11.7,1.356113920552543,424.0,-1813.25
ZERO_THREE_RIGHT,1757874346.0,11.7,2.8343544682433377,363.0,-491.0
ZERO_THREE_RIGHT,1757874460.0,11.7,2.8343544682433377,363.0,-605.0
ZERO_THREE_RIGHT,1757874526.0,11.7,2.8343544682433377,363.0,-671.0
ZERO_THREE_RIGHT,1757874621.0,11.7,2.8343544682433377,363.0,-766.0
ZERO_THREE_RIGHT,1757875299.0,11.7,0.9811461869534279,363.0,-1444.0
ZERO_THREE_RIGHT,1757875360.4,11.7,1.136831215551813,363.0,-1505.4000000953674
ZERO_THREE_RIGHT,1757970484.0,8.8,1.9760463655158413,537.0,-1000.0
ZERO_THREE_RIGHT,1757970532.7,8.8,1.871928012298793,537.0,-1048.7000000476837
ZERO_THREE_RIGHT,1758042868.0,11.7,1.3004865762402533,974.0,2017.0
ZERO_THREE_RIGHT,1758042915.35,11.7,1.126313383371087,974.0,1969.6500000953674
ZERO_THREE_RIGHT,1758124145.0,11.7,1.5668009495725421,715.0,-813.0
ZERO_THREE_RIGHT,1758124190.9,11.7,2.1792890680777384,715.0,-858.9000000953674
ZERO_THREE_RIGHT,1758216797.0,8.8,9.57724073701645,545.0,1150.75
ZERO_THREE_RIGHT,1758216975.0,8.8,2.227262684003786,545.0,972.75
ZERO_THREE_RIGHT,1758217549.0,8.8,1.9361787342073908,545.0,398.75
ZERO_THREE_RIGHT,1758217763.0,8.8,1.8845541698010235,545.0,184.75
ZERO_THREE_RIGHT,1758217946.5,8.8,12.464369861859598,545.0,1.25
ZERO_THREE_RIGHT,1758218911.0,8.8,1.8456588931627924,252.0,1.25
ZERO_THREE_RIGHT,1758219004.0,8.8,1.6027323136059928,385.0,1.25
ZERO_THREE_RIGHT,1758219888.5,8.8,2.882413536727635,421.0,1.25
ZERO_THREE_RIGHT,1758219922.75,8.8,1.8694129448860184,533.0,1.25
ZERO_THREE_RIGHT,1758220645.75,8.8,3.0196513676464303,715.0,2.25
ZERO_THREE_RIGHT,1758220736.75,8.8,2.801420759156043,369.0,1.25
ZERO_THREE_RIGHT,1758220775.0,8.8,4.450952104735254,470.0,1.0
ZERO_THREE_RIGHT,1758220800.75,8.8,3.6446425216587275,661.0,1.25
ZERO_THREE_RIGHT,1758415611.0,10.7,1.837568595540587,507.0,-828.0
ZERO_THREE_RIGHT,1758415664.55,10.7,1.5576075818461814,507.0,-881.5499999523163
ZERO_THREE_RIGHT,1758482034.0,10.7,1.7806438352706222,717.0,-965.0
ZERO_THREE_RIGHT,1758482081.75,10.7,1.7758935342390574,717.0,-1012.75
ZERO_THREE_RIGHT,1758640251.0,10.7,1.129087090562716,648.0,-745.0
ZERO_THREE_RIGHT,1758640311.15,10.7,1.334481930805666,648.0,-805.1500000953674
ZERO_THREE_RIGHT,1758737856.0,10.7,1.4498744913345167,443.0,-859.0
ZERO_THREE_RIGHT,1758737902.2,10.7,1.3198151994299883,443.0,-905.2000000476837
ZERO_THREE_RIGHT,1758814944.0,10.7,1.166262397173632,688.0,-1144.0
ZERO_THREE_RIGHT,1758814998.55,10.7,2.924036046839431,688.0,-1198.5499999523163
ZERO_THREE_RIGHT,1758901175.0,10.7,1.3412543382688618,727.0,-894.0
ZERO_THREE_RIGHT,1758901230.2,10.7,2.193167779676443,727.0,-949.2000000476837
ZERO_THREE_RIGHT,1758989044.0,10.7,3.1521283234065463,787.0,-909.0
ZERO_THREE_RIGHT,1758989091.45,10.7,2.7173698045901027,787.0,-956.4500000476837
ZERO_THREE_RIGHT,1759182634.0,10.7,2.265687386070699,1146.0,1053.0
ZERO_THREE_RIGHT,1759182701.3,10.7,1.8602486938552245,1146.0,985.7000000476837
ZERO_THREE_RIGHT,1759249518.0,10.7,2.9868604819936793,762.0,-1029.0
ZERO_THREE_RIGHT,1759249566.8,10.7,1.8698583868119596,762.0,-1077.7999999523163
ZERO_THREE_RIGHT,1759339071.0,10.7,2.132742541918592,689.0,962.0
ZERO_THREE_RIGHT,1759339163.45,10.7,1.8340156808727315,689.0,869.5499999523163
ZERO_THREE_RIGHT,1759429368.0,10.7,1.175283610366143,592.0,-1409.0
ZERO_THREE_RIGHT,1759429850.35,10.7,1.547229439090101,592.0,-1891.3499999046326
ZERO_THREE_RIGHT,1759430733.0,8.8,2.387586918021669,344.0,2246.0499999523163
ZERO_THREE_RIGHT,1759430946.0,8.8,7.084655981347015,344.0,2033.0499999523163
ZERO_THREE_RIGHT,1759431967.0,8.8,1.6865389489255598,344.0,1012.0499999523163
ZERO_THREE_RIGHT,1759432978.8,8.8,4.2782023252630985,344.0,0.25
ZERO_THREE_RIGHT,1759433493.0,8.8,2.2812758700473394,781.0,0.04999995231628418
ZERO_THREE_RIGHT,1759433493.0,8.8,1.9998732719539003,781.0,0.04999995231628418
ZERO_THREE_RIGHT,1759433629.0,8.8,2.206089951261039,378.0,-0.20000004768371582
ZERO_THREE_RIGHT,1759433682.0,8.8,5.856666829447403,375.0,-0.20000004768371582
ZERO_THREE_RIGHT,1759433683.0,8.8,2.4605180248923046,375.0,-0.20000004768371582
ZERO_THREE_RIGHT,1759433724.0,8.8,2.505664329751461,467.0,-0.20000004768371582
ZERO_THREE_RIGHT,1759433760.0,8.8,4.036309533865393,107707.0,0.5499999523162842
ZERO_THREE_RIGHT,1759433760.0,8.8,5.418505799337542,107707.0,0.5499999523162842
ZERO_THREE_RIGHT,1759433762.0,8.8,3840.0540312006656,107707.0,0.04999995231628418
ZERO_THREE_RIGHT,1759433765.0,8.8,2.4648618322847886,425.0,0.04999995231628418
ZERO_THREE_RIGHT,1759433802.0,8.8,10.714139341820093,397.0,-0.20000004768371582
ZERO_THREE_RIGHT,1759433803.0,8.8,1.6828249139714118,397.0,-0.20000004768371582
ZERO_THREE_RIGHT,1759434324.0,8.8,7.577783559003466,2779.0,-80.70000004768372
ZERO_THREE_RIGHT,1759434447.0,8.8,1.7715129288882805,627.0,1.0
ZERO_THREE_RIGHT,1759434638.0,8.8,1.9093101680405553,747.0,0.0
ZERO_THREE_RIGHT,1759434937.0,8.8,6.613643685380916,670.0,0.0
ZERO_THREE_RIGHT,1759435719.0,8.8,3.39215534488193,979.0,1.0
ZERO_THREE_RIGHT,1759435787.0,8.8,4.446779612861224,4980.0,1.0
ZERO_THREE_RIGHT,1759436369.0,8.8,2.1754430363246477,1339.0,0.0
ZERO_THREE_RIGHT,1759436420.0,8.8,2.326567121653757,2462.0,1.0
ZERO_THREE_RIGHT,1759699605.0,10.7,1.7062425960609189,1017.0,-1756.0
ZERO_THREE_RIGHT,1759699655.75,10.7,2.414162438697266,1017.0,-1806.75
ZERO_THREE_RIGHT,1759798385.0,9.8,1.2232106016017714,683.0,1856.0
ZERO_THREE_RIGHT,1759798430.25,9.8,1.4772087745494082,683.0,1810.75
ZERO_THREE_RIGHT,1759877986.0,9.8,5.082714956861697,727.0,-206.0
ZERO_THREE_RIGHT,1759878081.0,9.8,5.082714956861697,901.0,299.0
ZERO_THREE_RIGHT,1759943625.0,9.8,3.8262946589444,711.0,20.0
ZERO_THREE_RIGHT,1759943720.0,9.8,3.8262946589444,711.0,-75.0
ZERO_THREE_RIGHT,1759953267.0,9.8,1.347713987394342,486.0,-1222.0
ZERO_THREE_RIGHT,1759953393.4,9.8,1.9493871791490347,528.0,1156.5999999046326
ZERO_THREE_RIGHT,1759953761.65,9.8,1.780910717499924,528.0,788.3499999046326
ZERO_THREE_RIGHT,1760058342.0,9.8,2.4792790254943275,517.0,-1189.0
ZERO_THREE_RIGHT,1760058395.05,9.8,1.6404549547557226,517.0,-1242.0499999523163
ZERO_THREE_RIGHT,1760112968.0,9.8,3.0248150530179876,710.0,-1009.0
ZERO_THREE_RIGHT,1760113046.0,9.8,2.2361467904425756,710.0,-1087.0
ZERO_THREE_RIGHT,1760200375.0,9.8,2.0608007294015094,600.0,-55137.0
ZERO_THREE_RIGHT,1760200423.05,9.8,1.9084359024311812,600.0,-55185.049999952316
ZERO_THREE_RIGHT,1760315307.0,8.8,1.141429012139175,1102.0,151856.0
ZERO_THREE_RIGHT,1760315354.3,8.8,1.3566731687231885,1102.0,151808.70000004768
ZERO_THREE_RIGHT,1760379583.0,8.8,1.2734307136696557,1102.0,87580.0
ZERO_THREE_RIGHT,1760379654.1,8.8,1.3073412232124257,1102.0,87508.90000009537
ZERO_THREE_RIGHT,1760466005.0,8.8,1.7891308490068585,1102.0,1158.0
ZERO_THREE_RIGHT,1760466391.5,8.8,1.7214173325804718,1102.0,771.5
ZERO_THREE_RIGHT,1760466834.0,8.8,1.7557031187668084,1102.0,329.0
ZERO_THREE_RIGHT,1760467162.75,8.8,1.2770807540760718,1102.0,0.25
ZERO_THREE_RIGHT,1760467262.25,8.8,1.4197460226924339,351829.0,0.0
ZERO_THREE_RIGHT,1760467912.0,8.8,1.3217978966305475,521.0,-1.25
ZERO_THREE_RIGHT,1760468504.5,8.8,1.693986714263477,731.0,-1.5
ZERO_THREE_RIGHT,1760468852.5,8.8,4.921549890094495,552.0,-1.5
ZERO_THREE_RIGHT,1760469532.5,8.8,4.501255261496337,641.0,5.5
ZERO_THREE_RIGHT,1760469538.75,8.8,2.953561552236921,641.0,-0.75
ZERO_THREE_RIGHT,1760469588.25,8.8,1.4762544588728685,476.0,-0.75
ZERO_THREE_RIGHT,1760470029.0,8.8,1.6069477980476135,682.0,-227.25
ZERO_THREE_RIGHT,1760470439.0,8.8,1.233198277926888,334.0,415.5
ZERO_THREE_RIGHT,1760470852.0,8.8,1.1195905820790728,334.0,2.5
ZERO_THREE_RIGHT,1760470865.0,8.8,2.440089406962413,273.0,-0.5
ZERO_THREE_RIGHT,1760471201.0,8.8,2.3813101708049906,455.0,1.0
ZERO_THREE_RIGHT,1760471256.0,8.8,1.1093367502779086,635.0,-1.5
ZERO_THREE_RIGHT,1760471264.0,8.8,1.7673513506116443,433.0,-1.5
ZERO_THREE_RIGHT,1760471728.0,8.8,3.3218439860679507,631.0,0.0
ZERO_THREE_RIGHT,1760471729.0,8.8,1.3610624323502676,631.0,-1.0
ZERO_THREE_RIGHT,1760471944.0,8.8,1.4392548194618888,428.0,0.0
ZERO_THREE_RIGHT,1760472312.0,8.8,1.5776628799566337,502.0,1.0
ZERO_THREE_RIGHT,1760472378.0,8.8,0.7919722910617268,464.0,-0.5
ZERO_THREE_RIGHT,1760472379.0,8.8,1.3228203207050997,464.0,-1.5
ZERO_THREE_RIGHT,1760472388.0,8.8,2.081989813357572,3812.0,1.0
ZERO_THREE_RIGHT,1760472500.0,8.8,1.557281283144138,486.0,0.0
ZERO_THREE_RIGHT,1760472704.0,8.8,3.204468690705278,598.0,1.0
ZERO_THREE_RIGHT,1760472712.0,8.8,2.8351500188569285,564.0,1.0
ZERO_THREE_RIGHT,1760472883.0,8.8,2.062626087654009,637.0,0.0
ZERO_THREE_RIGHT,1760473380.0,8.8,2.5855617617437914,520.0,172.5
ZERO_THREE_RIGHT,1760473551.0,8.8,1.3929233335571969,520.0,1.5
ZERO_THREE_RIGHT,1760473591.0,8.8,1.2220376463040412,403.0,0.0
ZERO_THREE_RIGHT,1760577532.0,7.8,3.1498698090206183,801.0,-816.0
ZERO_THREE_RIGHT,1760577580.05,7.8,3.0221861553798632,801.0,-864.0499999523163
ZERO_THREE_RIGHT,1760578118.55,8.8,5.200056220693649,1075.0,832.4500000476837
ZERO_THREE_RIGHT,1760630765.0,8.8,4.931026172260464,3244.0,-812.0
ZERO_THREE_RIGHT,1760630812.0,8.8,3.919153124989782,3244.0,-859.0
ZERO_THREE_RIGHT,1760717838.0,8.8,2.310799872728765,8777.0,-815.0
ZERO_THREE_RIGHT,1760717973.7,8.8,2.3506796091864284,8777.0,-950.7000000476837
ZERO_THREE_RIGHT,1760833216.0,8.8,1.8931044199310492,8777.0,-116193.0
ZERO_THREE_RIGHT,1760833262.2,8.8,1.2633392163190358,8777.0,-116239.20000004768
ZERO_THREE_RIGHT,1760998714.0,8.8,1.7556634197121872,411.0,90465.95000004768
ZERO_THREE_RIGHT,1760998763.45,8.8,1.5473204544302364,411.0,90416.5
ZERO_THREE_RIGHT,1761088577.0,8.8,1.4928622584107762,411.0,602.9500000476837
ZERO_THREE_RIGHT,1761088937.0,8.8,1.3713351176955366,411.0,242.95000004768372
ZERO_THREE_RIGHT,1761089179.95,8.8,1.494430291665593,411.0,0.0
ZERO_THREE_RIGHT,1761089262.45,8.8,1.1370242456317494,349.0,0.0
ZERO_THREE_RIGHT,1761089862.0,8.8,0.7465353212560525,242.0,1.5
ZERO_THREE_RIGHT,1761089974.0,8.8,1.4006335756761101,323.0,1.0
ZERO_THREE_RIGHT,1761090661.0,8.8,1.5684758322270649,184.0,3.0
ZERO_THREE_RIGHT,1761091498.0,8.8,1.4252845548338589,322.0,0.0
ZERO_THREE_RIGHT,1761092844.0,8.8,2.9981867545316185,381.0,43.0
ZERO_THREE_RIGHT,1761092939.0,8.8,2.9981867545316185,381.0,-52.0
ZERO_THREE_RIGHT,1761092955.0,8.8,2.6710813365157664,381.0,-68.0
ZERO_THREE_RIGHT,1761093050.0,8.8,2.6710813365157664,381.0,-163.0
ZERO_THREE_RIGHT,1761095799.0,8.8,3.0529839014812827,335.0,88.0
ZERO_THREE_RIGHT,1761095894.0,8.8,3.0529839014812827,335.0,-7.0
ZERO_THREE_RIGHT,1761096112.0,8.8,3.270495025597806,335.0,-225.0
ZERO_THREE_RIGHT,1761096207.0,8.8,3.270495025597806,337.0,280.0
ZERO_THREE_RIGHT,1761109354.0,8.8,3.162578195380611,388.0,-267.0
ZERO_THREE_RIGHT,1761109449.0,8.8,3.162578195380611,384.0,238.0
ZERO_THREE_RIGHT,1761152957.0,8.8,3.651838436002611,446.0,-659.0
ZERO_THREE_RIGHT,1761152957.0,8.8,3.651838436002611,446.0,-659.0
ZERO_THREE_RIGHT,1761153052.0,8.8,3.651838436002611,446.0,-754.0
ZERO_THREE_RIGHT,1761153159.0,8.8,3.8173481859730254,446.0,-861.0
ZERO_THREE_RIGHT,1761153159.0,8.8,3.8173481859730254,446.0,-861.0
ZERO_THREE_RIGHT,1761153254.0,8.8,3.8173481859730254,446.0,-956.0
ZERO_THREE_RIGHT,1761167827.0,8.8,3.2173753423302753,322.0,-112.0
ZERO_THREE_RIGHT,1761167922.0,8.8,3.2173753423302753,322.0,-207.0
ZERO_THREE_RIGHT,1761167942.0,8.8,2.8343544682433373,322.0,-227.0
ZERO_THREE_RIGHT,1761168037.0,8.8,2.8343544682433373,332.0,278.0
ZERO_THREE_RIGHT,1761247087.0,8.8,1.2995348033825047,377.0,-1097.0
ZERO_THREE_RIGHT,1761247282.7,8.8,1.5105005020142226,377.0,-1292.7000000476837
ZERO_THREE_RIGHT,1761267529.0,9.8,3.1709655137912742,356.0,94.0
ZERO_THREE_RIGHT,1761267624.0,9.8,3.1709655137912742,356.0,-1.0
ZERO_THREE_RIGHT,1761267736.0,9.8,3.8262946589443994,356.0,-113.0
ZERO_THREE_RIGHT,1761267831.0,9.8,3.8262946589443994,356.0,-208.0
ZERO_THREE_RIGHT,1761320215.0,9.8,4.209315533031337,449.0,210.0
ZERO_THREE_RIGHT,1761320310.0,9.8,4.209315533031337,449.0,115.0
ZERO_THREE_RIGHT,1761320338.0,9.8,9.621931680712441,449.0,87.0
ZERO_THREE_RIGHT,1761320433.0,9.8,9.621931680712441,449.0,-8.0
ZERO_THREE_RIGHT,1761344793.0,9.8,3.3347978000795555,1320.0,232.0
ZERO_THREE_RIGHT,1761344888.0,9.8,3.3347978000795555,1320.0,137.0
ZERO_THREE_RIGHT,1761345080.0,9.8,6.014825609566697,1320.0,-55.0
ZERO_THREE_RIGHT,1761345175.0,9.8,6.014825609566697,1320.0,-150.0
ZERO_THREE_RIGHT,1761347609.0,9.8,3.8816509604547744,488.0,-184.0
ZERO_THREE_RIGHT,1761347704.0,9.8,3.8816509604547744,488.0,-279.0
ZERO_THREE_RIGHT,1761348029.0,9.8,3.3895949470292193,425.0,-4.0
ZERO_THREE_RIGHT,1761348124.0,9.8,3.3895949470292193,425.0,-99.0
ZERO_THREE_RIGHT,1761348271.0,9.8,3.1709655137912742,425.0,-246.0
ZERO_THREE_RIGHT,1761348366.0,9.8,3.1709655137912742,418.0,259.0
ZERO_THREE_RIGHT,1761348515.0,9.8,2.8975389336036645,418.0,110.0
ZERO_THREE_RIGHT,1761348610.0,9.8,2.8975389336036645,418.0,15.0
ZERO_THREE_RIGHT,1761411351.0,9.8,4.318350672369954,5003.0,145.0
ZERO_THREE_RIGHT,1761411446.0,9.8,4.318350672369954,5003.0,50.0
ZERO_THREE_RIGHT,1761413329.0,9.8,16.951329662510364,8961.0,-33.0
ZERO_THREE_RIGHT,1761413424.0,9.8,16.951329662510364,8961.0,-128.0
ZERO_THREE_RIGHT,1761417187.0,9.8,2.842741786654001,1289.0,-291.0
ZERO_THREE_RIGHT,1761417262.0,9.8,4.264112679981001,3325.0,234.0
ZERO_THREE_RIGHT,1761417282.0,9.8,2.842741786654001,3325.0,214.0
ZERO_THREE_RIGHT,1761417357.0,9.8,4.264112679981001,3325.0,139.0
ZERO_THREE_RIGHT,1761505345.0,9.8,3.9912452543541024,12428.0,-237.0
ZERO_THREE_RIGHT,1761505440.0,9.8,3.9912452543541024,4013.0,268.0
ZERO_THREE_RIGHT,1761505479.0,9.8,20.277180989618547,4013.0,229.0
ZERO_THREE_RIGHT,1761505574.0,9.8,20.277180989618547,4013.0,134.0
ZERO_THREE_RIGHT,1761614260.0,9.8,3.3890357924685093,765.0,391.0
ZERO_THREE_RIGHT,1761614355.0,9.8,3.3890357924685093,765.0,296.0
ZERO_THREE_RIGHT,1761614525.0,9.8,3.608224380267165,765.0,126.0
ZERO_THREE_RIGHT,1761614620.0,9.8,3.608224380267165,765.0,31.0
ZERO_THREE_RIGHT,1761671401.0,9.8,3.0608120653312354,9978.0,252.0
ZERO_THREE_RIGHT,1761671496.0,9.8,3.0608120653312354,9978.0,157.0
ZERO_THREE_RIGHT,1761671506.0,9.8,3.662462372656118,9978.0,147.0
ZERO_THREE_RIGHT,1761671601.0,9.8,3.662462372656118,9978.0,52.0
ZERO_THREE_RIGHT,1761682148.0,9.8,3.8805326513333527,3213.0,-295.0
ZERO_THREE_RIGHT,1761682243.0,9.8,3.8805326513333527,1065.0,210.0
ZERO_THREE_RIGHT,1761682244.0,9.8,4.866322141866595,1065.0,209.0
ZERO_THREE_RIGHT,1761682339.0,9.8,4.866322141866595,1065.0,114.0
ZERO_THREE_RIGHT,1761701526.0,9.8,3.9906860997933915,1463.0,128.0
ZERO_THREE_RIGHT,1761701621.0,9.8,3.9906860997933915,1463.0,33.0
ZERO_THREE_RIGHT,1761701648.0,9.8,3.5528680787567897,1463.0,6.0
ZERO_THREE_RIGHT,1761701743.0,9.8,3.5528680787567897,1463.0,-89.0
ZERO_THREE_RIGHT,1761773044.0,9.8,4.482182958658235,3651.0,-888.0
ZERO_THREE_RIGHT,1761773139.0,9.8,4.482182958658235,3651.0,-983.0
ZERO_THREE_RIGHT,1761847372.0,9.8,4.8115249949169305,1516.0,142.0
ZERO_THREE_RIGHT,1761847467.0,9.8,4.8115249949169305,1516.0,47.0
ZERO_THREE_RIGHT,1761848473.0,9.8,7.575046578788663,1516.0,-959.0
ZERO_THREE_RIGHT,1761848611.0,9.8,1.32075516975193,1516.0,-1097.0
ZERO_THREE_RIGHT,1761849085.0,9.8,2.5443231101346586,1516.0,-1571.0
ZERO_THREE_RIGHT,1761849513.25,9.8,1.7870817319219174,1516.0,-1999.25
ZERO_THREE_RIGHT,1761852296.7,8.8,2.168810321999437,1144.0,919.5
ZERO_THREE_RIGHT,1761853215.95,8.8,1.2184936949437815,1144.0,0.25
ZERO_THREE_RIGHT,1761853236.2,8.8,4.129839966278602,375.0,0.25
ZERO_THREE_RIGHT,1761853676.2,8.8,1.4256661696230675,1314.0,0.25
ZERO_THREE_RIGHT,1761854548.0,8.8,3.739076813079482,1324.0,1.0
ZERO_THREE_RIGHT,1761855605.0,8.8,5.915020753949719,4953.0,1.0
ZERO_THREE_RIGHT,1761926759.0,9.8,3.334238645518845,887.0,190.0
ZERO_THREE_RIGHT,1761926798.0,9.8,3.608224380267165,887.0,151.0
ZERO_THREE_RIGHT,1761926854.0,9.8,3.334238645518845,887.0,95.0
ZERO_THREE_RIGHT,1761926893.0,9.8,3.608224380267165,887.0,56.0
ZERO_THREE_RIGHT,1761927324.0,9.8,3.990126945232681,1453.0,225.0
ZERO_THREE_RIGHT,1761927419.0,9.8,3.990126945232681,1453.0,130.0
ZERO_THREE_RIGHT,1761952409.0,9.8,11.809903476774027,2375.0,-259.0
ZERO_THREE_RIGHT,1761952504.0,9.8,11.809903476774027,5666.0,246.0
ZERO_THREE_RIGHT,1761960224.0,9.8,5.35837815529215,2830.0,-2695.0
ZERO_THREE_RIGHT,1762016425.0,8.8,6.103731184719722,2290.0,-468.0
ZERO_THREE_RIGHT,1762016520.0,8.8,6.103731184719722,2290.0,-563.0
ZERO_THREE_RIGHT,1762016693.0,8.8,5.9946960453811045,2290.0,-736.0
ZERO_THREE_RIGHT,1762016788.0,8.8,5.9946960453811045,2290.0,-831.0
ZERO_THREE_RIGHT,1762031022.0,8.8,4.906581270237775,2290.0,-15065.0
ZERO_THREE_RIGHT,1762031117.0,8.8,4.906581270237775,2290.0,-15160.0
ZERO_THREE_RIGHT,1762031224.0,8.8,3.2704950255978065,2290.0,-15267.0
ZERO_THREE_RIGHT,1762031319.0,8.8,3.2704950255978065,2290.0,-15362.0
ZERO_THREE_RIGHT,1762045195.0,8.8,3.2704950255978065,2290.0,-29238.0
ZERO_THREE_RIGHT,1762045305.0,8.8,3.7066355829522752,2290.0,-29348.0
ZERO_THREE_RIGHT,1762104018.0,8.8,9.869077996546636,2926.0,70962.0
ZERO_THREE_RIGHT,1762104192.0,8.8,8.06580453825412,2926.0,70788.0
ZERO_THREE_RIGHT,1762120753.0,8.8,4.3614055735446895,2926.0,54227.0
ZERO_THREE_RIGHT,1762120848.0,8.8,4.3614055735446895,2926.0,54132.0
ZERO_THREE_RIGHT,1762120915.0,8.8,3.5444807603461266,2926.0,54065.0
ZERO_THREE_RIGHT,1762121010.0,8.8,3.5444807603461266,2926.0,53970.0
ZERO_THREE_RIGHT,1762189605.0,8.8,3.325851327108182,440.0,-225.0
ZERO_THREE_RIGHT,1762189700.0,8.8,3.325851327108182,381.0,280.0
ZERO_THREE_RIGHT,1762193281.0,8.8,3.8156707222908928,430.0,-901.0
ZERO_THREE_RIGHT,1762193376.0,8.8,3.8156707222908928,430.0,-996.0
ZERO_THREE_RIGHT,1762291999.0,8.8,4.034859310089549,541.0,-181.0
ZERO_THREE_RIGHT,1762292156.0,8.8,3.816229876851603,566.0,262.0
ZERO_THREE_RIGHT,1762292251.0,8.8,3.816229876851603,566.0,167.0
ZERO_THREE_RIGHT,1762292719.0,8.8,3.543362451224705,566.0,-301.0
ZERO_THREE_RIGHT,1762292814.0,8.8,3.543362451224705,566.0,-396.0
ZERO_THREE_RIGHT,1762317113.0,8.8,4.360846418983979,568.0,-22135.0
ZERO_THREE_RIGHT,1762349919.0,8.8,4.3619647281054,568.0,-54941.0
ZERO_THREE_RIGHT,1762354307.0,8.8,3.378971010375713,568.0,-59329.0
ZERO_THREE_RIGHT,1762366083.0,8.8,3.8167890314123145,568.0,-71105.0
ZERO_THREE_RIGHT,1762376426.0,8.8,3.5433624512247053,568.0,-81448.0
ZERO_THREE_RIGHT,1762566308.0,8.8,6.377157764907332,905.0,37973.0
ZERO_THREE_RIGHT,1762567147.0,8.8,4.687392682439119,905.0,37134.0
ZERO_THREE_RIGHT,1762621601.0,8.8,4.360287264423268,683.0,80.0
ZERO_THREE_RIGHT,1762621696.0,8.8,4.360287264423268,683.0,-15.0
ZERO_THREE_RIGHT,1762622364.0,8.8,3.870467869240557,683.0,-683.0
ZERO_THREE_RIGHT,1762622459.0,8.8,3.870467869240557,683.0,-778.0
ZERO_THREE_RIGHT,1762637414.0,8.8,3.9252650161902203,683.0,-15733.0
ZERO_THREE_RIGHT,1762637509.0,8.8,3.9252650161902203,683.0,-15828.0
ZERO_THREE_RIGHT,1762637582.0,8.8,4.08797899335708,683.0,-15901.0
ZERO_THREE_RIGHT,1762637677.0,8.8,4.08797899335708,683.0,-15996.0
ZERO_THREE_RIGHT,1762638069.0,8.8,4.08797899335708,683.0,-16388.0
ZERO_THREE_RIGHT,1762638528.0,8.8,4.08797899335708,683.0,-16847.0
ZERO_THREE_RIGHT,1762639130.0,8.8,4.08797899335708,683.0,-17449.0
ZERO_THREE_RIGHT,1762716568.0,8.8,3.869908714679846,573.0,198.0
ZERO_THREE_RIGHT,1762716663.0,8.8,3.869908714679846,573.0,103.0
ZERO_THREE_RIGHT,1762717055.0,8.8,3.869908714679846,573.0,-289.0
ZERO_THREE_RIGHT,1762717291.0,8.8,3.8162298768516036,2254.0,76.0
ZERO_THREE_RIGHT,1762717386.0,8.8,3.8162298768516036,2254.0,-19.0
ZERO_THREE_RIGHT,1762717514.0,8.8,3.869908714679846,2254.0,-147.0
ZERO_THREE_RIGHT,1762717778.0,8.8,3.8162298768516036,2254.0,-411.0
ZERO_THREE_RIGHT,1762718116.0,8.8,3.869908714679846,2254.0,-749.0
ZERO_THREE_RIGHT,1762718237.0,8.8,3.8162298768516036,2254.0,-870.0
ZERO_THREE_RIGHT,1762718839.0,8.8,3.8162298768516036,2254.0,-1472.0
ZERO_THREE_RIGHT,1762725469.0,8.8,4.252929588766783,2254.0,-8102.0
ZERO_THREE_RIGHT,1762725680.0,8.8,3.4337681573253773,2254.0,-8313.0
ZERO_THREE_RIGHT,1762725861.0,8.8,4.252929588766783,2254.0,-8494.0
ZERO_THREE_RIGHT,1762726072.0,8.8,3.4337681573253773,2254.0,-8705.0
ZERO_THREE_RIGHT,1762726320.0,8.8,4.252929588766783,2254.0,-8953.0
ZERO_THREE_RIGHT,1762726531.0,8.8,3.4337681573253773,2254.0,-9164.0
ZERO_THREE_RIGHT,1762726922.0,8.8,4.252929588766783,2254.0,-9555.0
ZERO_THREE_RIGHT,1762727133.0,8.8,3.4337681573253773,2254.0,-9766.0
ZERO_THREE_RIGHT,1762793104.0,8.8,4.1427761403067445,1048.0,183.0
ZERO_THREE_RIGHT,1762793199.0,8.8,4.1427761403067445,1048.0,88.0
ZERO_THREE_RIGHT,1762793591.0,8.8,4.1427761403067445,886.0,296.0
ZERO_THREE_RIGHT,1762794050.0,8.8,4.1427761403067445,886.0,-163.0
ZERO_THREE_RIGHT,1762794652.0,8.8,4.1427761403067445,513.0,-165.0
ZERO_THREE_RIGHT,1762798302.0,8.8,4.469881558322596,889.0,-215.0
ZERO_THREE_RIGHT,1762798397.0,8.8,4.469881558322596,1109.0,290.0
ZERO_THREE_RIGHT,1762798789.0,8.8,4.469881558322596,1109.0,-102.0
ZERO_THREE_RIGHT,1762799248.0,8.8,4.469881558322596,1109.0,-561.0
ZERO_THREE_RIGHT,1762799850.0,8.8,4.469881558322596,1109.0,-1163.0
ZERO_THREE_RIGHT,1762889921.0,8.8,4.4145252568122215,1605.0,-8.0
ZERO_THREE_RIGHT,1762890313.0,8.8,4.4145252568122215,1260.0,200.0
ZERO_THREE_RIGHT,1762890772.0,8.8,4.4145252568122215,1260.0,-259.0
ZERO_THREE_RIGHT,1762891374.0,8.8,4.4145252568122215,897.0,-261.0
ZERO_THREE_RIGHT,1762908776.0,8.8,3.760873575341229,1350.0,-2062.0
ZERO_THREE_RIGHT,1762908871.0,8.8,3.760873575341229,1350.0,-2157.0
ZERO_THREE_RIGHT,1762908959.0,8.8,3.979503008579173,1350.0,-2245.0
ZERO_THREE_RIGHT,1762909054.0,8.8,3.979503008579173,1350.0,-2340.0
ZERO_THREE_RIGHT,1762909263.0,8.8,3.760873575341229,1350.0,-2549.0
ZERO_THREE_RIGHT,1762909446.0,8.8,3.979503008579173,1350.0,-2732.0
ZERO_THREE_RIGHT,1762909722.0,8.8,3.760873575341229,1350.0,-3008.0
ZERO_THREE_RIGHT,1762909905.0,8.8,3.979503008579173,1350.0,-3191.0
ZERO_THREE_RIGHT,1762910324.0,8.8,3.760873575341229,1350.0,-3610.0
ZERO_THREE_RIGHT,1762910507.0,8.8,3.979503008579173,1350.0,-3793.0
ZERO_THREE_RIGHT,1763051150.0,9.8,7.217007915095041,2277.0,72.0
ZERO_THREE_RIGHT,1763051245.0,9.8,7.217007915095041,2277.0,-23.0
ZERO_THREE_RIGHT,1763051637.0,9.8,7.217007915095041,2162.0,185.0
ZERO_THREE_RIGHT,1763052096.0,9.8,7.217007915095041,2162.0,-274.0
ZERO_THREE_RIGHT,1763052506.0,9.8,3.5528680787567906,2484.0,-84.0
ZERO_THREE_RIGHT,1763052601.0,9.8,3.5528680787567906,2484.0,-179.0
ZERO_THREE_RIGHT,1763052698.0,9.8,7.217007915095041,2484.0,-276.0
ZERO_THREE_RIGHT,1763052993.0,9.8,3.5528680787567906,1939.0,29.0
ZERO_THREE_RIGHT,1763053452.0,9.8,3.5528680787567906,1762.0,170.0
ZERO_THREE_RIGHT,1763054054.0,9.8,3.5528680787567906,1762.0,-432.0
ZERO_THREE_RIGHT,1763066882.0,9.8,4.045483246743055,1762.0,-13260.0
ZERO_THREE_RIGHT,1763067274.0,9.8,4.045483246743055,1762.0,-13652.0
ZERO_THREE_RIGHT,1763067733.0,9.8,4.045483246743055,1762.0,-14111.0
ZERO_THREE_RIGHT,1763068335.0,9.8,4.045483246743055,1762.0,-14713.0
ZERO_THREE_RIGHT,1763073263.0,9.8,3.55286807875679,1762.0,-19641.0
ZERO_THREE_RIGHT,1763073655.0,9.8,3.55286807875679,1762.0,-20033.0
ZERO_THREE_RIGHT,1763074114.0,9.8,3.55286807875679,1762.0,-20492.0
ZERO_THREE_RIGHT,1763074716.0,9.8,3.55286807875679,1762.0,-21094.0
ZERO_THREE_RIGHT,1763138980.0,8.8,4.524119550711549,1443.0,3954.0
ZERO_THREE_RIGHT,1763139233.0,8.8,6.922333461600419,1443.0,3701.0
ZERO_THREE_RIGHT,1763139372.0,8.8,4.524119550711549,1443.0,3562.0
ZERO_THREE_RIGHT,1763139625.0,8.8,6.922333461600419,1443.0,3309.0
ZERO_THREE_RIGHT,1763139831.0,8.8,4.524119550711549,1443.0,3103.0
ZERO_THREE_RIGHT,1763140084.0,8.8,6.922333461600419,1443.0,2850.0
ZERO_THREE_RIGHT,1763140433.0,8.8,4.524119550711549,1443.0,2501.0
ZERO_THREE_RIGHT,1763140686.0,8.8,6.922333461600419,1443.0,2248.0
ZERO_THREE_RIGHT,1763179046.0,8.8,3.8704678692405565,2077.0,-5.0
ZERO_THREE_RIGHT,1763179438.0,8.8,3.8704678692405565,1181.0,203.0
ZERO_THREE_RIGHT,1763179897.0,8.8,3.8704678692405565,1181.0,-256.0
ZERO_THREE_RIGHT,1763180499.0,8.8,3.8704678692405565,845.0,-258.0
ZERO_THREE_RIGHT,1763225830.0,8.8,4.687392682439119,3528.0,-587.0
ZERO_THREE_RIGHT,1763225925.0,8.8,4.687392682439119,3528.0,-682.0
ZERO_THREE_RIGHT,1763226000.0,8.8,4.633154690050166,3528.0,-757.0
ZERO_THREE_RIGHT,1763226095.0,8.8,4.633154690050166,3528.0,-852.0
ZERO_THREE_RIGHT,1763226317.0,8.8,4.687392682439119,3528.0,-1074.0
ZERO_THREE_RIGHT,1763226487.0,8.8,4.633154690050166,3528.0,-1244.0
ZERO_THREE_RIGHT,1763226776.0,8.8,4.687392682439119,3528.0,-1533.0
ZERO_THREE_RIGHT,1763226946.0,8.8,4.633154690050166,3528.0,-1703.0
ZERO_THREE_RIGHT,1763227378.0,8.8,4.687392682439119,3528.0,-2135.0
ZERO_THREE_RIGHT,1763227548.0,8.8,4.633154690050166,3528.0,-2305.0
ZERO_THREE_RIGHT,1763238390.0,8.8,4.251811279645361,1315.0,3939.0
ZERO_THREE_RIGHT,1763238485.0,8.8,4.251811279645361,1315.0,3844.0
ZERO_THREE_RIGHT,1763238550.0,8.8,4.360846418983979,1315.0,3779.0
ZERO_THREE_RIGHT,1763238645.0,8.8,4.360846418983979,1315.0,3684.0
ZERO_THREE_RIGHT,1763238877.0,8.8,4.251811279645361,1315.0,3452.0
ZERO_THREE_RIGHT,1763239037.0,8.8,4.360846418983979,1315.0,3292.0
ZERO_THREE_RIGHT,1763239336.0,8.8,4.251811279645361,1315.0,2993.0
ZERO_THREE_RIGHT,1763239496.0,8.8,4.360846418983979,1315.0,2833.0
ZERO_THREE_RIGHT,1763239938.0,8.8,4.251811279645361,1315.0,2391.0
ZERO_THREE_RIGHT,1763240098.0,8.8,4.360846418983979,1315.0,2231.0
ZERO_THREE_RIGHT,1763342251.0,8.8,3.1614598862591894,494.0,-919.0
ZERO_THREE_RIGHT,1763342346.0,8.8,3.1614598862591894,494.0,-1014.0
ZERO_THREE_RIGHT,1763342377.0,8.8,3.0529839014812827,494.0,-1045.0
ZERO_THREE_RIGHT,1763342472.0,8.8,3.0529839014812827,494.0,-1140.0
ZERO_THREE_RIGHT,1763342738.0,8.8,3.1614598862591894,494.0,-1406.0
ZERO_THREE_RIGHT,1763342864.0,8.8,3.0529839014812827,494.0,-1532.0
ZERO_THREE_RIGHT,1763343197.0,8.8,3.1614598862591894,494.0,-1865.0
ZERO_THREE_RIGHT,1763343323.0,8.8,3.0529839014812827,494.0,-1991.0
ZERO_THREE_RIGHT,1763343799.0,8.8,3.1614598862591894,411.0,1739.0
ZERO_THREE_RIGHT,1763343925.0,8.8,3.0529839014812827,411.0,1613.0
ZERO_THREE_RIGHT,1763345456.0,8.8,3.0529839014812827,411.0,82.0
ZERO_THREE_RIGHT,1763345683.0,8.8,3.1625781953806107,411.0,-145.0
ZERO_THREE_RIGHT,1763345848.0,8.8,3.0529839014812827,542.0,290.0
ZERO_THREE_RIGHT,1763346075.0,8.8,3.1625781953806107,542.0,63.0
ZERO_THREE_RIGHT,1763346307.0,8.8,3.0529839014812827,542.0,-169.0
ZERO_THREE_RIGHT,1763346534.0,8.8,3.1625781953806107,409.0,204.0
ZERO_THREE_RIGHT,1763346909.0,8.8,3.0529839014812827,409.0,-171.0
ZERO_THREE_RIGHT,1763347136.0,8.8,3.1625781953806107,531.0,202.0
ZERO_THREE_RIGHT,1763398271.0,8.8,4.306049272034315,868.0,69.0
ZERO_THREE_RIGHT,1763398366.0,8.8,4.306049272034315,868.0,-26.0
ZERO_THREE_RIGHT,1763398758.0,8.8,4.306049272034315,539.0,182.0
ZERO_THREE_RIGHT,1763399217.0,8.8,4.306049272034315,539.0,-277.0
ZERO_THREE_RIGHT,1763399340.0,8.8,3.3800893194971353,534.0,200.0
ZERO_THREE_RIGHT,1763399732.0,8.8,3.3800893194971353,534.0,-192.0
ZERO_THREE_RIGHT,1763399819.0,8.8,4.306049272034315,534.0,-279.0
ZERO_THREE_RIGHT,1763400191.0,8.8,3.3800893194971353,655.0,-51.0
ZERO_THREE_RIGHT,1763400793.0,8.8,3.3800893194971353,557.0,-53.0
ZERO_THREE_RIGHT,1763429000.0,8.8,3.5976004436136586,643.0,3927.0
ZERO_THREE_RIGHT,1763429095.0,8.8,3.5976004436136586,643.0,3832.0
ZERO_THREE_RIGHT,1763429195.0,8.8,3.9241467070687985,643.0,3732.0
ZERO_THREE_RIGHT,1763429290.0,8.8,3.9241467070687985,643.0,3637.0
ZERO_THREE_RIGHT,1763429487.0,8.8,3.5976004436136586,643.0,3440.0
ZERO_THREE_RIGHT,1763429682.0,8.8,3.9241467070687985,643.0,3245.0
ZERO_THREE_RIGHT,1763429946.0,8.8,3.5976004436136586,643.0,2981.0
ZERO_THREE_RIGHT,1763430141.0,8.8,3.9241467070687985,643.0,2786.0
ZERO_THREE_RIGHT,1763430548.0,8.8,3.5976004436136586,643.0,2379.0
ZERO_THREE_RIGHT,1763430743.0,8.8,3.9241467070687985,643.0,2184.0
ZERO_THREE_RIGHT,1763481523.0,8.8,5.01393894589426,771.0,6.0
ZERO_THREE_RIGHT,1763481632.0,8.8,4.033181846407416,771.0,-103.0
ZERO_THREE_RIGHT,1763481727.0,8.8,4.033181846407416,771.0,-198.0
ZERO_THREE_RIGHT,1763481915.0,8.8,5.01393894589426,944.0,214.0
ZERO_THREE_RIGHT,1763482119.0,8.8,4.033181846407416,944.0,10.0
ZERO_THREE_RIGHT,1763482374.0,8.8,5.01393894589426,944.0,-245.0
ZERO_THREE_RIGHT,1763482578.0,8.8,4.033181846407416,894.0,151.0
ZERO_THREE_RIGHT,1763482976.0,8.8,5.01393894589426,894.0,-247.0
ZERO_THREE_RIGHT,1763483180.0,8.8,4.033181846407416,1208.0,149.0
ZERO_THREE_RIGHT,1763488943.0,8.8,3.489124458835752,694.0,-214.0
ZERO_THREE_RIGHT,1763489038.0,8.8,3.489124458835752,765.0,291.0
ZERO_THREE_RIGHT,1763489430.0,8.8,3.489124458835752,765.0,-101.0
ZERO_THREE_RIGHT,1763489889.0,8.8,3.489124458835752,1015.0,40.0
ZERO_THREE_RIGHT,1763490491.0,8.8,3.489124458835752,852.0,38.0
ZERO_THREE_RIGHT,1763514915.0,8.8,4.960819262626729,1239.0,4399.0
ZERO_THREE_RIGHT,1763515402.0,8.8,4.960819262626729,1239.0,3912.0
ZERO_THREE_RIGHT,1763515861.0,8.8,4.960819262626729,1239.0,3453.0
ZERO_THREE_RIGHT,1763516142.0,8.8,3.979503008579174,1239.0,3172.0
ZERO_THREE_RIGHT,1763516463.0,8.8,4.960819262626729,1239.0,2851.0
ZERO_THREE_RIGHT,1763516629.0,8.8,3.979503008579174,1239.0,2685.0
ZERO_THREE_RIGHT,1763517088.0,8.8,3.979503008579174,1239.0,2226.0
ZERO_THREE_RIGHT,1763517690.0,8.8,3.979503008579174,1239.0,1624.0
ZERO_THREE_RIGHT,1763579965.0,8.8,4.255577772414551,160.0,887.7000000476837
ZERO_THREE_RIGHT,1763580145.0,8.8,2.4896973967775,160.0,707.7000000476837
ZERO_THREE_RIGHT,1763580355.0,8.8,2.2088478305246073,160.0,497.7000000476837
ZERO_THREE_RIGHT,1763580608.0,8.8,2.3961719124276346,160.0,244.70000004768372
ZERO_THREE_RIGHT,1763580851.45,8.8,2.184834709274166,160.0,1.25
ZERO_THREE_RIGHT,1763581977.95,8.8,6.455749944309245,67.0,1.0
ZERO_THREE_RIGHT,1763581989.95,8.8,8.801826872574585,90.0,1.0
ZERO_THREE_RIGHT,1763582416.0,8.8,2.3194174227329674,95.0,-249.54999995231628
ZERO_THREE_RIGHT,1763582720.2,8.8,1.1230159234394608,88.0,1.25
ZERO_THREE_RIGHT,1763582765.45,8.8,2.2227193918634423,71.0,1.25
ZERO_THREE_RIGHT,1763582879.2,8.8,1.5782498967557324,107.0,1.25
ZERO_THREE_RIGHT,1763582884.95,8.8,2.049832563389977,62.0,1.25
ZERO_THREE_RIGHT,1763583191.2,8.8,1.6187873555302663,86.0,1.25
ZERO_THREE_RIGHT,1763583885.0,8.8,1.378652451416833,54.0,195.0
ZERO_THREE_RIGHT,1763584079.0,8.8,3.8155082436274252,54.0,1.0
ZERO_THREE_RIGHT,1763584543.0,8.8,2.0557072457780086,728.0,1.0
ZERO_THREE_RIGHT,1763584679.0,8.8,2.288011800178677,1009.0,0.0
ZERO_THREE_RIGHT,1763584740.0,8.8,2.824040330565334,409321.0,0.0
ZERO_THREE_RIGHT,1763585074.0,8.8,3.601801360033533,346.0,-24.5
ZERO_THREE_RIGHT,1763585408.0,8.8,2.105387345695587,60.0,1.0
ZERO_THREE_RIGHT,1763585613.0,8.8,2.384898162248575,56.0,1.0
ZERO_THREE_RIGHT,1763585666.0,8.8,2.4056629482636396,82.0,1.0
ZERO_THREE_RIGHT,1763585885.4,8.8,2.265563232693437,78.0,-67.40000009536743
ZERO_THREE_RIGHT,1763659552.0,8.8,11.55828392445414,102.0,-516.0
ZERO_THREE_RIGHT,1763660039.0,8.8,11.55828392445414,102.0,-1003.0
ZERO_THREE_RIGHT,1763660498.0,8.8,11.55828392445414,102.0,-1462.0
ZERO_THREE_RIGHT,1763661100.0,8.8,11.55828392445414,102.0,-2064.0
ZERO_THREE_RIGHT,1763691568.0,8.8,5.5613512608301905,102.0,-32532.0
ZERO_THREE_RIGHT,1763691861.0,8.8,3.1620190408199003,102.0,-32825.0
ZERO_THREE_RIGHT,1763692027.0,8.8,5.5613512608301905,102.0,-32991.0
ZERO_THREE_RIGHT,1763692320.0,8.8,3.1620190408199003,102.0,-33284.0
ZERO_THREE_RIGHT,1763692629.0,8.8,5.5613512608301905,102.0,-33593.0
ZERO_THREE_RIGHT,1763692922.0,8.8,3.1620190408199003,102.0,-33886.0
ZERO_THREE_RIGHT,1763763743.0,26.4,1.0389091738007736,62.0,-568.0
ZERO_THREE_RIGHT,1763764000.0,26.4,1.0389091738007736,62.0,-825.0
ZERO_THREE_RIGHT,1763764230.0,26.4,1.0389091738007736,62.0,-1055.0
ZERO_THREE_RIGHT,1763764459.0,26.4,1.0389091738007736,62.0,-1284.0
ZERO_THREE_RIGHT,1763764689.0,26.4,1.0389091738007736,62.0,-1514.0
ZERO_THREE_RIGHT,1763765061.0,26.4,1.0389091738007736,62.0,-1886.0
ZERO_THREE_RIGHT,1763765291.0,26.4,1.0389091738007736,62.0,-2116.0
ZERO_THREE_RIGHT,1763828756.0,26.4,1.2027414600890547,70.0,197.0
ZERO_THREE_RIGHT,1763829243.0,26.4,1.2027414600890547,70.0,-290.0
ZERO_THREE_RIGHT,1763829702.0,26.4,1.2027414600890547,72.0,-149.0
ZERO_THREE_RIGHT,1763830304.0,26.4,1.2027414600890547,66.0,-151.0
ZERO_THREE_RIGHT,1763848711.0,26.4,1.2569794524780078,116.0,-17958.0
ZERO_THREE_RIGHT,1763849170.0,26.4,1.2569794524780078,116.0,-18417.0
ZERO_THREE_RIGHT,1763849465.0,26.4,1.2021823055283438,116.0,-18712.0
ZERO_THREE_RIGHT,1763849772.0,26.4,1.2569794524780078,116.0,-19019.0
ZERO_THREE_RIGHT,1763849924.0,26.4,1.2021823055283438,116.0,-19171.0
ZERO_THREE_RIGHT,1763850526.0,26.4,1.2021823055283438,116.0,-19773.0
ZERO_THREE_RIGHT,1763861938.0,26.4,1.2027414600890547,116.0,-31185.0
ZERO_THREE_RIGHT,1763862236.0,26.4,1.311776599427672,116.0,-31483.0
ZERO_THREE_RIGHT,1763862425.0,26.4,1.2027414600890547,116.0,-31672.0
ZERO_THREE_RIGHT,1763862695.0,26.4,1.311776599427672,116.0,-31942.0
ZERO_THREE_RIGHT,1763862884.0,26.4,1.2027414600890547,116.0,-32131.0
ZERO_THREE_RIGHT,1763863297.0,26.4,1.311776599427672,116.0,-32544.0
ZERO_THREE_RIGHT,1763863486.0,26.4,1.2027414600890547,116.0,-32733.0
ZERO_THREE_RIGHT,1763924180.0,26.4,1.6394411720042346,70.0,-196.0
ZERO_THREE_RIGHT,1763924370.0,26.4,1.311776599427672,70.0,-386.0
ZERO_THREE_RIGHT,1763924639.0,26.4,1.6394411720042346,70.0,-655.0
ZERO_THREE_RIGHT,1763924857.0,26.4,1.311776599427672,70.0,-873.0
ZERO_THREE_RIGHT,1763925241.0,26.4,1.6394411720042346,70.0,-1257.0
ZERO_THREE_RIGHT,1763925316.0,26.4,1.311776599427672,70.0,-1332.0
ZERO_THREE_RIGHT,1763925918.0,26.4,1.311776599427672,70.0,-1934.0
ZERO_THREE_RIGHT,1763940087.0,26.4,1.311776599427672,70.0,-16103.0
ZERO_THREE_RIGHT,1763940413.0,26.4,1.311776599427672,70.0,-16429.0
ZERO_THREE_RIGHT,1763940574.0,26.4,1.311776599427672,70.0,-16590.0
ZERO_THREE_RIGHT,1763940872.0,26.4,1.311776599427672,70.0,-16888.0
ZERO_THREE_RIGHT,1763941033.0,26.4,1.311776599427672,70.0,-17049.0
ZERO_THREE_RIGHT,1763941474.0,26.4,1.311776599427672,70.0,-17490.0
ZERO_THREE_RIGHT,1763941635.0,26.4,1.311776599427672,70.0,-17651.0
ZERO_THREE_RIGHT,1764002777.0,26.4,1.2569794524780078,59.0,-612.0
ZERO_THREE_RIGHT,1764002811.0,26.4,1.311776599427672,59.0,-646.0
ZERO_THREE_RIGHT,1764003236.0,26.4,1.2569794524780078,59.0,-1071.0
ZERO_THREE_RIGHT,1764003298.0,26.4,1.311776599427672,59.0,-1133.0
ZERO_THREE_RIGHT,1764003757.0,26.4,1.311776599427672,59.0,-1592.0
ZERO_THREE_RIGHT,1764003838.0,26.4,1.2569794524780078,59.0,-1673.0
ZERO_THREE_RIGHT,1764004359.0,26.4,1.311776599427672,59.0,-2194.0
ZERO_THREE_RIGHT,1764004817.0,26.4,1.311776599427672,59.0,-2652.0
ZERO_THREE_RIGHT,1764004817.0,26.4,1.311776599427672,59.0,-2652.0
ZERO_THREE_RIGHT,1764023315.0,26.4,1.2569794524780078,59.0,-21150.0
ZERO_THREE_RIGHT,1764023609.0,26.4,1.311776599427672,59.0,-21444.0
ZERO_THREE_RIGHT,1764023802.0,26.4,1.2569794524780078,59.0,-21637.0
ZERO_THREE_RIGHT,1764024068.0,26.4,1.311776599427672,59.0,-21903.0
ZERO_THREE_RIGHT,1764024261.0,26.4,1.2569794524780078,59.0,-22096.0
ZERO_THREE_RIGHT,1764024670.0,26.4,1.311776599427672,59.0,-22505.0
ZERO_THREE_RIGHT,1764024863.0,26.4,1.2569794524780078,59.0,-22698.0
ZERO_THREE_RIGHT,1764025128.0,26.4,1.311776599427672,59.0,-22963.0
ZERO_THREE_RIGHT,1764025128.0,26.4,1.311776599427672,59.0,-22963.0
ZERO_THREE_RIGHT,1764025321.0,26.4,1.2569794524780078,59.0,-23156.0
ZERO_THREE_RIGHT,1764025321.0,26.4,1.2569794524780078,59.0,-23156.0
ZERO_THREE_RIGHT,1764089592.0,26.4,0.9835528722903984,60.0,-166.0
ZERO_THREE_RIGHT,1764089929.0,26.4,1.1479443131393907,60.0,-503.0
ZERO_THREE_RIGHT,1764090079.0,26.4,0.9835528722903984,60.0,-653.0
ZERO_THREE_RIGHT,1764090388.0,26.4,1.1479443131393907,60.0,-962.0
ZERO_THREE_RIGHT,1764090538.0,26.4,0.9835528722903984,60.0,-1112.0
ZERO_THREE_RIGHT,1764090990.0,26.4,1.1479443131393907,60.0,-1564.0
ZERO_THREE_RIGHT,1764091140.0,26.4,0.9835528722903984,60.0,-1714.0
ZERO_THREE_RIGHT,1764091448.0,26.4,1.1479443131393907,60.0,-2022.0
ZERO_THREE_RIGHT,1764091448.0,26.4,1.1479443131393907,60.0,-2022.0
ZERO_THREE_RIGHT,1764091598.0,26.4,0.9835528722903984,60.0,-2172.0
ZERO_THREE_RIGHT,1764091598.0,26.4,0.9835528722903984,60.0,-2172.0
ZERO_THREE_RIGHT,1764124454.0,26.4,0.9293148799014453,60.0,-35028.0
ZERO_THREE_RIGHT,1764124709.0,26.4,1.1479443131393907,60.0,-35283.0
ZERO_THREE_RIGHT,1764124941.0,26.4,0.9293148799014453,47.0,35076.0
ZERO_THREE_RIGHT,1764125168.0,26.4,1.1479443131393907,47.0,34849.0
ZERO_THREE_RIGHT,1764125400.0,26.4,0.9293148799014453,47.0,34617.0
ZERO_THREE_RIGHT,1764125770.0,26.4,1.1479443131393907,47.0,34247.0
ZERO_THREE_RIGHT,1764126002.0,26.4,0.9293148799014453,47.0,34015.0
ZERO_THREE_RIGHT,1764126228.0,26.4,1.1479443131393907,47.0,33789.0
ZERO_THREE_RIGHT,1764126228.0,26.4,1.1479443131393907,47.0,33789.0
ZERO_THREE_RIGHT,1764126460.0,26.4,0.9293148799014453,47.0,33557.0
ZERO_THREE_RIGHT,1764126460.0,26.4,0.9293148799014453,47.0,33557.0
ZERO_THREE_RIGHT,1764177511.0,26.4,1.311776599427672,152.0,-93.0
ZERO_THREE_RIGHT,1764177791.0,26.4,1.311776599427672,152.0,-373.0
ZERO_THREE_RIGHT,1764177998.0,26.4,1.311776599427672,152.0,-580.0
ZERO_THREE_RIGHT,1764178250.0,26.4,1.311776599427672,152.0,-832.0
ZERO_THREE_RIGHT,1764178457.0,26.4,1.311776599427672,152.0,-1039.0
ZERO_THREE_RIGHT,1764178852.0,26.4,1.311776599427672,152.0,-1434.0
ZERO_THREE_RIGHT,1764179059.0,26.4,1.311776599427672,152.0,-1641.0
ZERO_THREE_RIGHT,1764179310.0,26.4,1.311776599427672,152.0,-1892.0
ZERO_THREE_RIGHT,1764179310.0,26.4,1.311776599427672,152.0,-1892.0
ZERO_THREE_RIGHT,1764179517.0,26.4,1.311776599427672,152.0,-2099.0
ZERO_THREE_RIGHT,1764207233.0,26.4,1.311776599427672,152.0,-29815.0
ZERO_THREE_RIGHT,1764207341.0,26.4,1.2569794524780078,152.0,-29923.0
ZERO_THREE_RIGHT,1764207720.0,26.4,1.311776599427672,152.0,-30302.0
ZERO_THREE_RIGHT,1764207800.0,26.4,1.2569794524780078,152.0,-30382.0
ZERO_THREE_RIGHT,1764208179.0,26.4,1.311776599427672,152.0,-30761.0
ZERO_THREE_RIGHT,1764208402.0,26.4,1.2569794524780078,152.0,-30984.0
ZERO_THREE_RIGHT,1764208781.0,26.4,1.311776599427672,152.0,-31363.0
ZERO_THREE_RIGHT,1764208860.0,26.4,1.2569794524780078,152.0,-31442.0
ZERO_THREE_RIGHT,1764209239.0,26.4,1.311776599427672,152.0,-31821.0
ZERO_THREE_RIGHT,1764268777.0,26.4,1.311776599427672,82.0,-794.0
ZERO_THREE_RIGHT,1764268870.0,26.4,1.0383500192400625,82.0,-887.0
ZERO_THREE_RIGHT,1764269236.0,26.4,1.311776599427672,82.0,-1253.0
ZERO_THREE_RIGHT,1764269357.0,26.4,1.0383500192400625,82.0,-1374.0
ZERO_THREE_RIGHT,1764269816.0,26.4,1.0383500192400625,82.0,-1833.0
ZERO_THREE_RIGHT,1764269838.0,26.4,1.311776599427672,82.0,-1855.0
ZERO_THREE_RIGHT,1764270296.0,26.4,1.311776599427672,82.0,-2313.0
ZERO_THREE_RIGHT,1764270296.0,26.4,1.311776599427672,82.0,-2313.0
ZERO_THREE_RIGHT,1764270418.0,26.4,1.0383500192400625,77.0,2331.0
ZERO_THREE_RIGHT,1764270876.0,26.4,1.0383500192400625,77.0,1873.0
ZERO_THREE_RIGHT,1764270876.0,26.4,1.0383500192400625,77.0,1873.0
ZERO_THREE_RIGHT,1764350074.0,26.4,1.1473851585786798,71.0,78.0
ZERO_THREE_RIGHT,1764350280.0,26.4,1.0389091738007736,71.0,-128.0
ZERO_THREE_RIGHT,1764350533.0,26.4,1.1473851585786798,61.0,219.0
ZERO_THREE_RIGHT,1764350739.0,26.4,1.0389091738007736,61.0,13.0
ZERO_THREE_RIGHT,1764351135.0,26.4,1.1473851585786798,73.0,217.0
ZERO_THREE_RIGHT,1764351341.0,26.4,1.0389091738007736,73.0,11.0
ZERO_THREE_RIGHT,1764351593.0,26.4,1.1473851585786798,73.0,-241.0
ZERO_THREE_RIGHT,1764351799.0,26.4,1.0389091738007736,59.0,153.0
ZERO_THREE_RIGHT,1764451750.0,26.4,1.311776599427672,62.0,-795.0
ZERO_THREE_RIGHT,1764452130.0,26.4,1.311776599427672,62.0,-1175.0
ZERO_THREE_RIGHT,1764452237.0,26.4,1.311776599427672,62.0,-1282.0
ZERO_THREE_RIGHT,1764452589.0,26.4,1.311776599427672,62.0,-1634.0
ZERO_THREE_RIGHT,1764452696.0,26.4,1.311776599427672,62.0,-1741.0
ZERO_THREE_RIGHT,1764453191.0,26.4,1.311776599427672,62.0,-2236.0
ZERO_THREE_RIGHT,1764453298.0,26.4,1.311776599427672,62.0,2297.0
ZERO_THREE_RIGHT,1764453649.0,26.4,1.311776599427672,62.0,1946.0
ZERO_THREE_RIGHT,1764453649.0,26.4,1.311776599427672,62.0,1946.0
ZERO_THREE_RIGHT,1764453756.0,26.4,1.311776599427672,62.0,1839.0
ZERO_THREE_RIGHT,1764453756.0,26.4,1.311776599427672,62.0,1839.0
ZERO_THREE_RIGHT,1764520630.0,26.4,1.1479443131393907,58.0,-233.0
ZERO_THREE_RIGHT,1764520836.0,26.4,1.1479443131393907,58.0,-439.0
ZERO_THREE_RIGHT,1764521089.0,26.4,1.1479443131393907,58.0,-692.0
ZERO_THREE_RIGHT,1764521323.0,26.4,1.1479443131393907,58.0,-926.0
ZERO_THREE_RIGHT,1764521691.0,26.4,1.1479443131393907,58.0,-1294.0
ZERO_THREE_RIGHT,1764521782.0,26.4,1.1479443131393907,58.0,-1385.0
ZERO_THREE_RIGHT,1764522149.0,26.4,1.1479443131393907,58.0,-1752.0
ZERO_THREE_RIGHT,1764522149.0,26.4,1.1479443131393907,58.0,-1752.0
ZERO_THREE_RIGHT,1764522384.0,26.4,1.1479443131393907,58.0,-1987.0
ZERO_THREE_RIGHT,1764522842.0,26.4,1.1479443131393907,58.0,-2445.0
ZERO_THREE_RIGHT,1764522842.0,26.4,1.1479443131393907,58.0,-2445.0
ZERO_THREE_RIGHT,1764543215.0,26.4,1.2569794524780078,61.0,3697.0
ZERO_THREE_RIGHT,1764543488.0,26.4,1.2021823055283438,61.0,3424.0
ZERO_THREE_RIGHT,1764543607.0,26.4,1.2569794524780078,61.0,3305.0
ZERO_THREE_RIGHT,1764543947.0,26.4,1.2021823055283438,61.0,2965.0
ZERO_THREE_RIGHT,1764544066.0,26.4,1.2569794524780078,61.0,2846.0
ZERO_THREE_RIGHT,1764544549.0,26.4,1.2021823055283438,61.0,2363.0
ZERO_THREE_RIGHT,1764544668.0,26.4,1.2569794524780078,61.0,2244.0
ZERO_THREE_RIGHT,1764545007.0,26.4,1.2021823055283438,61.0,1905.0
ZERO_THREE_RIGHT,1764545007.0,26.4,1.2021823055283438,61.0,1905.0
ZERO_THREE_RIGHT,1764545126.0,26.4,1.2569794524780078,61.0,1786.0
ZERO_THREE_RIGHT,1764545126.0,26.4,1.2569794524780078,61.0,1786.0
ZERO_THREE_RIGHT,1764613285.0,26.4,1.0383500192400625,59.0,-371.0
ZERO_THREE_RIGHT,1764613551.0,26.4,1.2569794524780078,59.0,-637.0
ZERO_THREE_RIGHT,1764613677.0,26.4,1.0383500192400625,59.0,-763.0
ZERO_THREE_RIGHT,1764614010.0,26.4,1.2569794524780078,59.0,-1096.0
ZERO_THREE_RIGHT,1764614136.0,26.4,1.0383500192400625,59.0,-1222.0
ZERO_THREE_RIGHT,1764614612.0,26.4,1.2569794524780078,59.0,-1698.0
ZERO_THREE_RIGHT,1764614738.0,26.4,1.0383500192400625,59.0,-1824.0
ZERO_THREE_RIGHT,1764615070.0,26.4,1.2569794524780078,59.0,-2156.0
ZERO_THREE_RIGHT,1764615070.0,26.4,1.2569794524780078,59.0,-2156.0
ZERO_THREE_RIGHT,1764615196.0,26.4,1.0383500192400625,59.0,-2282.0
ZERO_THREE_RIGHT,1764615196.0,26.4,1.0383500192400625,59.0,-2282.0
ZERO_THREE_RIGHT,1764636419.0,26.4,1.0389091738007736,120.0,6896.0
ZERO_THREE_RIGHT,1764636511.0,26.4,1.3665737463773362,120.0,6804.0
ZERO_THREE_RIGHT,1764636811.0,26.4,1.0389091738007736,120.0,6504.0
ZERO_THREE_RIGHT,1764636970.0,26.4,1.3665737463773362,120.0,6345.0
ZERO_THREE_RIGHT,1764637270.0,26.4,1.0389091738007736,120.0,6045.0
ZERO_THREE_RIGHT,1764637572.0,26.4,1.3665737463773362,120.0,5743.0
ZERO_THREE_RIGHT,1764637872.0,26.4,1.0389091738007736,120.0,5443.0
ZERO_THREE_RIGHT,1764638030.0,26.4,1.3665737463773362,120.0,5285.0
ZERO_THREE_RIGHT,1764638030.0,26.4,1.3665737463773362,120.0,5285.0
ZERO_THREE_RIGHT,1764638330.0,26.4,1.0389091738007736,120.0,4985.0
ZERO_THREE_RIGHT,1764638330.0,26.4,1.0389091738007736,120.0,4985.0
ZERO_THREE_RIGHT,1764698008.0,26.4,2.1314971854297897,85.0,-691.0
ZERO_THREE_RIGHT,1764698250.0,26.4,1.6400003265649457,85.0,-933.0
ZERO_THREE_RIGHT,1764698400.0,26.4,2.1314971854297897,85.0,-1083.0
ZERO_THREE_RIGHT,1764698709.0,26.4,1.6400003265649457,85.0,-1392.0
ZERO_THREE_RIGHT,1764698859.0,26.4,2.1314971854297897,85.0,-1542.0
ZERO_THREE_RIGHT,1764699311.0,26.4,1.6400003265649457,85.0,-1994.0
ZERO_THREE_RIGHT,1764699461.0,26.4,2.1314971854297897,85.0,-2144.0
ZERO_THREE_RIGHT,1764699769.0,26.4,1.6400003265649457,159.0,2075.0
ZERO_THREE_RIGHT,1764699769.0,26.4,1.6400003265649457,159.0,2075.0
ZERO_THREE_RIGHT,1764699919.0,26.4,2.1314971854297897,159.0,1925.0
ZERO_THREE_RIGHT,1764699919.0,26.4,2.1314971854297897,159.0,1925.0
ZERO_THREE_RIGHT,1764789776.0,26.4,0.29128771938194975,66.0,-1151.0
ZERO_THREE_RIGHT,1764789889.75,26.4,0.3213997794624614,66.0,-1264.75
ZERO_THREE_RIGHT,1764790350.0,8.8,2.726281348905365,72.0,1396.2000000476837
ZERO_THREE_RIGHT,1764790651.0,8.8,2.0244921641994122,72.0,1095.2000000476837
ZERO_THREE_RIGHT,1764790842.0,8.8,2.324234286266092,72.0,904.2000000476837
ZERO_THREE_RIGHT,1764791745.95,8.8,1.3484336962825398,72.0,0.25
ZERO_THREE_RIGHT,1764792016.2,8.8,1.7919879533199243,5860.0,2.75
ZERO_THREE_RIGHT,1764792023.2,8.8,9.561181090766507,92.0,-1.25
ZERO_THREE_RIGHT,1764792023.95,8.8,2.8044526088472588,92.0,-2.0
ZERO_THREE_RIGHT,1764792024.7,8.8,1.6619233372087596,92.0,-2.75
ZERO_THREE_RIGHT,1764792447.7,8.8,1.7254631899393738,65.0,0.25
ZERO_THREE_RIGHT,1764792517.95,8.8,2.01892658408266,32.0,0.25
ZERO_THREE_RIGHT,1764792799.0,8.8,1.6811798044451187,105.0,-168.29999995231628
ZERO_THREE_RIGHT,1764792948.0,8.8,1.4382976897874564,105.0,-317.2999999523163
ZERO_THREE_RIGHT,1764793280.0,8.8,1.2336791225097727,94.0,1.0
ZERO_THREE_RIGHT,1764793514.0,8.8,1.724355989380765,34231.0,1.0
ZERO_THREE_RIGHT,1764793767.65,8.8,1.343568197685817,58.0,1.25
ZERO_THREE_RIGHT,1764794023.65,8.8,1.777950220249798,36.0,1.25
ZERO_THREE_RIGHT,1764794308.4,8.8,1.3123705237137586,58.0,1.25
ZERO_THREE_RIGHT,1764794533.65,8.8,1.8175575447956265,5692.0,1.25
ZERO_THREE_RIGHT,1764794868.65,8.8,1.5763194600509158,63.0,1.25
ZERO_THREE_RIGHT,1764795131.4,8.8,1.37651181463283,128.0,1.25
ZERO_THREE_RIGHT,1764795452.0,8.8,1.4253775327198919,96.0,-116.84999990463257
ZERO_THREE_RIGHT,1764795724.9,8.8,1.3183693389569249,59.0,1.0
ZERO_THREE_RIGHT,1764796025.65,8.8,1.9782256833169054,55.0,1.0
ZERO_THREE_RIGHT,1764796406.15,8.8,1.0342184796873117,69.0,1.0
ZERO_THREE_RIGHT,1764798841.0,8.8,3.216257033208853,72.0,-2313.3499999046326
ZERO_THREE_RIGHT,1764799300.0,8.8,3.216257033208853,72.0,-2772.3499999046326
ZERO_THREE_RIGHT,1764799902.0,8.8,3.216257033208853,72.0,-3374.3499999046326
ZERO_THREE_RIGHT,1764800360.0,8.8,3.216257033208853,72.0,-3832.3499999046326
ZERO_THREE_RIGHT,1764800360.0,8.8,3.216257033208853,72.0,-3832.3499999046326
ZERO_THREE_RIGHT,1764870196.0,26.4,1.420811738766289,75.0,-214.0
ZERO_THREE_RIGHT,1764870588.0,26.4,1.420811738766289,75.0,-606.0
ZERO_THREE_RIGHT,1764871047.0,26.4,1.420811738766289,75.0,-1065.0
ZERO_THREE_RIGHT,1764871649.0,26.4,1.420811738766289,75.0,-1667.0
ZERO_THREE_RIGHT,1764872107.0,26.4,1.420811738766289,75.0,-2125.0
ZERO_THREE_RIGHT,1764872107.0,26.4,1.420811738766289,75.0,-2125.0
ZERO_THREE_RIGHT,1764895327.0,26.4,1.3665737463773362,75.0,-25345.0
ZERO_THREE_RIGHT,1764895624.0,26.4,1.4761680402766642,75.0,-25642.0
ZERO_THREE_RIGHT,1764896083.0,26.4,1.4761680402766642,75.0,-26101.0
ZERO_THREE_RIGHT,1764896178.0,26.4,1.3665737463773362,75.0,-26196.0
ZERO_THREE_RIGHT,1764896685.0,26.4,1.4761680402766642,75.0,-26703.0
ZERO_THREE_RIGHT,1764896780.0,26.4,1.3665737463773362,75.0,-26798.0
ZERO_THREE_RIGHT,1764897143.0,26.4,1.4761680402766642,75.0,-27161.0
ZERO_THREE_RIGHT,1764897143.0,26.4,1.4761680402766642,75.0,-27161.0
ZERO_THREE_RIGHT,1764897238.0,26.4,1.3665737463773362,75.0,-27256.0
ZERO_THREE_RIGHT,1764897238.0,26.4,1.3665737463773362,75.0,-27256.0
ZERO_THREE_RIGHT,1764897386.0,26.4,1.4761680402766642,75.0,-27404.0
ZERO_THREE_RIGHT,1764897481.0,26.4,1.3665737463773362,75.0,-27499.0
ZERO_THREE_RIGHT,1764948997.0,26.4,1.311776599427672,72.0,-755.0
ZERO_THREE_RIGHT,1764949487.0,26.4,1.311776599427672,72.0,-1245.0
ZERO_THREE_RIGHT,1764949848.0,26.4,1.311776599427672,72.0,-1606.0
ZERO_THREE_RIGHT,1764950089.0,26.4,1.311776599427672,72.0,-1847.0
ZERO_THREE_RIGHT,1764950450.0,26.4,1.311776599427672,72.0,-2208.0
ZERO_THREE_RIGHT,1764950547.0,26.4,1.311776599427672,72.0,-2305.0
ZERO_THREE_RIGHT,1764950547.0,26.4,1.311776599427672,72.0,-2305.0
ZERO_THREE_RIGHT,1764950790.0,26.4,1.311776599427672,72.0,-2548.0
ZERO_THREE_RIGHT,1764950908.0,26.4,1.311776599427672,72.0,-2666.0
ZERO_THREE_RIGHT,1764950908.0,26.4,1.311776599427672,72.0,-2666.0
ZERO_THREE_RIGHT,1764951151.0,26.4,1.311776599427672,72.0,-2909.0
ZERO_THREE_RIGHT,1764969257.0,26.4,1.3665737463773362,72.0,-21015.0
ZERO_THREE_RIGHT,1764969942.0,26.4,1.3665737463773362,72.0,-21700.0
ZERO_THREE_RIGHT,1764970108.0,26.4,1.3665737463773362,72.0,-21866.0
ZERO_THREE_RIGHT,1764970544.0,26.4,1.3665737463773362,72.0,-22302.0
ZERO_THREE_RIGHT,1764970710.0,26.4,1.3665737463773362,72.0,-22468.0
ZERO_THREE_RIGHT,1764971002.0,26.4,1.3665737463773362,72.0,-22760.0
ZERO_THREE_RIGHT,1764971002.0,26.4,1.3665737463773362,72.0,-22760.0
ZERO_THREE_RIGHT,1764971168.0,26.4,1.3665737463773362,72.0,-22926.0
ZERO_THREE_RIGHT,1764971168.0,26.4,1.3665737463773362,72.0,-22926.0
ZERO_THREE_RIGHT,1764971245.0,26.4,1.3665737463773362,72.0,-23003.0
ZERO_THREE_RIGHT,1764971411.0,26.4,1.3665737463773362,72.0,-23169.0
ZERO_THREE_RIGHT,1765046257.0,26.4,1.0389091738007736,65.0,-1466.0
ZERO_THREE_RIGHT,1765046368.0,26.4,1.1479443131393907,65.0,-1577.0
ZERO_THREE_RIGHT,1765046859.0,26.4,1.0389091738007736,65.0,-2068.0
ZERO_THREE_RIGHT,1765046970.0,26.4,1.1479443131393907,65.0,-2179.0
ZERO_THREE_RIGHT,1765047317.0,26.4,1.0389091738007736,65.0,-2526.0
ZERO_THREE_RIGHT,1765047317.0,26.4,1.0389091738007736,65.0,-2526.0
ZERO_THREE_RIGHT,1765047428.0,26.4,1.1479443131393907,65.0,-2637.0
ZERO_THREE_RIGHT,1765047428.0,26.4,1.1479443131393907,65.0,-2637.0
ZERO_THREE_RIGHT,1765047560.0,26.4,1.0389091738007736,65.0,-2769.0
ZERO_THREE_RIGHT,1765047671.0,26.4,1.1479443131393907,65.0,-2880.0
ZERO_THREE_RIGHT,1765058097.0,26.4,1.311776599427672,65.0,-13306.0
ZERO_THREE_RIGHT,1765058737.0,26.4,1.311776599427672,65.0,-13946.0
ZERO_THREE_RIGHT,1765058826.0,26.4,1.311776599427672,65.0,-14035.0
ZERO_THREE_RIGHT,1765059339.0,26.4,1.311776599427672,65.0,-14548.0
ZERO_THREE_RIGHT,1765059428.0,26.4,1.311776599427672,65.0,-14637.0
ZERO_THREE_RIGHT,1765059797.0,26.4,1.311776599427672,65.0,-15006.0
ZERO_THREE_RIGHT,1765059797.0,26.4,1.311776599427672,65.0,-15006.0
ZERO_THREE_RIGHT,1765059886.0,26.4,1.311776599427672,65.0,-15095.0
ZERO_THREE_RIGHT,1765059886.0,26.4,1.311776599427672,65.0,-15095.0
ZERO_THREE_RIGHT,1765060040.0,26.4,1.311776599427672,65.0,-15249.0
ZERO_THREE_RIGHT,1765060129.0,26.4,1.311776599427672,65.0,-15338.0
ZERO_THREE_RIGHT,1765073112.0,26.4,1.0931471661897265,65.0,-28321.0
ZERO_THREE_RIGHT,1765073744.0,26.4,1.311776599427672,65.0,-28953.0
ZERO_THREE_RIGHT,1765073841.0,26.4,1.0931471661897265,65.0,-29050.0
ZERO_THREE_RIGHT,1765074346.0,26.4,1.311776599427672,65.0,-29555.0
ZERO_THREE_RIGHT,1765074443.0,26.4,1.0931471661897265,65.0,-29652.0
ZERO_THREE_RIGHT,1765074804.0,26.4,1.311776599427672,65.0,-30013.0
ZERO_THREE_RIGHT,1765074804.0,26.4,1.311776599427672,65.0,-30013.0
ZERO_THREE_RIGHT,1765074901.0,26.4,1.0931471661897265,65.0,-30110.0
ZERO_THREE_RIGHT,1765074901.0,26.4,1.0931471661897265,65.0,-30110.0
ZERO_THREE_RIGHT,1765075047.0,26.4,1.311776599427672,65.0,-30256.0
ZERO_THREE_RIGHT,1765075144.0,26.4,1.0931471661897265,65.0,-30353.0
ZERO_THREE_RIGHT,1765124311.0,26.4,1.0389091738007736,68.0,-672.0
ZERO_THREE_RIGHT,1765124933.0,26.4,1.2569794524780078,68.0,-1294.0
ZERO_THREE_RIGHT,1765125040.0,26.4,1.0389091738007736,68.0,-1401.0
ZERO_THREE_RIGHT,1765125535.0,26.4,1.2569794524780078,68.0,-1896.0
ZERO_THREE_RIGHT,1765125642.0,26.4,1.0389091738007736,68.0,-2003.0
ZERO_THREE_RIGHT,1765125993.0,26.4,1.2569794524780078,68.0,-2354.0
ZERO_THREE_RIGHT,1765125993.0,26.4,1.2569794524780078,68.0,-2354.0
ZERO_THREE_RIGHT,1765126100.0,26.4,1.0389091738007736,68.0,-2461.0
ZERO_THREE_RIGHT,1765126100.0,26.4,1.0389091738007736,68.0,-2461.0
ZERO_THREE_RIGHT,1765126236.0,26.4,1.2569794524780078,68.0,-2597.0
ZERO_THREE_RIGHT,1765126343.0,26.4,1.0389091738007736,68.0,-2704.0
ZERO_THREE_RIGHT,1765161120.0,26.4,1.1479443131393907,68.0,-37481.0
ZERO_THREE_RIGHT,1765161514.0,26.4,1.0383500192400625,68.0,-37875.0
ZERO_THREE_RIGHT,1765161722.0,26.4,1.1479443131393907,68.0,-38083.0
ZERO_THREE_RIGHT,1765162116.0,26.4,1.0383500192400625,68.0,-38477.0
ZERO_THREE_RIGHT,1765162180.0,26.4,1.1479443131393907,68.0,-38541.0
ZERO_THREE_RIGHT,1765162423.0,26.4,1.1479443131393907,68.0,-38784.0
ZERO_THREE_RIGHT,1765162574.0,26.4,1.0383500192400625,68.0,-38935.0
ZERO_THREE_RIGHT,1765162817.0,26.4,1.0383500192400625,68.0,-39178.0
ZERO_THREE_RIGHT,1765301015.0,26.4,1.421370893327,54.0,69720.0
ZERO_THREE_RIGHT,1765301294.0,26.4,1.311776599427672,54.0,69441.0
ZERO_THREE_RIGHT,1765301617.0,26.4,1.421370893327,54.0,69118.0
ZERO_THREE_RIGHT,1765301896.0,26.4,1.311776599427672,54.0,68839.0
ZERO_THREE_RIGHT,1765302075.0,26.4,1.421370893327,54.0,68660.0
ZERO_THREE_RIGHT,1765302075.0,26.4,1.421370893327,54.0,68660.0
ZERO_THREE_RIGHT,1765302318.0,26.4,1.421370893327,54.0,68417.0
ZERO_THREE_RIGHT,1765302354.0,26.4,1.311776599427672,54.0,68381.0
ZERO_THREE_RIGHT,1765302354.0,26.4,1.311776599427672,54.0,68381.0
ZERO_THREE_RIGHT,1765302597.0,26.4,1.311776599427672,54.0,68138.0
ZERO_THREE_RIGHT,1765322083.0,26.4,1.202741460089055,54.0,48652.0
ZERO_THREE_RIGHT,1765322384.0,26.4,0.9841120268511094,54.0,48351.0
ZERO_THREE_RIGHT,1765322812.0,26.4,1.202741460089055,54.0,47923.0
ZERO_THREE_RIGHT,1765322986.0,26.4,0.9841120268511094,54.0,47749.0
ZERO_THREE_RIGHT,1765323414.0,26.4,1.202741460089055,54.0,47321.0
ZERO_THREE_RIGHT,1765323444.0,26.4,0.9841120268511094,54.0,47291.0
ZERO_THREE_RIGHT,1765323444.0,26.4,0.9841120268511094,54.0,47291.0
ZERO_THREE_RIGHT,1765323687.0,26.4,0.9841120268511094,54.0,47048.0
ZERO_THREE_RIGHT,1765323872.0,26.4,1.202741460089055,54.0,46863.0
ZERO_THREE_RIGHT,1765323872.0,26.4,1.202741460089055,54.0,46863.0
ZERO_THREE_RIGHT,1765324115.0,26.4,1.202741460089055,54.0,46620.0
ZERO_THREE_RIGHT,1765386936.0,26.4,1.1479443131393907,69.0,0.0
ZERO_THREE_RIGHT,1765387094.0,26.4,1.0931471661897265,69.0,-158.0
ZERO_THREE_RIGHT,1765387548.0,26.4,1.1479443131393907,68.0,-12.0
ZERO_THREE_RIGHT,1765387696.0,26.4,1.0931471661897265,68.0,-160.0
ZERO_THREE_RIGHT,1765388150.0,26.4,1.1479443131393907,65.0,-14.0
ZERO_THREE_RIGHT,1765388154.0,26.4,1.0931471661897265,65.0,-18.0
ZERO_THREE_RIGHT,1765388154.0,26.4,1.0931471661897265,65.0,-18.0
ZERO_THREE_RIGHT,1765388397.0,26.4,1.0931471661897265,65.0,-261.0
ZERO_THREE_RIGHT,1765388608.0,26.4,1.1479443131393907,65.0,-472.0
ZERO_THREE_RIGHT,1765388608.0,26.4,1.1479443131393907,65.0,-472.0
ZERO_THREE_RIGHT,1765388851.0,26.4,1.1479443131393907,65.0,-715.0
ZERO_THREE_RIGHT,1765418868.0,26.4,1.0937063207504376,48.0,6044.0
ZERO_THREE_RIGHT,1765419470.0,26.4,1.0937063207504376,48.0,5442.0
ZERO_THREE_RIGHT,1765419928.0,26.4,1.0937063207504376,48.0,4984.0
ZERO_THREE_RIGHT,1765419928.0,26.4,1.0937063207504376,48.0,4984.0
ZERO_THREE_RIGHT,1765420171.0,26.4,1.0937063207504376,48.0,4741.0
ZERO_THREE_RIGHT,1765420783.0,26.4,1.0383500192400625,48.0,4129.0
ZERO_THREE_RIGHT,1765421395.0,26.4,1.0383500192400625,48.0,3517.0
ZERO_THREE_RIGHT,1765421997.0,26.4,1.0383500192400625,48.0,2915.0
ZERO_THREE_RIGHT,1765422455.0,26.4,1.0383500192400625,48.0,2457.0
ZERO_THREE_RIGHT,1765422455.0,26.4,1.0383500192400625,48.0,2457.0
ZERO_THREE_RIGHT,1765422698.0,26.4,1.0383500192400625,48.0,2214.0
ZERO_THREE_RIGHT,1765467673.0,26.4,0.8745177329517813,55.0,-760.0
ZERO_THREE_RIGHT,1765467848.0,26.4,0.9293148799014453,55.0,-935.0
ZERO_THREE_RIGHT,1765468275.0,26.4,0.8745177329517813,55.0,-1362.0
ZERO_THREE_RIGHT,1765468450.0,26.4,0.9293148799014453,55.0,-1537.0
ZERO_THREE_RIGHT,1765468733.0,26.4,0.8745177329517813,55.0,-1820.0
ZERO_THREE_RIGHT,1765468908.0,26.4,0.9293148799014453,55.0,-1995.0
ZERO_THREE_RIGHT,1765468908.0,26.4,0.9293148799014453,55.0,-1995.0
ZERO_THREE_RIGHT,1765468976.0,26.4,0.8745177329517813,55.0,-2063.0
ZERO_THREE_RIGHT,1765469151.0,26.4,0.9293148799014453,55.0,-2238.0
ZERO_THREE_RIGHT,1765506610.0,26.4,0.9841120268511093,52.0,3506.0
ZERO_THREE_RIGHT,1765506816.0,26.4,1.0937063207504376,52.0,3300.0
ZERO_THREE_RIGHT,1765507212.0,26.4,0.9841120268511093,52.0,2904.0
ZERO_THREE_RIGHT,1765507418.0,26.4,1.0937063207504376,52.0,2698.0
ZERO_THREE_RIGHT,1765507670.0,26.4,0.9841120268511093,52.0,2446.0
ZERO_THREE_RIGHT,1765507670.0,26.4,0.9841120268511093,52.0,2446.0
ZERO_THREE_RIGHT,1765507876.0,26.4,1.0937063207504376,52.0,2240.0
ZERO_THREE_RIGHT,1765507876.0,26.4,1.0937063207504376,52.0,2240.0
ZERO_THREE_RIGHT,1765507913.0,26.4,0.9841120268511093,52.0,2203.0
ZERO_THREE_RIGHT,1765508119.0,26.4,1.0937063207504376,52.0,1997.0
ZERO_THREE_RIGHT,1765558499.0,26.4,0.9841120268511094,60.0,66.0
ZERO_THREE_RIGHT,1765558911.0,26.4,1.2027414600890547,60.0,-193.0
ZERO_THREE_RIGHT,1765559111.0,26.4,0.9841120268511094,60.0,-393.0
ZERO_THREE_RIGHT,1765559513.0,26.4,1.2027414600890547,60.0,-795.0
ZERO_THREE_RIGHT,1765559713.0,26.4,0.9841120268511094,60.0,-995.0
ZERO_THREE_RIGHT,1765559971.0,26.4,1.2027414600890547,60.0,-1253.0
ZERO_THREE_RIGHT,1765559971.0,26.4,1.2027414600890547,60.0,-1253.0
ZERO_THREE_RIGHT,1765560171.0,26.4,0.9841120268511094,60.0,-1453.0
ZERO_THREE_RIGHT,1765560171.0,26.4,0.9841120268511094,60.0,-1453.0
ZERO_THREE_RIGHT,1765560214.0,26.4,1.2027414600890547,60.0,-1496.0
ZERO_THREE_RIGHT,1765560414.0,26.4,0.9841120268511094,60.0,-1696.0
ZERO_THREE_RIGHT,1765589600.0,26.4,1.2569794524780078,59.0,3885.0
ZERO_THREE_RIGHT,1765589943.0,26.4,1.2569794524780078,59.0,3542.0
ZERO_THREE_RIGHT,1765590212.0,26.4,1.2569794524780078,59.0,3273.0
ZERO_THREE_RIGHT,1765590545.0,26.4,1.2569794524780078,59.0,2940.0
ZERO_THREE_RIGHT,1765590814.0,26.4,1.2569794524780078,59.0,2671.0
ZERO_THREE_RIGHT,1765591003.0,26.4,1.2569794524780078,59.0,2482.0
ZERO_THREE_RIGHT,1765591003.0,26.4,1.2569794524780078,59.0,2482.0
ZERO_THREE_RIGHT,1765591246.0,26.4,1.2569794524780078,59.0,2239.0
ZERO_THREE_RIGHT,1765591272.0,26.4,1.2569794524780078,59.0,2213.0
ZERO_THREE_RIGHT,1765591272.0,26.4,1.2569794524780078,59.0,2213.0
ZERO_THREE_RIGHT,1765591515.0,26.4,1.2569794524780078,59.0,1970.0
ZERO_THREE_RIGHT,1765641014.0,26.4,1.2027414600890547,54.0,-728.0
ZERO_THREE_RIGHT,1765641525.0,26.4,1.0389091738007736,54.0,-1239.0
ZERO_THREE_RIGHT,1765641626.0,26.4,1.2027414600890547,54.0,-1340.0
ZERO_THREE_RIGHT,1765642127.0,26.4,1.0389091738007736,54.0,-1841.0
ZERO_THREE_RIGHT,1765642228.0,26.4,1.2027414600890547,54.0,-1942.0
ZERO_THREE_RIGHT,1765642585.0,26.4,1.0389091738007736,54.0,-2299.0
ZERO_THREE_RIGHT,1765642585.0,26.4,1.0389091738007736,54.0,-2299.0
ZERO_THREE_RIGHT,1765642686.0,26.4,1.2027414600890547,54.0,-2400.0
ZERO_THREE_RIGHT,1765642686.0,26.4,1.2027414600890547,54.0,-2400.0
ZERO_THREE_RIGHT,1765642828.0,26.4,1.0389091738007736,54.0,-2542.0
ZERO_THREE_RIGHT,1765642929.0,26.4,1.2027414600890547,54.0,-2643.0
ZERO_THREE_RIGHT,1765643387.0,26.4,1.2027414600890547,54.0,-3101.0
ZERO_THREE_RIGHT,1765659175.0,26.4,1.202741460089055,54.0,3814.0
ZERO_THREE_RIGHT,1765659632.0,26.4,1.2569794524780078,54.0,3357.0
ZERO_THREE_RIGHT,1765659787.0,26.4,1.202741460089055,54.0,3202.0
ZERO_THREE_RIGHT,1765660234.0,26.4,1.2569794524780078,54.0,2755.0
ZERO_THREE_RIGHT,1765660389.0,26.4,1.202741460089055,54.0,2600.0
ZERO_THREE_RIGHT,1765660692.0,26.4,1.2569794524780078,54.0,2297.0
ZERO_THREE_RIGHT,1765660692.0,26.4,1.2569794524780078,54.0,2297.0
ZERO_THREE_RIGHT,1765660847.0,26.4,1.202741460089055,54.0,2142.0
ZERO_THREE_RIGHT,1765660935.0,26.4,1.2569794524780078,54.0,2054.0
ZERO_THREE_RIGHT,1765661090.0,26.4,1.202741460089055,54.0,1899.0
ZERO_THREE_RIGHT,1765661393.0,26.4,1.2569794524780078,54.0,1596.0
ZERO_THREE_RIGHT,1765661548.0,26.4,1.202741460089055,54.0,1441.0
ZERO_THREE_RIGHT,1765762255.0,26.4,1.311776599427672,60.0,-862.0
ZERO_THREE_RIGHT,1765762701.0,26.4,1.311776599427672,60.0,-1308.0
ZERO_THREE_RIGHT,1765762867.0,26.4,1.311776599427672,60.0,-1474.0
ZERO_THREE_RIGHT,1765763303.0,26.4,1.311776599427672,85.0,1325.0
ZERO_THREE_RIGHT,1765763469.0,26.4,1.311776599427672,85.0,1159.0
ZERO_THREE_RIGHT,1765763761.0,26.4,1.311776599427672,85.0,867.0
ZERO_THREE_RIGHT,1765763761.0,26.4,1.311776599427672,85.0,867.0
ZERO_THREE_RIGHT,1765763927.0,26.4,1.311776599427672,85.0,701.0
ZERO_THREE_RIGHT,1765763927.0,26.4,1.311776599427672,85.0,701.0
ZERO_THREE_RIGHT,1765764004.0,26.4,1.311776599427672,85.0,624.0
ZERO_THREE_RIGHT,1765764170.0,26.4,1.311776599427672,85.0,458.0
ZERO_THREE_RIGHT,1765764462.0,26.4,1.311776599427672,85.0,166.0
ZERO_THREE_RIGHT,1765764628.0,26.4,1.311776599427672,85.0,0.0
ZERO_THREE_RIGHT,1766004290.0,26.4,0.4361879268917558,89.0,-1079.0
ZERO_THREE_RIGHT,1766004493.0,26.4,0.432496680625337,89.0,-1282.0
ZERO_THREE_RIGHT,1766005156.35,26.4,0.3572317807613711,89.0,-1945.3499999046326
ZERO_THREE_RIGHT,1767641681.0,8.8,1.5620857628751048,73.0,1835.8499999046326
ZERO_THREE_RIGHT,1767641977.35,8.8,2.212166706600714,73.0,1539.5
ZERO_THREE_RIGHT,1767643298.0,8.8,4.669810372388545,73.0,218.84999990463257
ZERO_THREE_RIGHT,1767643515.6,8.8,1.9532017953827256,73.0,1.25
ZERO_THREE_RIGHT,1767643558.35,8.8,2.4696347392199223,130.0,0.5
ZERO_THREE_RIGHT,1767645021.0,8.8,1.997639025431163,10660.0,238.5
ZERO_THREE_RIGHT,1767645258.0,8.8,7.623871230579598,10660.0,1.5
ZERO_THREE_RIGHT,1767645339.0,8.8,1.887634381552694,93.0,0.0
ZERO_THREE_RIGHT,1770151825.0,8.8,1.2768678364300081,136.0,473.5499999523163
ZERO_THREE_RIGHT,1770152069.0,8.8,1.0053769546469966,136.0,229.54999995231628
ZERO_THREE_RIGHT,1770152297.55,8.8,1.4595801034803546,136.0,1.0
ZERO_THREE_RIGHT,1770152479.8,8.8,1.4361849075325743,127.0,0.75
ZERO_THREE_RIGHT,1770152946.8,8.8,1.0827040747279508,89.0,1.25
ZERO_THREE_RIGHT,1770153301.3,8.8,1.1821253495130613,199.0,1.75
ZERO_THREE_RIGHT,1770153857.05,8.8,1.1658845313366408,119.0,1.0
ZERO_THREE_RIGHT,1770153897.8,8.8,1.1404752614234237,124.0,1.0
ZERO_THREE_RIGHT,1770154924.0,8.8,1.0520270632187678,120.0,0.0
ZERO_THREE_RIGHT,1770155662.0,8.8,1.3983401646512896,68.0,1.0
ZERO_THREE_RIGHT,1770155745.0,8.8,0.9690278280711047,142.0,0.0
ZERO_THREE_RIGHT,1770155910.0,8.8,1.3910473689494545,172.0,0.0
ZERO_THREE_RIGHT,1770156237.0,8.8,1.039419840503954,399.0,0.0
ZERO_THREE_RIGHT,1770156274.0,8.8,1.453550764973545,112.0,0.0
ZERO_THREE_RIGHT,1770229532.0,24.4,1.5846440250545704,97.0,-364.0
ZERO_THREE_RIGHT,1770229714.0,24.4,1.366014591816625,97.0,-546.0
ZERO_THREE_RIGHT,1770229990.0,24.4,1.5846440250545704,97.0,-822.0
ZERO_THREE_RIGHT,1770229990.0,24.4,1.5846440250545704,97.0,-822.0
ZERO_THREE_RIGHT,1770230172.0,24.4,1.366014591816625,97.0,-1004.0
ZERO_THREE_RIGHT,1770230172.0,24.4,1.366014591816625,97.0,-1004.0
ZERO_THREE_RIGHT,1770230233.0,24.4,1.5846440250545704,97.0,-1065.0
ZERO_THREE_RIGHT,1770230415.0,24.4,1.366014591816625,97.0,-1247.0
ZERO_THREE_RIGHT,1770230691.0,24.4,1.5846440250545704,97.0,-1523.0
ZERO_THREE_RIGHT,1770230873.0,24.4,1.366014591816625,97.0,-1705.0
ZERO_THREE_RIGHT,1770249679.0,24.4,1.5846440250545704,97.0,-20511.0
ZERO_THREE_RIGHT,1770249993.0,24.4,1.5846440250545704,97.0,-20825.0
ZERO_THREE_RIGHT,1770249993.0,24.4,1.5846440250545704,97.0,-20825.0
ZERO_THREE_RIGHT,1770250164.0,24.4,1.5298468781049066,97.0,-20996.0
ZERO_THREE_RIGHT,1770250164.0,24.4,1.5298468781049066,97.0,-20996.0
ZERO_THREE_RIGHT,1770250236.0,24.4,1.5846440250545704,97.0,-21068.0
ZERO_THREE_RIGHT,1770250407.0,24.4,1.5298468781049066,97.0,-21239.0
ZERO_THREE_RIGHT,1770250694.0,24.4,1.5846440250545704,97.0,-21526.0
ZERO_THREE_RIGHT,1770250865.0,24.4,1.5298468781049066,97.0,-21697.0
ZERO_THREE_RIGHT,1770256759.0,24.4,1.311776599427672,97.0,-27591.0
ZERO_THREE_RIGHT,1770257073.0,24.4,1.311776599427672,97.0,-27905.0
ZERO_THREE_RIGHT,1770257073.0,24.4,1.311776599427672,97.0,-27905.0
ZERO_THREE_RIGHT,1770257291.0,24.4,1.6394411720042346,97.0,-28123.0
ZERO_THREE_RIGHT,1770257291.0,24.4,1.6394411720042346,97.0,-28123.0
ZERO_THREE_RIGHT,1770257316.0,24.4,1.311776599427672,97.0,-28148.0
ZERO_THREE_RIGHT,1770257534.0,24.4,1.6394411720042346,97.0,-28366.0
ZERO_THREE_RIGHT,1770257774.0,24.4,1.311776599427672,97.0,-28606.0
ZERO_THREE_RIGHT,1770257992.0,24.4,1.6394411720042346,97.0,-28824.0
ZERO_THREE_RIGHT,1770314279.0,24.4,1.6394411720042346,118.0,-762.0
ZERO_THREE_RIGHT,1770314593.0,24.4,1.6394411720042346,118.0,-1076.0
ZERO_THREE_RIGHT,1770314593.0,24.4,1.6394411720042346,118.0,-1076.0
ZERO_THREE_RIGHT,1770314836.0,24.4,1.6394411720042346,118.0,-1319.0
ZERO_THREE_RIGHT,1770314861.0,24.4,1.311776599427672,118.0,-1344.0
ZERO_THREE_RIGHT,1770314861.0,24.4,1.311776599427672,118.0,-1344.0
ZERO_THREE_RIGHT,1770315104.0,24.4,1.311776599427672,118.0,-1587.0
ZERO_THREE_RIGHT,1770315294.0,24.4,1.6394411720042346,118.0,-1777.0
ZERO_THREE_RIGHT,1770315562.0,24.4,1.311776599427672,118.0,-2045.0
ZERO_THREE_RIGHT,1770329660.0,24.4,1.6942383189538988,118.0,-16143.0
ZERO_THREE_RIGHT,1770329974.0,24.4,1.6942383189538988,118.0,-16457.0
ZERO_THREE_RIGHT,1770329974.0,24.4,1.6942383189538988,118.0,-16457.0
ZERO_THREE_RIGHT,1770330154.0,24.4,1.5852031796152815,118.0,-16637.0
ZERO_THREE_RIGHT,1770330154.0,24.4,1.5852031796152815,118.0,-16637.0
ZERO_THREE_RIGHT,1770330217.0,24.4,1.6942383189538988,118.0,-16700.0
ZERO_THREE_RIGHT,1770330397.0,24.4,1.5852031796152815,118.0,-16880.0
ZERO_THREE_RIGHT,1770330675.0,24.4,1.6942383189538988,118.0,-17158.0
ZERO_THREE_RIGHT,1770330855.0,24.4,1.5852031796152815,118.0,-17338.0
ZERO_THREE_RIGHT,1770345132.0,24.4,1.9676648991415084,118.0,-31615.0
ZERO_THREE_RIGHT,1770345252.0,24.4,2.1862943323794535,118.0,-31735.0
ZERO_THREE_RIGHT,1770345446.0,24.4,1.9676648991415084,118.0,-31929.0
ZERO_THREE_RIGHT,1770345446.0,24.4,1.9676648991415084,118.0,-31929.0
ZERO_THREE_RIGHT,1770345566.0,24.4,2.1862943323794535,118.0,-32049.0
ZERO_THREE_RIGHT,1770345566.0,24.4,2.1862943323794535,118.0,-32049.0
ZERO_THREE_RIGHT,1770345689.0,24.4,1.9676648991415084,118.0,-32172.0
ZERO_THREE_RIGHT,1770345809.0,24.4,2.1862943323794535,118.0,-32292.0
ZERO_THREE_RIGHT,1770346147.0,24.4,1.9676648991415084,118.0,-32630.0
ZERO_THREE_RIGHT,1770346267.0,24.4,2.1862943323794535,118.0,-32750.0
ZERO_THREE_RIGHT,1770402205.0,24.4,1.8038326128532272,157.0,-1035.0
ZERO_THREE_RIGHT,1770402205.0,24.4,1.8038326128532272,157.0,-1035.0
ZERO_THREE_RIGHT,1770402448.0,24.4,1.8038326128532272,157.0,-1278.0
ZERO_THREE_RIGHT,1770402587.0,24.4,1.9671057445807971,157.0,-1417.0
ZERO_THREE_RIGHT,1770402906.0,24.4,1.8038326128532272,157.0,-1736.0
ZERO_THREE_RIGHT,1770403045.0,24.4,1.9671057445807971,157.0,-1875.0
ZERO_THREE_RIGHT,1770415763.0,24.4,1.8038326128532272,157.0,-14593.0
ZERO_THREE_RIGHT,1770415865.0,24.4,2.0224620460911726,157.0,-14695.0
ZERO_THREE_RIGHT,1770416320.0,24.4,1.8038326128532272,157.0,-15150.0
ZERO_THREE_RIGHT,1770416422.0,24.4,2.0224620460911726,157.0,-15252.0
ZERO_THREE_RIGHT,1770416778.0,24.4,1.8038326128532272,157.0,-15608.0
ZERO_THREE_RIGHT,1770416880.0,24.4,2.0224620460911726,157.0,-15710.0
ZERO_THREE_RIGHT,1770431005.0,24.4,1.9128677521918442,157.0,-29835.0
ZERO_THREE_RIGHT,1770431201.0,24.4,1.9128677521918442,157.0,-30031.0
ZERO_THREE_RIGHT,1770431562.0,24.4,1.9128677521918442,157.0,-30392.0
ZERO_THREE_RIGHT,1770431758.0,24.4,1.9128677521918442,157.0,-30588.0
ZERO_THREE_RIGHT,1770432020.0,24.4,1.9128677521918442,157.0,-30850.0
ZERO_THREE_RIGHT,1770432216.0,24.4,1.9128677521918442,157.0,-31046.0
ZERO_THREE_RIGHT,1770488932.0,24.4,1.6942383189538988,138.0,-18.0
ZERO_THREE_RIGHT,1770489489.0,24.4,1.6942383189538988,138.0,-575.0
ZERO_THREE_RIGHT,1770489752.0,24.4,1.9128677521918442,138.0,-838.0
ZERO_THREE_RIGHT,1770489947.0,24.4,1.6942383189538988,138.0,-1033.0
ZERO_THREE_RIGHT,1770490309.0,24.4,1.9128677521918442,138.0,-1395.0
ZERO_THREE_RIGHT,1770490767.0,24.4,1.9128677521918442,138.0,-1853.0
ZERO_THREE_RIGHT,1770502463.0,24.4,1.9676648991415082,138.0,-13549.0
ZERO_THREE_RIGHT,1770503020.0,24.4,1.9676648991415082,138.0,-14106.0
ZERO_THREE_RIGHT,1770503478.0,24.4,1.9676648991415082,138.0,-14564.0
ZERO_THREE_RIGHT,1770503699.0,24.4,2.0224620460911726,138.0,-14785.0
ZERO_THREE_RIGHT,1770504256.0,24.4,2.0224620460911726,138.0,-15342.0
ZERO_THREE_RIGHT,1770504714.0,24.4,2.0224620460911726,138.0,-15800.0
ZERO_THREE_RIGHT,1770516379.0,24.4,1.6942383189538988,138.0,-27465.0
ZERO_THREE_RIGHT,1770516699.0,24.4,1.749035465903563,138.0,-27785.0
ZERO_THREE_RIGHT,1770516844.0,24.4,1.6942383189538988,138.0,-27930.0
ZERO_THREE_RIGHT,1770517157.0,24.4,1.749035465903563,138.0,-28243.0
ZERO_THREE_RIGHT,1770517302.0,24.4,1.6942383189538988,138.0,-28388.0
ZERO_THREE_RIGHT,1770575067.0,24.4,2.0224620460911726,146.0,-1093.0
ZERO_THREE_RIGHT,1770575525.0,24.4,2.0224620460911726,146.0,-1551.0
ZERO_THREE_RIGHT,1770586394.0,24.4,2.1314971854297897,146.0,-12420.0
ZERO_THREE_RIGHT,1770586859.0,24.4,2.1314971854297897,146.0,-12885.0
ZERO_THREE_RIGHT,1770586967.0,24.4,1.85807060524218,146.0,-12993.0
ZERO_THREE_RIGHT,1770587317.0,24.4,2.1314971854297897,146.0,-13343.0
ZERO_THREE_RIGHT,1770587425.0,24.4,1.85807060524218,146.0,-13451.0
ZERO_THREE_RIGHT,1770603975.0,24.4,2.0219028915304613,146.0,-30001.0
ZERO_THREE_RIGHT,1770604208.0,24.4,1.803273458292516,146.0,-30234.0
ZERO_THREE_RIGHT,1770604440.0,24.4,2.0219028915304613,146.0,-30466.0
ZERO_THREE_RIGHT,1770604673.0,24.4,1.803273458292516,146.0,-30699.0
ZERO_THREE_RIGHT,1770604898.0,24.4,2.0219028915304613,146.0,-30924.0
ZERO_THREE_RIGHT,1770605131.0,24.4,1.803273458292516,146.0,-31157.0
ZERO_THREE_RIGHT,1770662343.0,24.4,1.749035465903563,140.0,-439.0
ZERO_THREE_RIGHT,1770662436.0,24.4,1.9134269067525551,140.0,-532.0
ZERO_THREE_RIGHT,1770662808.0,24.4,1.749035465903563,140.0,-904.0
ZERO_THREE_RIGHT,1770662901.0,24.4,1.9134269067525551,140.0,-997.0
ZERO_THREE_RIGHT,1770663266.0,24.4,1.749035465903563,140.0,-1362.0
ZERO_THREE_RIGHT,1770663359.0,24.4,1.9134269067525551,140.0,-1455.0
ZERO_THREE_RIGHT,1770675432.0,24.4,1.6400003265649454,140.0,-13528.0
ZERO_THREE_RIGHT,1770675579.0,24.4,1.6942383189538988,140.0,-13675.0
ZERO_THREE_RIGHT,1770675897.0,24.4,1.6400003265649454,140.0,-13993.0
ZERO_THREE_RIGHT,1770676044.0,24.4,1.6942383189538988,140.0,-14140.0
ZERO_THREE_RIGHT,1770676355.0,24.4,1.6400003265649454,140.0,-14451.0
ZERO_THREE_RIGHT,1770676502.0,24.4,1.6942383189538988,140.0,-14598.0
ZERO_THREE_RIGHT,1770691739.0,24.4,1.5846440250545704,140.0,-29835.0
ZERO_THREE_RIGHT,1770691915.0,24.4,1.6400003265649459,140.0,-30011.0
ZERO_THREE_RIGHT,1770692204.0,24.4,1.5846440250545704,140.0,-30300.0
ZERO_THREE_RIGHT,1770692380.0,24.4,1.6400003265649459,140.0,-30476.0
ZERO_THREE_RIGHT,1770692662.0,24.4,1.5846440250545704,140.0,-30758.0
ZERO_THREE_RIGHT,1770692838.0,24.4,1.6400003265649459,140.0,-30934.0
ZERO_THREE_RIGHT,1770750603.0,24.4,1.6394411720042346,208.0,-388.0
ZERO_THREE_RIGHT,1770750643.0,24.4,1.9128677521918442,208.0,-428.0
ZERO_THREE_RIGHT,1770751068.0,24.4,1.6394411720042346,208.0,-853.0
ZERO_THREE_RIGHT,1770751108.0,24.4,1.9128677521918442,208.0,-893.0
ZERO_THREE_RIGHT,1770751526.0,24.4,1.6394411720042346,208.0,-1311.0
ZERO_THREE_RIGHT,1770751566.0,24.4,1.9128677521918442,208.0,-1351.0
ZERO_THREE_RIGHT,1770763783.0,24.4,1.6394411720042346,208.0,-13568.0
ZERO_THREE_RIGHT,1770763909.0,24.4,1.749035465903563,208.0,-13694.0
ZERO_THREE_RIGHT,1770764248.0,24.4,1.6394411720042346,208.0,-14033.0
ZERO_THREE_RIGHT,1770764374.0,24.4,1.749035465903563,208.0,-14159.0
ZERO_THREE_RIGHT,1770764706.0,24.4,1.6394411720042346,208.0,-14491.0
ZERO_THREE_RIGHT,1770764832.0,24.4,1.749035465903563,208.0,-14617.0
ZERO_THREE_RIGHT,1770834768.0,24.4,1.5852031796152817,112.0,-1149.0
ZERO_THREE_RIGHT,1770835042.0,24.4,1.6942383189538988,112.0,-1423.0
ZERO_THREE_RIGHT,1770835226.0,24.4,1.5852031796152817,112.0,-1607.0
ZERO_THREE_RIGHT,1770835500.0,24.4,1.6942383189538988,112.0,-1881.0
ZERO_THREE_RIGHT,1770835520.0,24.4,1.5852031796152817,112.0,-1901.0
ZERO_THREE_RIGHT,1770835794.0,24.4,1.6942383189538988,112.0,-2175.0
ZERO_THREE_RIGHT,1770849575.0,24.4,1.3665737463773362,112.0,-15956.0
ZERO_THREE_RIGHT,1770849725.0,24.4,1.420811738766289,112.0,-16106.0
ZERO_THREE_RIGHT,1770850040.0,24.4,1.3665737463773362,112.0,-16421.0
ZERO_THREE_RIGHT,1770850190.0,24.4,1.420811738766289,112.0,-16571.0
ZERO_THREE_RIGHT,1770850498.0,24.4,1.3665737463773362,112.0,-16879.0
ZERO_THREE_RIGHT,1770850648.0,24.4,1.420811738766289,112.0,-17029.0
ZERO_THREE_RIGHT,1770850792.0,24.4,1.3665737463773362,112.0,-17173.0
ZERO_THREE_RIGHT,1770850942.0,24.4,1.420811738766289,112.0,-17323.0
ZERO_THREE_RIGHT,1770922660.0,24.4,1.4756088857159533,121.0,-247.0
ZERO_THREE_RIGHT,1770923125.0,24.4,1.4756088857159533,132.0,-112.0
ZERO_THREE_RIGHT,1770923571.0,24.4,1.6394411720042346,132.0,-558.0
ZERO_THREE_RIGHT,1770923583.0,24.4,1.4756088857159533,132.0,-570.0
ZERO_THREE_RIGHT,1770923877.0,24.4,1.4756088857159533,132.0,-864.0
ZERO_THREE_RIGHT,1770924036.0,24.4,1.6394411720042346,132.0,-1023.0
ZERO_THREE_RIGHT,1770924494.0,24.4,1.6394411720042346,132.0,-1481.0
ZERO_THREE_RIGHT,1770924788.0,24.4,1.6394411720042346,132.0,-1775.0
ZERO_THREE_RIGHT,1770934713.0,24.4,1.6394411720042346,132.0,-11700.0
ZERO_THREE_RIGHT,1770934812.0,24.4,1.8038326128532272,132.0,-11799.0
ZERO_THREE_RIGHT,1770935178.0,24.4,1.6394411720042346,132.0,-12165.0
ZERO_THREE_RIGHT,1770935277.0,24.4,1.8038326128532272,132.0,-12264.0
ZERO_THREE_RIGHT,1770935636.0,24.4,1.6394411720042346,132.0,-12623.0
ZERO_THREE_RIGHT,1770935735.0,24.4,1.8038326128532272,132.0,-12722.0
ZERO_THREE_RIGHT,1770935930.0,24.4,1.6394411720042346,132.0,-12917.0
ZERO_THREE_RIGHT,1770936029.0,24.4,1.8038326128532272,132.0,-13016.0
ZERO_THREE_RIGHT,1771009406.0,24.4,1.4756088857159533,167.0,-2956.0
ZERO_THREE_RIGHT,1771009547.0,24.4,1.9128677521918442,167.0,-3097.0
ZERO_THREE_RIGHT,1771009749.0,24.4,1.4756088857159533,167.0,-3299.0
ZERO_THREE_RIGHT,1771009890.0,24.4,1.9128677521918442,167.0,-3440.0
ZERO_THREE_RIGHT,1771010207.0,24.4,1.4756088857159533,167.0,-3757.0
ZERO_THREE_RIGHT,1771010348.0,24.4,1.9128677521918442,167.0,-3898.0
ZERO_THREE_RIGHT,1771010501.0,24.4,1.4756088857159533,167.0,-4051.0
ZERO_THREE_RIGHT,1771010642.0,24.4,1.9128677521918442,167.0,-4192.0
ZERO_THREE_RIGHT,1771028823.0,24.4,1.5846440250545704,122.0,11454.0
ZERO_THREE_RIGHT,1771029166.0,24.4,1.5846440250545704,122.0,11111.0
ZERO_THREE_RIGHT,1771029624.0,24.4,1.5846440250545704,122.0,10653.0
ZERO_THREE_RIGHT,1771029918.0,24.4,1.5846440250545704,122.0,10359.0
ZERO_THREE_RIGHT,1771036520.0,24.4,1.4761680402766642,122.0,3757.0
ZERO_THREE_RIGHT,1771036773.0,24.4,1.3665737463773362,122.0,3504.0
ZERO_THREE_RIGHT,1771036978.0,24.4,1.4761680402766642,122.0,3299.0
ZERO_THREE_RIGHT,1771037231.0,24.4,1.3665737463773362,122.0,3046.0
ZERO_THREE_RIGHT,1771037272.0,24.4,1.4761680402766642,122.0,3005.0
ZERO_THREE_RIGHT,1771037525.0,24.4,1.3665737463773362,122.0,2752.0
ZERO_THREE_RIGHT,1771093949.0,24.4,1.3665737463773362,122.0,-871.0
ZERO_THREE_RIGHT,1771094073.0,24.4,1.5304060326656175,122.0,-995.0
ZERO_THREE_RIGHT,1771094407.0,24.4,1.3665737463773362,122.0,-1329.0
ZERO_THREE_RIGHT,1771094531.0,24.4,1.5304060326656175,122.0,-1453.0
ZERO_THREE_RIGHT,1771094701.0,24.4,1.3665737463773362,122.0,-1623.0
ZERO_THREE_RIGHT,1771094825.0,24.4,1.5304060326656175,122.0,-1747.0
ZERO_THREE_RIGHT,1771109943.0,24.4,1.5309651872263284,122.0,-16865.0
ZERO_THREE_RIGHT,1771109973.0,24.4,1.4756088857159533,122.0,-16895.0
ZERO_THREE_RIGHT,1771110286.0,24.4,1.5309651872263284,119.0,16718.0
ZERO_THREE_RIGHT,1771110744.0,24.4,1.5309651872263284,119.0,16260.0
ZERO_THREE_RIGHT,1771110774.0,24.4,1.4756088857159533,119.0,16230.0
ZERO_THREE_RIGHT,1771111038.0,24.4,1.5309651872263284,119.0,15966.0
ZERO_THREE_RIGHT,1771111068.0,24.4,1.4756088857159533,119.0,15936.0
ZERO_THREE_RIGHT,1771123134.0,24.4,1.4756088857159533,119.0,3870.0
ZERO_THREE_RIGHT,1771123177.0,24.4,1.8038326128532272,119.0,3827.0
ZERO_THREE_RIGHT,1771123935.0,24.4,1.4756088857159533,119.0,3069.0
ZERO_THREE_RIGHT,1771123978.0,24.4,1.8038326128532272,119.0,3026.0
ZERO_THREE_RIGHT,1771124229.0,24.4,1.4756088857159533,119.0,2775.0
ZERO_THREE_RIGHT,1771124272.0,24.4,1.8038326128532272,119.0,2732.0
ZERO_THREE_RIGHT,1771188328.0,24.4,1.6400003265649459,133.0,-722.0
ZERO_THREE_RIGHT,1771189129.0,24.4,1.6400003265649459,133.0,-1523.0
ZERO_THREE_RIGHT,1771189423.0,24.4,1.6400003265649459,133.0,-1817.0
ZERO_THREE_RIGHT,1771203397.0,24.4,1.749035465903563,119.0,3829.0
ZERO_THREE_RIGHT,1771204198.0,24.4,1.749035465903563,119.0,3028.0
ZERO_THREE_RIGHT,1771204492.0,24.4,1.749035465903563,119.0,2734.0
ZERO_THREE_RIGHT,1771269700.0,24.4,1.4756088857159533,129.0,-672.0
ZERO_THREE_RIGHT,1771269700.0,24.4,1.4756088857159533,129.0,-672.0
ZERO_THREE_RIGHT,1771270501.0,24.4,1.4756088857159533,129.0,-1473.0
ZERO_THREE_RIGHT,1771270795.0,24.4,1.4756088857159533,129.0,-1767.0
ZERO_THREE_RIGHT,1771280263.0,24.4,1.6394411720042346,121.0,3794.0
ZERO_THREE_RIGHT,1771281064.0,24.4,1.6394411720042346,121.0,2993.0
ZERO_THREE_RIGHT,1771281358.0,24.4,1.6394411720042346,121.0,2699.0
ZERO_THREE_RIGHT,1771349516.0,24.4,1.6942383189538988,126.0,-657.0
ZERO_THREE_RIGHT,1771349584.0,24.4,1.5304060326656175,126.0,-725.0
ZERO_THREE_RIGHT,1771349616.0,24.4,1.6942383189538988,126.0,-757.0
ZERO_THREE_RIGHT,1771350317.0,24.4,1.6942383189538988,126.0,-1458.0
ZERO_THREE_RIGHT,1771350385.0,24.4,1.5304060326656175,126.0,-1526.0
ZERO_THREE_RIGHT,1771350611.0,24.4,1.6942383189538988,126.0,-1752.0
ZERO_THREE_RIGHT,1771350679.0,24.4,1.5304060326656175,126.0,-1820.0
ZERO_THREE_RIGHT,1771382514.0,24.4,1.5298468781049066,99.0,3770.0
ZERO_THREE_RIGHT,1771382583.0,24.4,1.3665737463773362,99.0,3701.0
ZERO_THREE_RIGHT,1771383215.0,24.4,1.5298468781049066,99.0,3069.0
ZERO_THREE_RIGHT,1771383284.0,24.4,1.3665737463773362,99.0,3000.0
ZERO_THREE_RIGHT,1771383509.0,24.4,1.5298468781049066,99.0,2775.0
ZERO_THREE_RIGHT,1771383578.0,24.4,1.3665737463773362,99.0,2706.0
ZERO_THREE_RIGHT,1771531365.0,8.8,2.637460106138713,123.0,456.7000000476837
ZERO_THREE_RIGHT,1771531457.0,8.8,4.252370434206072,123.0,364.7000000476837
ZERO_THREE_RIGHT,1771531540.0,8.8,2.3883047034215297,123.0,281.7000000476837
ZERO_THREE_RIGHT,1771531599.0,8.8,4.252370434206073,123.0,222.70000004768372
ZERO_THREE_RIGHT,1771531751.0,8.8,4.252370434206072,123.0,70.70000004768372
ZERO_THREE_RIGHT,1771531820.45,8.8,2.4025408319851564,123.0,1.25
ZERO_THREE_RIGHT,1771531893.0,8.8,4.252370434206073,115.0,0.20000004768371582
ZERO_THREE_RIGHT,1771532122.95,8.8,2.225525448741437,108.0,1.0
ZERO_THREE_RIGHT,1771533109.0,8.8,2.934330472583044,125.0,-113.54999995231628
ZERO_THREE_RIGHT,1771533391.3500001,8.8,2.4424589417943405,6639.0,1.25
ZERO_THREE_RIGHT,1771533762.6000001,8.8,3.994588681454347,78.0,1.0
ZERO_THREE_RIGHT,1771534417.1000001,8.8,3.268575673452709,119.0,1.0
ZERO_THREE_RIGHT,1771534448.3500001,8.8,1.9909820702105392,134.0,1.0
ZERO_THREE_RIGHT,1771534468.8500001,8.8,3.1572782874848206,130.0,1.0
ZERO_THREE_RIGHT,1771553980.0,8.8,4.5263561689543925,195.0,-19502.64999985695
ZERO_THREE_RIGHT,1771554090.0,8.8,4.251811279645361,195.0,-19612.64999985695
ZERO_THREE_RIGHT,1771554274.0,8.8,4.5263561689543925,195.0,-19796.64999985695
ZERO_THREE_RIGHT,1771554384.0,8.8,4.251811279645361,195.0,-19906.64999985695
ZERO_THREE_RIGHT,1771614903.0,24.4,1.6942383189538988,110.0,-1349.0
ZERO_THREE_RIGHT,1771615197.0,24.4,1.6942383189538988,110.0,-1643.0
ZERO_THREE_RIGHT,1771615273.0,24.4,1.803832612853227,110.0,-1719.0
ZERO_THREE_RIGHT,1771615567.0,24.4,1.803832612853227,110.0,-2013.0
ZERO_THREE_RIGHT,1771628966.0,24.4,1.803273458292516,110.0,-15412.0
ZERO_THREE_RIGHT,1771629120.0,24.4,1.9128677521918442,110.0,-15566.0
ZERO_THREE_RIGHT,1771629667.0,24.4,1.803273458292516,110.0,-16113.0
ZERO_THREE_RIGHT,1771629821.0,24.4,1.9128677521918442,110.0,-16267.0
ZERO_THREE_RIGHT,1771629961.0,24.4,1.803273458292516,110.0,-16407.0
ZERO_THREE_RIGHT,1771630115.0,24.4,1.9128677521918442,110.0,-16561.0
ZERO_THREE_RIGHT,1771699363.0,26.4,1.749035465903563,126.0,-556.0
ZERO_THREE_RIGHT,1771699452.0,26.4,1.6942383189538988,126.0,-645.0
ZERO_THREE_RIGHT,1771700064.0,26.4,1.749035465903563,126.0,-1257.0
ZERO_THREE_RIGHT,1771700153.0,26.4,1.6942383189538988,126.0,-1346.0
ZERO_THREE_RIGHT,1771700358.0,26.4,1.749035465903563,126.0,-1551.0
ZERO_THREE_RIGHT,1771700447.0,26.4,1.6942383189538988,126.0,-1640.0
ZERO_THREE_RIGHT,1771711076.0,26.4,1.6400003265649457,126.0,-12269.0
ZERO_THREE_RIGHT,1771711258.0,26.4,1.749035465903563,126.0,-12451.0
ZERO_THREE_RIGHT,1771711777.0,26.4,1.6400003265649457,126.0,-12970.0
ZERO_THREE_RIGHT,1771711959.0,26.4,1.749035465903563,126.0,-13152.0
ZERO_THREE_RIGHT,1771712071.0,26.4,1.6400003265649457,126.0,-13264.0
ZERO_THREE_RIGHT,1771712253.0,26.4,1.749035465903563,126.0,-13446.0
ZERO_THREE_RIGHT,1771728183.0,26.4,2.022462046091172,126.0,-29376.0
ZERO_THREE_RIGHT,1771728332.0,26.4,1.6400003265649459,126.0,-29525.0
ZERO_THREE_RIGHT,1771728783.0,26.4,2.022462046091172,126.0,-29976.0
ZERO_THREE_RIGHT,1771728932.0,26.4,1.6400003265649459,126.0,-30125.0
ZERO_THREE_RIGHT,1771729077.0,26.4,2.022462046091172,126.0,-30270.0
ZERO_THREE_RIGHT,1771729226.0,26.4,1.6400003265649459,126.0,-30419.0
ZERO_THREE_RIGHT,1771782711.0,26.4,1.5852031796152817,112.0,-873.0
ZERO_THREE_RIGHT,1771782986.0,26.4,1.4761680402766642,112.0,-1148.0
ZERO_THREE_RIGHT,1771783005.0,26.4,1.5852031796152817,112.0,-1167.0
ZERO_THREE_RIGHT,1771783280.0,26.4,1.4761680402766642,112.0,-1442.0
ZERO_THREE_RIGHT,1771811308.0,26.4,1.749035465903563,112.0,-29470.0
ZERO_THREE_RIGHT,1771811502.0,26.4,1.749035465903563,112.0,-29664.0
ZERO_THREE_RIGHT,1771811602.0,26.4,1.749035465903563,112.0,-29764.0
ZERO_THREE_RIGHT,1771811796.0,26.4,1.749035465903563,112.0,-29958.0
ZERO_THREE_RIGHT,1771872641.0,26.4,1.5852031796152817,97.0,-981.0
ZERO_THREE_RIGHT,1771872740.0,26.4,1.6942383189538988,97.0,-1080.0
ZERO_THREE_RIGHT,1771873241.0,26.4,1.5852031796152817,97.0,-1581.0
ZERO_THREE_RIGHT,1771873340.0,26.4,1.6942383189538988,97.0,-1680.0
ZERO_THREE_RIGHT,1771873535.0,26.4,1.5852031796152817,97.0,-1875.0
ZERO_THREE_RIGHT,1771873634.0,26.4,1.6942383189538988,97.0,-1974.0
ZERO_THREE_RIGHT,1771886615.0,26.4,1.5852031796152815,97.0,-14955.0
ZERO_THREE_RIGHT,1771886746.0,26.4,1.4761680402766642,97.0,-15086.0
ZERO_THREE_RIGHT,1771887215.0,26.4,1.5852031796152815,97.0,-15555.0
ZERO_THREE_RIGHT,1771887346.0,26.4,1.4761680402766642,97.0,-15686.0
ZERO_THREE_RIGHT,1771887509.0,26.4,1.5852031796152815,97.0,-15849.0
ZERO_THREE_RIGHT,1771887640.0,26.4,1.4761680402766642,97.0,-15980.0
ZERO_THREE_RIGHT,1771897825.0,26.4,1.749035465903563,97.0,-26165.0
ZERO_THREE_RIGHT,1771898072.0,26.4,1.311776599427672,97.0,-26412.0
ZERO_THREE_RIGHT,1771898425.0,26.4,1.749035465903563,97.0,-26765.0
ZERO_THREE_RIGHT,1771898672.0,26.4,1.311776599427672,97.0,-27012.0
ZERO_THREE_RIGHT,1771898719.0,26.4,1.749035465903563,97.0,-27059.0
ZERO_THREE_RIGHT,1771898966.0,26.4,1.311776599427672,97.0,-27306.0
ZERO_THREE_RIGHT,1771979914.0,26.4,1.2569794524780078,91.0,-570.0
ZERO_THREE_RIGHT,1771980030.0,26.4,1.311776599427672,91.0,-686.0
ZERO_THREE_RIGHT,1771980514.0,26.4,1.2569794524780078,91.0,-1170.0
ZERO_THREE_RIGHT,1771980630.0,26.4,1.311776599427672,91.0,-1286.0
ZERO_THREE_RIGHT,1771980808.0,26.4,1.2569794524780078,91.0,-1464.0
ZERO_THREE_RIGHT,1771980924.0,26.4,1.311776599427672,91.0,-1580.0
ZERO_THREE_RIGHT,1772044525.0,26.4,1.420811738766289,111.0,-182.0
ZERO_THREE_RIGHT,1772044657.0,26.4,1.5852031796152817,112.0,286.0
ZERO_THREE_RIGHT,1772044819.0,26.4,1.420811738766289,112.0,124.0
ZERO_THREE_RIGHT,1772044951.0,26.4,1.5852031796152817,112.0,-8.0
ZERO_THREE_RIGHT,1772057539.0,26.4,1.6947974735146099,107.0,-1196.0
ZERO_THREE_RIGHT,1772057729.0,26.4,1.6942383189538988,107.0,-1386.0
ZERO_THREE_RIGHT,1772057833.0,26.4,1.6947974735146099,107.0,-1490.0
ZERO_THREE_RIGHT,1772058023.0,26.4,1.6942383189538988,107.0,-1680.0
ZERO_THREE_RIGHT,1772070906.0,26.4,1.6942383189538988,107.0,-14563.0
ZERO_THREE_RIGHT,1772071506.0,26.4,1.6942383189538988,107.0,-15163.0
ZERO_THREE_RIGHT,1772071800.0,26.4,1.6942383189538988,107.0,-15457.0
ZERO_THREE_RIGHT,1772071855.0,26.4,1.749035465903563,107.0,-15512.0
ZERO_THREE_RIGHT,1772072149.0,26.4,1.749035465903563,107.0,-15806.0
ZERO_THREE_RIGHT,1772129566.0,26.4,1.6400003265649454,113.0,-406.0
ZERO_THREE_RIGHT,1772130166.0,26.4,1.6400003265649454,113.0,-1006.0
ZERO_THREE_RIGHT,1772130284.0,26.4,1.5852031796152815,113.0,-1124.0
ZERO_THREE_RIGHT,1772130460.0,26.4,1.6400003265649454,113.0,-1300.0
ZERO_THREE_RIGHT,1772130578.0,26.4,1.5852031796152815,113.0,-1418.0
ZERO_THREE_RIGHT,1772164694.0,26.4,1.5846440250545706,113.0,-35534.0
ZERO_THREE_RIGHT,1772164792.0,26.4,1.5309651872263284,113.0,-35632.0
ZERO_THREE_RIGHT,1772165294.0,26.4,1.5846440250545706,113.0,-36134.0
ZERO_THREE_RIGHT,1772165392.0,26.4,1.5309651872263284,113.0,-36232.0
ZERO_THREE_RIGHT,1772165588.0,26.4,1.5846440250545706,113.0,-36428.0
ZERO_THREE_RIGHT,1772165686.0,26.4,1.5309651872263284,113.0,-36526.0
ZERO_THREE_RIGHT,1772225920.0,26.4,1.6942383189538988,118.0,154.0
ZERO_THREE_RIGHT,1772226520.0,26.4,1.6942383189538988,118.0,-304.0
ZERO_THREE_RIGHT,1772226731.0,26.4,1.5857623341759925,118.0,-515.0
ZERO_THREE_RIGHT,1772226814.0,26.4,1.6942383189538988,118.0,-598.0
ZERO_THREE_RIGHT,1772227331.0,26.4,1.5857623341759925,118.0,-1115.0
ZERO_THREE_RIGHT,1772227625.0,26.4,1.5857623341759925,118.0,-1409.0
ZERO_THREE_RIGHT,1772232464.0,26.4,1.4756088857159533,118.0,-6248.0
ZERO_THREE_RIGHT,1772232510.0,26.4,1.4213708933270002,118.0,-6294.0
ZERO_THREE_RIGHT,1772232922.0,26.4,1.4756088857159533,118.0,-6706.0
ZERO_THREE_RIGHT,1772232968.0,26.4,1.4213708933270002,118.0,-6752.0
ZERO_THREE_RIGHT,1772233216.0,26.4,1.4756088857159533,118.0,-7000.0
ZERO_THREE_RIGHT,1772233262.0,26.4,1.4213708933270002,118.0,-7046.0
ZERO_THREE_RIGHT,1772233603.0,26.4,1.4756088857159533,118.0,-7387.0
ZERO_THREE_RIGHT,1772233649.0,26.4,1.4213708933270002,118.0,-7433.0
ZERO_THREE_RIGHT,1772245423.0,26.4,1.6942383189538988,121.0,3783.0
ZERO_THREE_RIGHT,1772245881.0,26.4,1.6942383189538988,121.0,3325.0
ZERO_THREE_RIGHT,1772245961.0,26.4,1.5852031796152817,121.0,3245.0
ZERO_THREE_RIGHT,1772246175.0,26.4,1.6942383189538988,121.0,3031.0
ZERO_THREE_RIGHT,1772246255.0,26.4,1.5852031796152817,121.0,2951.0
ZERO_THREE_RIGHT,1772246562.0,26.4,1.6942383189538988,121.0,2644.0
ZERO_THREE_RIGHT,1772246642.0,26.4,1.5852031796152817,121.0,2564.0
ZERO_THREE_RIGHT,1772307429.0,26.4,1.4761680402766642,105.0,-1221.0
ZERO_THREE_RIGHT,1772307534.0,26.4,1.5852031796152817,105.0,-1326.0
ZERO_THREE_RIGHT,1772307723.0,26.4,1.4761680402766642,105.0,-1515.0
ZERO_THREE_RIGHT,1772307828.0,26.4,1.5852031796152817,105.0,-1620.0
ZERO_THREE_RIGHT,1772308110.0,26.4,1.4761680402766642,105.0,-1902.0
ZERO_THREE_RIGHT,1772308215.0,26.4,1.5852031796152817,105.0,-2007.0
ZERO_THREE_RIGHT,1772319327.0,26.4,1.311776599427672,115.0,3807.0
ZERO_THREE_RIGHT,1772319455.0,26.4,1.749035465903563,115.0,3679.0
ZERO_THREE_RIGHT,1772319785.0,26.4,1.311776599427672,115.0,3349.0
ZERO_THREE_RIGHT,1772319913.0,26.4,1.749035465903563,115.0,3221.0
ZERO_THREE_RIGHT,1772320079.0,26.4,1.311776599427672,115.0,3055.0
ZERO_THREE_RIGHT,1772320207.0,26.4,1.749035465903563,115.0,2927.0
ZERO_THREE_RIGHT,1772320466.0,26.4,1.311776599427672,115.0,2668.0
ZERO_THREE_RIGHT,1772320594.0,26.4,1.749035465903563,115.0,2540.0
ZERO_THREE_RIGHT,1772383520.0,26.4,1.4213708933270002,107.0,-384.0
ZERO_THREE_RIGHT,1772383708.0,26.4,1.5304060326656175,107.0,-572.0
ZERO_THREE_RIGHT,1772383978.0,26.4,1.4213708933270002,107.0,-842.0
ZERO_THREE_RIGHT,1772384166.0,26.4,1.5304060326656175,107.0,-1030.0
ZERO_THREE_RIGHT,1772384272.0,26.4,1.4213708933270002,107.0,-1136.0
ZERO_THREE_RIGHT,1772384460.0,26.4,1.5304060326656175,107.0,-1324.0
ZERO_THREE_RIGHT,1772384659.0,26.4,1.4213708933270002,107.0,-1523.0
ZERO_THREE_RIGHT,1772384847.0,26.4,1.5304060326656175,107.0,-1711.0
ZERO_THREE_RIGHT,1772416727.0,26.4,1.4761680402766642,109.0,4374.0
ZERO_THREE_RIGHT,1772417185.0,26.4,1.4761680402766642,109.0,3916.0
ZERO_THREE_RIGHT,1772417445.0,26.4,1.749035465903563,109.0,3656.0
ZERO_THREE_RIGHT,1772417479.0,26.4,1.4761680402766642,109.0,3622.0
ZERO_THREE_RIGHT,1772417866.0,26.4,1.4761680402766642,109.0,3235.0
ZERO_THREE_RIGHT,1772417903.0,26.4,1.749035465903563,109.0,3198.0
ZERO_THREE_RIGHT,1772418197.0,26.4,1.749035465903563,109.0,2904.0
ZERO_THREE_RIGHT,1772418584.0,26.4,1.749035465903563,109.0,2517.0
ZERO_THREE_RIGHT,1772471065.0,26.4,1.6400003265649459,107.0,-762.0
ZERO_THREE_RIGHT,1772471177.0,26.4,1.749035465903563,107.0,-874.0
ZERO_THREE_RIGHT,1772471523.0,26.4,1.6400003265649459,107.0,-1220.0
ZERO_THREE_RIGHT,1772471635.0,26.4,1.749035465903563,107.0,-1332.0
ZERO_THREE_RIGHT,1772471817.0,26.4,1.6400003265649459,107.0,-1514.0
ZERO_THREE_RIGHT,1772471929.0,26.4,1.749035465903563,107.0,-1626.0
ZERO_THREE_RIGHT,1772472204.0,26.4,1.6400003265649459,107.0,-1901.0
ZERO_THREE_RIGHT,1772472316.0,26.4,1.749035465903563,107.0,-2013.0
ZERO_THREE_RIGHT,1772489743.0,26.4,1.5846440250545706,121.0,3812.0
ZERO_THREE_RIGHT,1772489864.0,26.4,1.4761680402766642,121.0,3691.0
ZERO_THREE_RIGHT,1772490201.0,26.4,1.5846440250545706,121.0,3354.0
ZERO_THREE_RIGHT,1772490322.0,26.4,1.4761680402766642,121.0,3233.0
ZERO_THREE_RIGHT,1772490495.0,26.4,1.5846440250545706,121.0,3060.0
ZERO_THREE_RIGHT,1772490616.0,26.4,1.4761680402766642,121.0,2939.0
ZERO_THREE_RIGHT,1772490882.0,26.4,1.5846440250545706,121.0,2673.0
ZERO_THREE_RIGHT,1772491003.0,26.4,1.4761680402766642,121.0,2552.0
ZERO_THREE_RIGHT,1772560352.0,26.4,1.311776599427672,82.0,-795.0
ZERO_THREE_RIGHT,1772560535.0,26.4,1.4756088857159533,82.0,-978.0
ZERO_THREE_RIGHT,1772560810.0,26.4,1.311776599427672,82.0,-1253.0
ZERO_THREE_RIGHT,1772560993.0,26.4,1.4756088857159533,82.0,-1436.0
ZERO_THREE_RIGHT,1772561104.0,26.4,1.311776599427672,82.0,-1547.0
ZERO_THREE_RIGHT,1772561287.0,26.4,1.4756088857159533,82.0,-1730.0
ZERO_THREE_RIGHT,1772561491.0,26.4,1.311776599427672,82.0,-1934.0
ZERO_THREE_RIGHT,1772561674.0,26.4,1.4756088857159533,82.0,-2117.0
ZERO_THREE_RIGHT,1772587270.0,26.4,1.311776599427672,90.0,3733.0
ZERO_THREE_RIGHT,1772587319.0,26.4,1.4756088857159533,90.0,3684.0
ZERO_THREE_RIGHT,1772587728.0,26.4,1.311776599427672,90.0,3275.0
ZERO_THREE_RIGHT,1772587777.0,26.4,1.4756088857159533,90.0,3226.0
ZERO_THREE_RIGHT,1772588022.0,26.4,1.311776599427672,90.0,2981.0
ZERO_THREE_RIGHT,1772588071.0,26.4,1.4756088857159533,90.0,2932.0
ZERO_THREE_RIGHT,1772588409.0,26.4,1.311776599427672,90.0,2594.0
ZERO_THREE_RIGHT,1772588458.0,26.4,1.4756088857159533,90.0,2545.0
ZERO_THREE_RIGHT,1772648027.0,26.4,1.5852031796152817,94.0,-622.0
ZERO_THREE_RIGHT,1772648161.0,26.4,1.4213708933270002,94.0,-756.0
ZERO_THREE_RIGHT,1772648485.0,26.4,1.5852031796152817,94.0,-1080.0
ZERO_THREE_RIGHT,1772648619.0,26.4,1.4213708933270002,94.0,-1214.0
ZERO_THREE_RIGHT,1772648779.0,26.4,1.5852031796152817,94.0,-1374.0
ZERO_THREE_RIGHT,1772648913.0,26.4,1.4213708933270002,94.0,-1508.0
ZERO_THREE_RIGHT,1772649166.0,26.4,1.5852031796152817,94.0,-1761.0
ZERO_THREE_RIGHT,1772649300.0,26.4,1.4213708933270002,94.0,-1895.0
ZERO_THREE_RIGHT,1772657171.0,8.8,2.3213782009240647,54.0,464.59999990463257
ZERO_THREE_RIGHT,1772657345.0,8.8,1.9495158956163683,54.0,290.59999990463257
ZERO_THREE_RIGHT,1772657635.35,8.8,2.2355852441075266,54.0,0.25
ZERO_THREE_RIGHT,1772658862.85,8.8,2.5667313943741457,83.0,0.0
ZERO_THREE_RIGHT,1772659088.6,8.8,2.1049609044301874,97.0,0.0
ZERO_THREE_RIGHT,1772659681.85,8.8,1.953392770698181,103.0,0.0
ZERO_THREE_RIGHT,1772660001.0,8.8,3.0083902290424076,119.0,-128.65000009536743
ZERO_THREE_RIGHT,1772660298.85,8.8,1.9544786875016824,120.0,0.25
ZERO_THREE_RIGHT,1772661058.6,8.8,2.3083065314982223,105.0,0.25
ZERO_THREE_RIGHT,1772661569.6,8.8,4.008084983694817,106.0,0.25
ZERO_THREE_RIGHT,1772661847.1,8.8,2.7548837021819454,191.0,0.0
ZERO_THREE_RIGHT,1772661868.6,8.8,3.627623846718853,89.0,0.0
ZERO_THREE_RIGHT,1772661889.85,8.8,2.2405745932370373,105.0,0.0
ZERO_THREE_RIGHT,1772661912.85,8.8,2.292411170688123,128.0,0.0
ZERO_THREE_RIGHT,1772661919.1,8.8,2.947072734547585,6703.0,0.0
ZERO_THREE_RIGHT,1772678584.0,8.8,4.524119550711549,90.0,-16278.400000095367
ZERO_THREE_RIGHT,1772678880.0,8.8,4.851224968727401,90.0,-16574.400000095367
ZERO_THREE_RIGHT,1772679042.0,8.8,4.524119550711549,90.0,-16736.400000095367
ZERO_THREE_RIGHT,1772679336.0,8.8,4.524119550711549,90.0,-17030.400000095367
ZERO_THREE_RIGHT,1772679338.0,8.8,4.851224968727401,90.0,-17032.400000095367
ZERO_THREE_RIGHT,1772679632.0,8.8,4.851224968727401,90.0,-17326.400000095367
ZERO_THREE_RIGHT,1772679723.0,8.8,4.524119550711549,90.0,-17417.400000095367
ZERO_THREE_RIGHT,1772680019.0,8.8,4.851224968727401,90.0,-17713.400000095367
ZERO_THREE_RIGHT,1772729052.0,26.4,1.858629759802891,114.0,-858.0
ZERO_THREE_RIGHT,1772729206.0,26.4,1.6942383189538988,114.0,-1012.0
ZERO_THREE_RIGHT,1772729510.0,26.4,1.858629759802891,114.0,-1316.0
ZERO_THREE_RIGHT,1772729664.0,26.4,1.6942383189538988,114.0,-1470.0
ZERO_THREE_RIGHT,1772729804.0,26.4,1.858629759802891,114.0,-1610.0
ZERO_THREE_RIGHT,1772729958.0,26.4,1.6942383189538988,114.0,-1764.0
ZERO_THREE_RIGHT,1772730191.0,26.4,1.858629759802891,114.0,-1997.0
ZERO_THREE_RIGHT,1772730345.0,26.4,1.6942383189538988,114.0,-2151.0
ZERO_THREE_RIGHT,1772730626.0,26.4,1.6942383189538988,114.0,-2432.0
ZERO_THREE_RIGHT,1772750035.0,26.4,1.5852031796152817,114.0,-21841.0
ZERO_THREE_RIGHT,1772750329.0,26.4,1.5852031796152817,114.0,-22135.0
ZERO_THREE_RIGHT,1772750716.0,26.4,1.5852031796152817,114.0,-22522.0
ZERO_THREE_RIGHT,1772750997.0,26.4,1.5852031796152817,114.0,-22803.0
ZERO_THREE_RIGHT,1772764924.0,26.4,1.749035465903563,114.0,-36730.0
ZERO_THREE_RIGHT,1772765237.0,26.4,1.749035465903563,114.0,-37043.0
ZERO_THREE_RIGHT,1772765394.0,26.4,1.5309651872263284,114.0,-37200.0
ZERO_THREE_RIGHT,1772765531.0,26.4,1.749035465903563,114.0,-37337.0
ZERO_THREE_RIGHT,1772765688.0,26.4,1.5309651872263284,114.0,-37494.0
ZERO_THREE_RIGHT,1772765918.0,26.4,1.749035465903563,114.0,-37724.0
ZERO_THREE_RIGHT,1772766075.0,26.4,1.5309651872263284,114.0,-37881.0
ZERO_THREE_RIGHT,1772766199.0,26.4,1.749035465903563,114.0,-38005.0
ZERO_THREE_RIGHT,1772766356.0,26.4,1.5309651872263284,114.0,-38162.0
ZERO_THREE_RIGHT,1772822457.0,26.4,1.3665737463773362,124.0,-114.0
ZERO_THREE_RIGHT,1772822770.0,26.4,1.3665737463773362,124.0,-427.0
ZERO_THREE_RIGHT,1772822881.0,26.4,1.5852031796152817,124.0,-538.0
ZERO_THREE_RIGHT,1772823064.0,26.4,1.3665737463773362,124.0,-721.0
ZERO_THREE_RIGHT,1772823194.0,26.4,1.5852031796152817,124.0,-851.0
ZERO_THREE_RIGHT,1772823451.0,26.4,1.3665737463773362,124.0,-1108.0
ZERO_THREE_RIGHT,1772823488.0,26.4,1.5852031796152817,124.0,-1145.0
ZERO_THREE_RIGHT,1772823732.0,26.4,1.3665737463773362,124.0,-1389.0
ZERO_THREE_RIGHT,1772823875.0,26.4,1.5852031796152817,124.0,-1532.0
ZERO_THREE_RIGHT,1772824156.0,26.4,1.5852031796152817,124.0,-1813.0
ZERO_THREE_RIGHT,1772836477.0,26.4,1.5852031796152817,124.0,-14134.0
ZERO_THREE_RIGHT,1772836790.0,26.4,1.5852031796152817,124.0,-14447.0
ZERO_THREE_RIGHT,1772836793.0,26.4,1.4761680402766642,124.0,-14450.0
ZERO_THREE_RIGHT,1772837084.0,26.4,1.5852031796152817,124.0,-14741.0
ZERO_THREE_RIGHT,1772837106.0,26.4,1.4761680402766642,124.0,-14763.0
ZERO_THREE_RIGHT,1772837400.0,26.4,1.4761680402766642,124.0,-15057.0
ZERO_THREE_RIGHT,1772837471.0,26.4,1.5852031796152817,124.0,-15128.0
ZERO_THREE_RIGHT,1772837752.0,26.4,1.5852031796152817,124.0,-15409.0
ZERO_THREE_RIGHT,1772837787.0,26.4,1.4761680402766642,124.0,-15444.0
ZERO_THREE_RIGHT,1772838068.0,26.4,1.4761680402766642,124.0,-15725.0
ZERO_THREE_RIGHT,1772848890.0,26.4,1.421370893327,124.0,-26547.0
ZERO_THREE_RIGHT,1772849102.0,26.4,1.749035465903563,124.0,-26759.0
ZERO_THREE_RIGHT,1772849203.0,26.4,1.421370893327,124.0,-26860.0
ZERO_THREE_RIGHT,1772849497.0,26.4,1.421370893327,124.0,-27154.0
ZERO_THREE_RIGHT,1772849709.0,26.4,1.749035465903563,124.0,-27366.0
ZERO_THREE_RIGHT,1772849884.0,26.4,1.421370893327,124.0,-27541.0
ZERO_THREE_RIGHT,1772850096.0,26.4,1.749035465903563,124.0,-27753.0
ZERO_THREE_RIGHT,1772850165.0,26.4,1.421370893327,124.0,-27822.0
ZERO_THREE_RIGHT,1772850377.0,26.4,1.749035465903563,124.0,-28034.0
ZERO_THREE_RIGHT,1772911459.0,26.4,1.6942383189538988,106.0,-414.0
ZERO_THREE_RIGHT,1772911731.0,26.4,1.6400003265649454,106.0,-686.0
ZERO_THREE_RIGHT,1772911846.0,26.4,1.6942383189538988,106.0,-801.0
ZERO_THREE_RIGHT,1772912118.0,26.4,1.6400003265649454,106.0,-1073.0
ZERO_THREE_RIGHT,1772912127.0,26.4,1.6942383189538988,106.0,-1082.0
ZERO_THREE_RIGHT,1772912399.0,26.4,1.6400003265649454,106.0,-1354.0
ZERO_THREE_RIGHT,1772929381.0,26.4,1.4761680402766642,113.0,11601.0
ZERO_THREE_RIGHT,1772929888.0,26.4,1.4761680402766642,113.0,11094.0
ZERO_THREE_RIGHT,1772929988.0,26.4,1.4761680402766642,113.0,10994.0
ZERO_THREE_RIGHT,1772930275.0,26.4,1.4761680402766642,113.0,10707.0
ZERO_THREE_RIGHT,1772930375.0,26.4,1.4761680402766642,113.0,10607.0
ZERO_THREE_RIGHT,1772930556.0,26.4,1.4761680402766642,113.0,10426.0
ZERO_THREE_RIGHT,1772930656.0,26.4,1.4761680402766642,113.0,10326.0
ZERO_THREE_RIGHT,1772937014.0,26.4,1.311776599427672,113.0,3968.0
ZERO_THREE_RIGHT,1772937271.0,26.4,1.749035465903563,113.0,3711.0
ZERO_THREE_RIGHT,1772937621.0,26.4,1.311776599427672,113.0,3361.0
ZERO_THREE_RIGHT,1772937878.0,26.4,1.749035465903563,113.0,3104.0
ZERO_THREE_RIGHT,1772938008.0,26.4,1.311776599427672,113.0,2974.0
ZERO_THREE_RIGHT,1772938265.0,26.4,1.749035465903563,113.0,2717.0
ZERO_THREE_RIGHT,1772938289.0,26.4,1.311776599427672,113.0,2693.0
ZERO_THREE_RIGHT,1772938546.0,26.4,1.749035465903563,113.0,2436.0
ZERO_THREE_RIGHT,1772998444.0,26.4,1.5852031796152817,97.0,-1060.0
ZERO_THREE_RIGHT,1772998474.0,26.4,1.3665737463773362,97.0,-1090.0
ZERO_THREE_RIGHT,1772998831.0,26.4,1.5852031796152817,97.0,-1447.0
ZERO_THREE_RIGHT,1772998861.0,26.4,1.3665737463773362,97.0,-1477.0
ZERO_THREE_RIGHT,1772999112.0,26.4,1.5852031796152817,97.0,-1728.0
ZERO_THREE_RIGHT,1772999142.0,26.4,1.3665737463773362,97.0,-1758.0
ZERO_THREE_RIGHT,1773006873.0,26.4,1.4208117387662893,97.0,-9489.0
ZERO_THREE_RIGHT,1773007480.0,26.4,1.4208117387662893,97.0,-10096.0
ZERO_THREE_RIGHT,1773007571.0,26.4,1.421370893327,97.0,-10187.0
ZERO_THREE_RIGHT,1773007867.0,26.4,1.4208117387662893,97.0,-10483.0
ZERO_THREE_RIGHT,1773007958.0,26.4,1.421370893327,97.0,-10574.0
ZERO_THREE_RIGHT,1773008148.0,26.4,1.4208117387662893,97.0,-10764.0
ZERO_THREE_RIGHT,1773008239.0,26.4,1.421370893327,97.0,-10855.0
ZERO_THREE_RIGHT,1773020490.0,26.4,1.3665737463773362,97.0,-23106.0
ZERO_THREE_RIGHT,1773020813.0,26.4,1.3665737463773362,97.0,-23429.0
ZERO_THREE_RIGHT,1773021097.0,26.4,1.3665737463773362,97.0,-23713.0
ZERO_THREE_RIGHT,1773021420.0,26.4,1.3665737463773362,97.0,-24036.0
ZERO_THREE_RIGHT,1773021484.0,26.4,1.3665737463773362,97.0,-24100.0
ZERO_THREE_RIGHT,1773021765.0,26.4,1.3665737463773362,97.0,-24381.0
ZERO_THREE_RIGHT,1773021807.0,26.4,1.3665737463773362,97.0,-24423.0
ZERO_THREE_RIGHT,1773022088.0,26.4,1.3665737463773362,97.0,-24704.0
ZERO_THREE_RIGHT,1773022476.0,26.4,1.3665737463773362,97.0,-25092.0
ZERO_THREE_RIGHT,1773079569.0,26.4,1.5852031796152817,264.0,26.0
ZERO_THREE_RIGHT,1773079956.0,26.4,1.5852031796152817,264.0,-361.0
ZERO_THREE_RIGHT,1773080237.0,26.4,1.5852031796152817,264.0,-642.0
ZERO_THREE_RIGHT,1773080625.0,26.4,1.5852031796152817,264.0,-1030.0
ZERO_THREE_RIGHT,1773081054.0,26.4,1.4761680402766642,264.0,-1459.0
ZERO_THREE_RIGHT,1773081441.0,26.4,1.4761680402766642,264.0,-1846.0
ZERO_THREE_RIGHT,1773081722.0,26.4,1.4761680402766642,264.0,-2127.0
ZERO_THREE_RIGHT,1773082110.0,26.4,1.4761680402766642,264.0,-2515.0
ZERO_THREE_RIGHT,1773093891.0,26.4,1.257538607038719,264.0,-14296.0
ZERO_THREE_RIGHT,1773094095.0,26.4,1.4761680402766642,264.0,-14500.0
ZERO_THREE_RIGHT,1773094498.0,26.4,1.257538607038719,264.0,-14903.0
ZERO_THREE_RIGHT,1773094702.0,26.4,1.4761680402766642,264.0,-15107.0
ZERO_THREE_RIGHT,1773094885.0,26.4,1.257538607038719,264.0,-15290.0
ZERO_THREE_RIGHT,1773095089.0,26.4,1.4761680402766642,264.0,-15494.0
ZERO_THREE_RIGHT,1773095166.0,26.4,1.257538607038719,264.0,-15571.0
ZERO_THREE_RIGHT,1773095370.0,26.4,1.4761680402766642,264.0,-15775.0
ZERO_THREE_RIGHT,1773095554.0,26.4,1.257538607038719,264.0,-15959.0
ZERO_THREE_RIGHT,1773095758.0,26.4,1.4761680402766642,264.0,-16163.0
ZERO_THREE_RIGHT,1773104392.0,26.4,1.4761680402766642,264.0,-24797.0
ZERO_THREE_RIGHT,1773104500.0,26.4,1.311776599427672,264.0,-24905.0
ZERO_THREE_RIGHT,1773104999.0,26.4,1.4761680402766642,264.0,-25404.0
ZERO_THREE_RIGHT,1773105107.0,26.4,1.311776599427672,264.0,-25512.0
ZERO_THREE_RIGHT,1773105386.0,26.4,1.4761680402766642,264.0,-25791.0
ZERO_THREE_RIGHT,1773105494.0,26.4,1.311776599427672,264.0,-25899.0
ZERO_THREE_RIGHT,1773105667.0,26.4,1.4761680402766642,264.0,-26072.0
ZERO_THREE_RIGHT,1773105775.0,26.4,1.311776599427672,264.0,-26180.0
ZERO_THREE_RIGHT,1773106055.0,26.4,1.4761680402766642,264.0,-26460.0
ZERO_THREE_RIGHT,1773106163.0,26.4,1.311776599427672,264.0,-26568.0
ZERO_THREE_RIGHT,1773162114.0,26.4,1.4756088857159533,102.0,-491.0
ZERO_THREE_RIGHT,1773162721.0,26.4,1.4756088857159533,102.0,-1098.0
ZERO_THREE_RIGHT,1773162830.0,26.4,1.6947974735146096,102.0,-1207.0
ZERO_THREE_RIGHT,1773163108.0,26.4,1.4756088857159533,102.0,-1485.0
ZERO_THREE_RIGHT,1773163217.0,26.4,1.6947974735146096,102.0,-1594.0
ZERO_THREE_RIGHT,1773163389.0,26.4,1.4756088857159533,102.0,-1766.0
ZERO_THREE_RIGHT,1773163498.0,26.4,1.6947974735146096,102.0,-1875.0
ZERO_THREE_RIGHT,1773163777.0,26.4,1.4756088857159533,102.0,-2154.0
ZERO_THREE_RIGHT,1773163886.0,26.4,1.6947974735146096,102.0,-2263.0
ZERO_THREE_RIGHT,1773188786.0,26.4,1.311776599427672,102.0,-27163.0
ZERO_THREE_RIGHT,1773188884.0,26.4,1.4761680402766642,102.0,-27261.0
ZERO_THREE_RIGHT,1773189393.0,26.4,1.311776599427672,102.0,-27770.0
ZERO_THREE_RIGHT,1773189491.0,26.4,1.4761680402766642,102.0,-27868.0
ZERO_THREE_RIGHT,1773189780.0,26.4,1.311776599427672,102.0,-28157.0
ZERO_THREE_RIGHT,1773189878.0,26.4,1.4761680402766642,102.0,-28255.0
ZERO_THREE_RIGHT,1773190061.0,26.4,1.311776599427672,102.0,-28438.0
ZERO_THREE_RIGHT,1773190159.0,26.4,1.4761680402766642,102.0,-28536.0
ZERO_THREE_RIGHT,1773190449.0,26.4,1.311776599427672,102.0,-28826.0
ZERO_THREE_RIGHT,1773190547.0,26.4,1.4761680402766642,102.0,-28924.0
ZERO_THREE_RIGHT,1773250967.0,26.4,1.6394411720042346,67.0,76421.0
ZERO_THREE_RIGHT,1773251141.0,26.4,1.3665737463773362,67.0,76247.0
ZERO_THREE_RIGHT,1773251354.0,26.4,1.6394411720042346,67.0,76034.0
ZERO_THREE_RIGHT,1773251528.0,26.4,1.3665737463773362,67.0,75860.0
ZERO_THREE_RIGHT,1773251635.0,26.4,1.6394411720042346,67.0,75753.0
ZERO_THREE_RIGHT,1773251809.0,26.4,1.3665737463773362,67.0,75579.0
ZERO_THREE_RIGHT,1773252023.0,26.4,1.6394411720042346,67.0,75365.0
ZERO_THREE_RIGHT,1773252197.0,26.4,1.3665737463773362,67.0,75191.0
ZERO_THREE_RIGHT,1773279439.0,26.4,1.1479443131393907,67.0,47949.0
ZERO_THREE_RIGHT,1773279826.0,26.4,1.1479443131393907,67.0,47562.0
ZERO_THREE_RIGHT,1773280107.0,26.4,1.1479443131393907,67.0,47281.0
ZERO_THREE_RIGHT,1773280495.0,26.4,1.1479443131393907,67.0,46893.0
ZERO_THREE_RIGHT,1773345407.0,26.4,1.311776599427672,80.0,-619.0
ZERO_THREE_RIGHT,1773345534.0,26.4,1.311776599427672,80.0,-746.0
ZERO_THREE_RIGHT,1773345889.0,26.4,1.311776599427672,80.0,-1101.0
ZERO_THREE_RIGHT,1773346016.0,26.4,1.311776599427672,80.0,-1228.0
ZERO_THREE_RIGHT,1773346276.0,26.4,1.311776599427672,80.0,-1488.0
ZERO_THREE_RIGHT,1773346403.0,26.4,1.311776599427672,80.0,-1615.0
ZERO_THREE_RIGHT,1773346557.0,26.4,1.311776599427672,80.0,-1769.0
ZERO_THREE_RIGHT,1773346684.0,26.4,1.311776599427672,80.0,-1896.0
ZERO_THREE_RIGHT,1773346945.0,26.4,1.311776599427672,80.0,-2157.0
ZERO_THREE_RIGHT,1773347072.0,26.4,1.311776599427672,80.0,-2284.0
ZERO_THREE_RIGHT,1773366710.0,26.4,1.5304060326656175,80.0,-21922.0
ZERO_THREE_RIGHT,1773366853.0,26.4,1.4761680402766642,80.0,-22065.0
ZERO_THREE_RIGHT,1773367192.0,26.4,1.5304060326656175,80.0,-22404.0
ZERO_THREE_RIGHT,1773367335.0,26.4,1.4761680402766642,80.0,-22547.0
ZERO_THREE_RIGHT,1773367579.0,26.4,1.5304060326656175,80.0,-22791.0
ZERO_THREE_RIGHT,1773367722.0,26.4,1.4761680402766642,80.0,-22934.0
ZERO_THREE_RIGHT,1773367860.0,26.4,1.5304060326656175,80.0,-23072.0
ZERO_THREE_RIGHT,1773368003.0,26.4,1.4761680402766642,80.0,-23215.0
ZERO_THREE_RIGHT,1773368248.0,26.4,1.5304060326656175,80.0,-23460.0
ZERO_THREE_RIGHT,1773368391.0,26.4,1.4761680402766642,80.0,-23603.0
ZERO_THREE_RIGHT,1773420867.0,26.4,1.85807060524218,118.0,-503.0
ZERO_THREE_RIGHT,1773421254.0,26.4,1.85807060524218,118.0,-890.0
ZERO_THREE_RIGHT,1773421535.0,26.4,1.85807060524218,118.0,-1171.0
ZERO_THREE_RIGHT,1773421749.0,26.4,1.6400003265649459,118.0,-1385.0
ZERO_THREE_RIGHT,1773421923.0,26.4,1.85807060524218,118.0,-1559.0
ZERO_THREE_RIGHT,1773422136.0,26.4,1.6400003265649459,118.0,-1772.0
ZERO_THREE_RIGHT,1773422417.0,26.4,1.6400003265649459,118.0,-2053.0
ZERO_THREE_RIGHT,1773422805.0,26.4,1.6400003265649459,118.0,-2441.0
ZERO_THREE_RIGHT,1773447633.0,26.4,1.6394411720042346,118.0,-27269.0
ZERO_THREE_RIGHT,1773447713.0,26.4,1.3665737463773362,118.0,-27349.0
ZERO_THREE_RIGHT,1773448115.0,26.4,1.6394411720042346,118.0,-27751.0
ZERO_THREE_RIGHT,1773448195.0,26.4,1.3665737463773362,118.0,-27831.0
ZERO_THREE_RIGHT,1773448502.0,26.4,1.6394411720042346,118.0,-28138.0
ZERO_THREE_RIGHT,1773448582.0,26.4,1.3665737463773362,118.0,-28218.0
ZERO_THREE_RIGHT,1773448783.0,26.4,1.6394411720042346,118.0,-28419.0
ZERO_THREE_RIGHT,1773448863.0,26.4,1.3665737463773362,118.0,-28499.0
ZERO_THREE_RIGHT,1773449171.0,26.4,1.6394411720042346,118.0,-28807.0
ZERO_THREE_RIGHT,1773449251.0,26.4,1.3665737463773362,118.0,-28887.0
ZERO_THREE_RIGHT,1773515194.0,26.4,1.749035465903563,125.0,-795.0
ZERO_THREE_RIGHT,1773515276.0,26.4,1.6942383189538988,125.0,-877.0
ZERO_THREE_RIGHT,1773515676.0,26.4,1.749035465903563,125.0,-1277.0
ZERO_THREE_RIGHT,1773515758.0,26.4,1.6942383189538988,125.0,-1359.0
ZERO_THREE_RIGHT,1773516063.0,26.4,1.749035465903563,125.0,-1664.0
ZERO_THREE_RIGHT,1773516145.0,26.4,1.6942383189538988,125.0,-1746.0
ZERO_THREE_RIGHT,1773516344.0,26.4,1.749035465903563,125.0,-1945.0
ZERO_THREE_RIGHT,1773516426.0,26.4,1.6942383189538988,125.0,-2027.0
ZERO_THREE_RIGHT,1773516732.0,26.4,1.749035465903563,125.0,-2333.0
ZERO_THREE_RIGHT,1773516814.0,26.4,1.6942383189538988,125.0,-2415.0
ZERO_THREE_RIGHT,1773525328.0,26.4,1.8038326128532272,114.0,3971.0
ZERO_THREE_RIGHT,1773525810.0,26.4,1.8038326128532272,114.0,3489.0
ZERO_THREE_RIGHT,1773526197.0,26.4,1.8038326128532272,114.0,3102.0
ZERO_THREE_RIGHT,1773526478.0,26.4,1.8038326128532272,114.0,2821.0
ZERO_THREE_RIGHT,1773526866.0,26.4,1.8038326128532272,114.0,2433.0
ZERO_THREE_RIGHT,1773593790.0,26.4,1.5852031796152817,114.0,-889.0
ZERO_THREE_RIGHT,1773593922.0,26.4,1.5298468781049064,114.0,-1021.0
ZERO_THREE_RIGHT,1773594177.0,26.4,1.5852031796152817,114.0,-1276.0
ZERO_THREE_RIGHT,1773594309.0,26.4,1.5298468781049064,114.0,-1408.0
ZERO_THREE_RIGHT,1773594458.0,26.4,1.5852031796152817,114.0,-1557.0
ZERO_THREE_RIGHT,1773594590.0,26.4,1.5298468781049064,114.0,-1689.0
ZERO_THREE_RIGHT,1773594846.0,26.4,1.5852031796152817,114.0,-1945.0
ZERO_THREE_RIGHT,1773594978.0,26.4,1.5298468781049064,114.0,-2077.0
ZERO_THREE_RIGHT,1773683952.0,26.4,1.5852031796152817,109.0,-806.0
ZERO_THREE_RIGHT,1773684112.0,26.4,1.5852031796152817,109.0,-966.0
ZERO_THREE_RIGHT,1773684339.0,26.4,1.5852031796152817,109.0,-1193.0
ZERO_THREE_RIGHT,1773684499.0,26.4,1.5852031796152817,109.0,-1353.0
ZERO_THREE_RIGHT,1773684620.0,26.4,1.5852031796152817,109.0,-1474.0
ZERO_THREE_RIGHT,1773684780.0,26.4,1.5852031796152817,109.0,-1634.0
ZERO_THREE_RIGHT,1773685008.0,26.4,1.5852031796152817,109.0,-1862.0
ZERO_THREE_RIGHT,1773685168.0,26.4,1.5852031796152817,109.0,-2022.0
ZERO_THREE_RIGHT,1773695584.0,26.4,1.6394411720042346,109.0,-12438.0
ZERO_THREE_RIGHT,1773695736.0,26.4,1.5304060326656175,109.0,-12590.0
ZERO_THREE_RIGHT,1773696066.0,26.4,1.6394411720042346,109.0,-12920.0
ZERO_THREE_RIGHT,1773696218.0,26.4,1.5304060326656175,109.0,-13072.0
ZERO_THREE_RIGHT,1773696453.0,26.4,1.6394411720042346,109.0,-13307.0
ZERO_THREE_RIGHT,1773696605.0,26.4,1.5304060326656175,109.0,-13459.0
ZERO_THREE_RIGHT,1773696734.0,26.4,1.6394411720042346,109.0,-13588.0
ZERO_THREE_RIGHT,1773696886.0,26.4,1.5304060326656175,109.0,-13740.0
ZERO_THREE_RIGHT,1773697122.0,26.4,1.6394411720042346,109.0,-13976.0
ZERO_THREE_RIGHT,1773697274.0,26.4,1.5304060326656175,109.0,-14128.0
ZERO_THREE_RIGHT,1773711541.0,26.4,1.6942383189538988,115.0,4056.0
ZERO_THREE_RIGHT,1773711666.0,26.4,1.4761680402766642,115.0,3931.0
ZERO_THREE_RIGHT,1773712023.0,26.4,1.6942383189538988,115.0,3574.0
ZERO_THREE_RIGHT,1773712148.0,26.4,1.4761680402766642,115.0,3449.0
ZERO_THREE_RIGHT,1773712410.0,26.4,1.6942383189538988,115.0,3187.0
ZERO_THREE_RIGHT,1773712535.0,26.4,1.4761680402766642,115.0,3062.0
ZERO_THREE_RIGHT,1773712691.0,26.4,1.6942383189538988,115.0,2906.0
ZERO_THREE_RIGHT,1773712816.0,26.4,1.4761680402766642,115.0,2781.0
ZERO_THREE_RIGHT,1773713079.0,26.4,1.6942383189538988,115.0,2518.0
ZERO_THREE_RIGHT,1773713204.0,26.4,1.4761680402766642,115.0,2393.0
ZERO_THREE_RIGHT,1773777661.0,26.4,1.5304060326656175,100.0,-862.0
ZERO_THREE_RIGHT,1773778143.0,26.4,1.5304060326656175,100.0,-1344.0
ZERO_THREE_RIGHT,1773778233.0,26.4,1.6942383189538988,100.0,-1434.0
ZERO_THREE_RIGHT,1773778530.0,26.4,1.5304060326656175,100.0,-1731.0
ZERO_THREE_RIGHT,1773778620.0,26.4,1.6942383189538988,100.0,-1821.0
ZERO_THREE_RIGHT,1773778811.0,26.4,1.5304060326656175,100.0,-2012.0
ZERO_THREE_RIGHT,1773778901.0,26.4,1.6942383189538988,100.0,-2102.0
ZERO_THREE_RIGHT,1773779199.0,26.4,1.5304060326656175,100.0,-2400.0
ZERO_THREE_RIGHT,1773779289.0,26.4,1.6942383189538988,100.0,-2490.0
ZERO_THREE_RIGHT,1773789999.0,26.4,1.6942383189538988,118.0,3958.0
ZERO_THREE_RIGHT,1773790090.0,26.4,1.6400003265649459,118.0,3867.0
ZERO_THREE_RIGHT,1773790481.0,26.4,1.6942383189538988,118.0,3476.0
ZERO_THREE_RIGHT,1773790572.0,26.4,1.6400003265649459,118.0,3385.0
ZERO_THREE_RIGHT,1773790868.0,26.4,1.6942383189538988,118.0,3089.0
ZERO_THREE_RIGHT,1773790959.0,26.4,1.6400003265649459,118.0,2998.0
ZERO_THREE_RIGHT,1773791149.0,26.4,1.6942383189538988,118.0,2808.0
ZERO_THREE_RIGHT,1773791240.0,26.4,1.6400003265649459,118.0,2717.0
ZERO_THREE_RIGHT,1773791537.0,26.4,1.6942383189538988,118.0,2420.0
ZERO_THREE_RIGHT,1773791628.0,26.4,1.6400003265649459,118.0,2329.0
ZERO_THREE_RIGHT,1773849243.0,26.4,1.5852031796152817,130.0,-684.0
ZERO_THREE_RIGHT,1773849372.0,26.4,1.6394411720042346,130.0,-813.0
ZERO_THREE_RIGHT,1773849725.0,26.4,1.5852031796152817,130.0,-1166.0
ZERO_THREE_RIGHT,1773850112.0,26.4,1.5852031796152817,130.0,-1553.0
ZERO_THREE_RIGHT,1773850241.0,26.4,1.6394411720042346,130.0,-1682.0
ZERO_THREE_RIGHT,1773850393.0,26.4,1.5852031796152817,130.0,-1834.0
ZERO_THREE_RIGHT,1773850522.0,26.4,1.6394411720042346,130.0,-1963.0
ZERO_THREE_RIGHT,1773850781.0,26.4,1.5852031796152817,130.0,-2222.0
ZERO_THREE_RIGHT,1773850910.0,26.4,1.6394411720042346,130.0,-2351.0
ZERO_THREE_RIGHT,1773866275.0,26.4,1.3665737463773362,107.0,3843.0
ZERO_THREE_RIGHT,1773866374.0,26.4,1.311776599427672,107.0,3744.0
ZERO_THREE_RIGHT,1773867144.0,26.4,1.3665737463773362,107.0,2974.0
ZERO_THREE_RIGHT,1773867243.0,26.4,1.311776599427672,107.0,2875.0
ZERO_THREE_RIGHT,1773867425.0,26.4,1.3665737463773362,107.0,2693.0
ZERO_THREE_RIGHT,1773867524.0,26.4,1.311776599427672,107.0,2594.0
ZERO_THREE_RIGHT,1773867813.0,26.4,1.3665737463773362,107.0,2305.0
ZERO_THREE_RIGHT,1773867912.0,26.4,1.311776599427672,107.0,2206.0
ZERO_THREE_RIGHT,1773947064.0,26.4,0.30701251595389867,74.0,-1344.0
ZERO_THREE_RIGHT,1773948250.0,26.4,0.2218902906343363,74.0,-2530.0
ZERO_THREE_RIGHT,1773949695.0,26.4,0.27109639693688753,74.0,-3975.0
ZERO_THREE_RIGHT,1773951073.0,26.4,0.3011636390827522,74.0,-5353.0
ZERO_THREE_RIGHT,1773970076.0,26.4,1.420811738766289,74.0,-24356.0
ZERO_THREE_RIGHT,1773970357.0,26.4,1.420811738766289,74.0,-24637.0
ZERO_THREE_RIGHT,1773970745.0,26.4,1.420811738766289,74.0,-25025.0
ZERO_THREE_RIGHT,1773970895.0,26.4,1.3665737463773362,74.0,-25175.0
ZERO_THREE_RIGHT,1773971176.0,26.4,1.3665737463773362,74.0,-25456.0
ZERO_THREE_RIGHT,1773971564.0,26.4,1.3665737463773362,74.0,-25844.0
ZERO_THREE_RIGHT,1774032851.0,26.4,1.5304060326656175,101.0,-163.0
ZERO_THREE_RIGHT,1774033132.0,26.4,1.5304060326656175,131.0,156.0
ZERO_THREE_RIGHT,1774033520.0,26.4,1.5304060326656175,131.0,-232.0
ZERO_THREE_RIGHT,1774033568.0,26.4,1.6942383189538988,131.0,-280.0
ZERO_THREE_RIGHT,1774033849.0,26.4,1.6942383189538988,131.0,-561.0
ZERO_THREE_RIGHT,1774034237.0,26.4,1.6942383189538988,131.0,-949.0
ZERO_THREE_RIGHT,1774045454.0,26.4,1.5852031796152817,131.0,-12166.0
ZERO_THREE_RIGHT,1774045735.0,26.4,1.5852031796152817,131.0,-12447.0
ZERO_THREE_RIGHT,1774046123.0,26.4,1.5852031796152817,131.0,-12835.0
ZERO_THREE_RIGHT,1774055585.0,26.4,1.421370893327,131.0,-22297.0
ZERO_THREE_RIGHT,1774055866.0,26.4,1.421370893327,131.0,-22578.0
ZERO_THREE_RIGHT,1774056254.0,26.4,1.421370893327,131.0,-22966.0
ZERO_THREE_RIGHT,1774056540.0,26.4,1.421370893327,131.0,-23252.0
ZERO_THREE_RIGHT,1774056821.0,26.4,1.421370893327,131.0,-23533.0
ZERO_THREE_RIGHT,1774057209.0,26.4,1.421370893327,131.0,-23921.0
ZERO_THREE_RIGHT,1774118563.0,26.4,1.4761680402766642,222.0,-1445.0
ZERO_THREE_RIGHT,1774118670.0,26.4,1.5304060326656175,222.0,-1552.0
ZERO_THREE_RIGHT,1774118844.0,26.4,1.4761680402766642,222.0,-1726.0
ZERO_THREE_RIGHT,1774118951.0,26.4,1.5304060326656175,222.0,-1833.0
ZERO_THREE_RIGHT,1774119232.0,26.4,1.4761680402766642,222.0,-2114.0
ZERO_THREE_RIGHT,1774119339.0,26.4,1.5304060326656175,222.0,-2221.0
ZERO_THREE_RIGHT,1774127255.0,26.4,1.6942383189538988,222.0,-10137.0
ZERO_THREE_RIGHT,1774127429.0,26.4,1.749035465903563,222.0,-10311.0
ZERO_THREE_RIGHT,1774127936.0,26.4,1.6942383189538988,222.0,-10818.0
ZERO_THREE_RIGHT,1774128110.0,26.4,1.749035465903563,222.0,-10992.0
ZERO_THREE_RIGHT,1774128217.0,26.4,1.6942383189538988,222.0,-11099.0
ZERO_THREE_RIGHT,1774128391.0,26.4,1.749035465903563,222.0,-11273.0
ZERO_THREE_RIGHT,1774128605.0,26.4,1.6942383189538988,222.0,-11487.0
ZERO_THREE_RIGHT,1774128779.0,26.4,1.749035465903563,222.0,-11661.0
ZERO_THREE_RIGHT,1774204283.0,26.4,1.5852031796152817,119.0,-553.0
ZERO_THREE_RIGHT,1774204859.0,26.4,1.6400003265649457,119.0,-1129.0
ZERO_THREE_RIGHT,1774204964.0,26.4,1.5852031796152817,119.0,-1234.0
ZERO_THREE_RIGHT,1774205245.0,26.4,1.5852031796152817,119.0,-1515.0
ZERO_THREE_RIGHT,1774205247.0,26.4,1.6400003265649457,119.0,-1517.0
ZERO_THREE_RIGHT,1774205633.0,26.4,1.5852031796152817,119.0,-1903.0
ZERO_THREE_RIGHT,1774216925.0,26.4,1.3665737463773362,119.0,-13195.0
ZERO_THREE_RIGHT,1774217606.0,26.4,1.3665737463773362,119.0,-13876.0
ZERO_THREE_RIGHT,1774217887.0,26.4,1.3665737463773362,119.0,-14157.0
ZERO_THREE_RIGHT,1774218275.0,26.4,1.3665737463773362,119.0,-14545.0
ZERO_THREE_RIGHT,1774229972.0,26.4,1.4761680402766642,119.0,-26242.0
ZERO_THREE_RIGHT,1774230253.0,26.4,1.4761680402766642,119.0,-26523.0
ZERO_THREE_RIGHT,1774230412.0,26.4,1.4761680402766642,119.0,-26682.0
ZERO_THREE_RIGHT,1774230641.0,26.4,1.4761680402766642,119.0,-26911.0
ZERO_THREE_RIGHT,1774230693.0,26.4,1.4761680402766642,119.0,-26963.0
ZERO_THREE_RIGHT,1774231081.0,26.4,1.4761680402766642,119.0,-27351.0
ZERO_THREE_RIGHT,1774289168.0,26.4,1.6942383189538988,111.0,-1096.0
ZERO_THREE_RIGHT,1774289440.0,26.4,1.311776599427672,111.0,-1368.0
ZERO_THREE_RIGHT,1774289449.0,26.4,1.6942383189538988,111.0,-1377.0
ZERO_THREE_RIGHT,1774289721.0,26.4,1.311776599427672,111.0,-1649.0
ZERO_THREE_RIGHT,1774289837.0,26.4,1.6942383189538988,111.0,-1765.0
ZERO_THREE_RIGHT,1774290109.0,26.4,1.311776599427672,111.0,-2037.0
ZERO_THREE_RIGHT,1774302031.0,26.4,1.5852031796152817,111.0,-13959.0
ZERO_THREE_RIGHT,1774302144.0,26.4,1.421370893327,111.0,-14072.0
ZERO_THREE_RIGHT,1774302712.0,26.4,1.5852031796152817,111.0,-14640.0
ZERO_THREE_RIGHT,1774302825.0,26.4,1.421370893327,111.0,-14753.0
ZERO_THREE_RIGHT,1774302993.0,26.4,1.5852031796152817,111.0,-14921.0
ZERO_THREE_RIGHT,1774303106.0,26.4,1.421370893327,111.0,-15034.0
ZERO_THREE_RIGHT,1774303381.0,26.4,1.5852031796152817,111.0,-15309.0
ZERO_THREE_RIGHT,1774303494.0,26.4,1.421370893327,111.0,-15422.0
ZERO_THREE_RIGHT,1774311439.0,26.4,1.3665737463773362,111.0,-23367.0
ZERO_THREE_RIGHT,1774312120.0,26.4,1.3665737463773362,111.0,-24048.0
ZERO_THREE_RIGHT,1774312401.0,26.4,1.3665737463773362,111.0,-24329.0
ZERO_THREE_RIGHT,1774312789.0,26.4,1.3665737463773362,111.0,-24717.0
ZERO_THREE_RIGHT,1774373929.0,26.4,1.3665737463773362,101.0,-738.0
ZERO_THREE_RIGHT,1774374026.0,26.4,1.3665737463773362,101.0,-835.0
ZERO_THREE_RIGHT,1774374610.0,26.4,1.3665737463773362,101.0,-1419.0
ZERO_THREE_RIGHT,1774374707.0,26.4,1.3665737463773362,101.0,-1516.0
ZERO_THREE_RIGHT,1774374891.0,26.4,1.3665737463773362,101.0,-1700.0
ZERO_THREE_RIGHT,1774374988.0,26.4,1.3665737463773362,101.0,-1797.0
ZERO_THREE_RIGHT,1774375279.0,26.4,1.3665737463773362,101.0,-2088.0
ZERO_THREE_RIGHT,1774375376.0,26.4,1.3665737463773362,101.0,-2185.0
ZERO_THREE_RIGHT,1774396661.0,26.4,1.4761680402766642,101.0,-23470.0
ZERO_THREE_RIGHT,1774397088.0,26.4,1.311776599427672,101.0,-23897.0
ZERO_THREE_RIGHT,1774397342.0,26.4,1.4761680402766642,101.0,-24151.0
ZERO_THREE_RIGHT,1774397623.0,26.4,1.4761680402766642,101.0,-24432.0
ZERO_THREE_RIGHT,1774397769.0,26.4,1.311776599427672,101.0,-24578.0
ZERO_THREE_RIGHT,1774398011.0,26.4,1.4761680402766642,101.0,-24820.0
ZERO_THREE_RIGHT,1774398050.0,26.4,1.311776599427672,101.0,-24859.0
ZERO_THREE_RIGHT,1774398438.0,26.4,1.311776599427672,101.0,-25247.0
ZERO_THREE_RIGHT,1774460985.0,26.4,1.311776599427672,155.0,91.0
ZERO_THREE_RIGHT,1774461666.0,26.4,1.311776599427672,115.0,10.0
ZERO_THREE_RIGHT,1774461947.0,26.4,1.311776599427672,115.0,-271.0
ZERO_THREE_RIGHT,1774462335.0,26.4,1.311776599427672,134.0,-59.0
ZERO_THREE_RIGHT,1774468395.0,26.4,1.5852031796152817,109.0,-719.0
ZERO_THREE_RIGHT,1774469076.0,26.4,1.5852031796152817,109.0,-1400.0
ZERO_THREE_RIGHT,1774469357.0,26.4,1.5852031796152817,109.0,-1681.0
ZERO_THREE_RIGHT,1774469745.0,26.4,1.5852031796152817,109.0,-2069.0
ZERO_THREE_RIGHT,1774480556.0,26.4,1.6394411720042346,115.0,3662.0
ZERO_THREE_RIGHT,1774481237.0,26.4,1.6394411720042346,115.0,2981.0
ZERO_THREE_RIGHT,1774481518.0,26.4,1.6394411720042346,115.0,2700.0
ZERO_THREE_RIGHT,1774481906.0,26.4,1.6394411720042346,115.0,2312.0
ZERO_THREE_RIGHT,1774490355.0,26.4,1.5304060326656175,132.0,-137.0
ZERO_THREE_RIGHT,1774490725.0,26.4,1.85807060524218,108.0,93.0
ZERO_THREE_RIGHT,1774491036.0,26.4,1.5304060326656175,108.0,-218.0
ZERO_THREE_RIGHT,1774491317.0,26.4,1.5304060326656175,101.0,101.0
ZERO_THREE_RIGHT,1774491406.0,26.4,1.85807060524218,101.0,12.0
ZERO_THREE_RIGHT,1774491687.0,26.4,1.85807060524218,101.0,-269.0
ZERO_THREE_RIGHT,1774491705.0,26.4,1.5304060326656175,101.0,-287.0
ZERO_THREE_RIGHT,1774492075.0,26.4,1.85807060524218,96.0,-57.0
ZERO_THREE_RIGHT,1774547908.0,26.4,1.311776599427672,127.0,-497.0
ZERO_THREE_RIGHT,1774548099.0,26.4,1.311776599427672,127.0,-688.0
ZERO_THREE_RIGHT,1774548589.0,26.4,1.311776599427672,127.0,-1178.0
ZERO_THREE_RIGHT,1774548870.0,26.4,1.311776599427672,127.0,-1459.0
ZERO_THREE_RIGHT,1774549258.0,26.4,1.311776599427672,127.0,-1847.0
ZERO_THREE_RIGHT,1774559122.0,26.4,1.4761680402766642,127.0,-11711.0
ZERO_THREE_RIGHT,1774559612.0,26.4,1.4761680402766642,127.0,-12201.0
ZERO_THREE_RIGHT,1774559893.0,26.4,1.4761680402766642,127.0,-12482.0
ZERO_THREE_RIGHT,1774560281.0,26.4,1.4761680402766642,127.0,-12870.0
ZERO_THREE_RIGHT,1774560944.0,26.4,1.4761680402766642,127.0,-13533.0
ZERO_THREE_RIGHT,1774580651.0,26.4,1.5309651872263284,106.0,3793.0
ZERO_THREE_RIGHT,1774581141.0,26.4,1.5309651872263284,106.0,3303.0
ZERO_THREE_RIGHT,1774581422.0,26.4,1.5309651872263284,106.0,3022.0
ZERO_THREE_RIGHT,1774581810.0,26.4,1.5309651872263284,106.0,2634.0
ZERO_THREE_RIGHT,1774582473.0,26.4,1.5309651872263284,106.0,1971.0
ZERO_THREE_RIGHT,1774646216.0,26.4,1.5298468781049064,115.0,-570.0
ZERO_THREE_RIGHT,1774646667.0,26.4,1.311776599427672,115.0,-1021.0
ZERO_THREE_RIGHT,1774646706.0,26.4,1.5298468781049064,115.0,-1060.0
ZERO_THREE_RIGHT,1774646948.0,26.4,1.311776599427672,115.0,-1302.0
ZERO_THREE_RIGHT,1774646987.0,26.4,1.5298468781049064,115.0,-1341.0
ZERO_THREE_RIGHT,1774647336.0,26.4,1.311776599427672,115.0,-1690.0
ZERO_THREE_RIGHT,1774647375.0,26.4,1.5298468781049064,115.0,-1729.0
ZERO_THREE_RIGHT,1774647999.0,26.4,1.311776599427672,115.0,-2353.0
ZERO_THREE_RIGHT,1774648038.0,26.4,1.5298468781049064,115.0,-2392.0
ZERO_THREE_RIGHT,1774656963.0,26.4,1.4761680402766642,115.0,-11317.0
ZERO_THREE_RIGHT,1774657453.0,26.4,1.4761680402766642,115.0,-11807.0
ZERO_THREE_RIGHT,1774657734.0,26.4,1.4761680402766642,115.0,-12088.0
ZERO_THREE_RIGHT,1774658122.0,26.4,1.4761680402766642,115.0,-12476.0
ZERO_THREE_RIGHT,1774658785.0,26.4,1.4761680402766642,102.0,12800.0
ZERO_THREE_RIGHT,1774667823.0,26.4,1.4761680402766642,102.0,3762.0
ZERO_THREE_RIGHT,1774668313.0,26.4,1.4761680402766642,102.0,3272.0
ZERO_THREE_RIGHT,1774668594.0,26.4,1.4761680402766642,102.0,2991.0
ZERO_THREE_RIGHT,1774668982.0,26.4,1.4761680402766642,102.0,2603.0
ZERO_THREE_RIGHT,1774669645.0,26.4,1.4761680402766642,102.0,1940.0
ZERO_THREE_RIGHT,1774718025.0,26.4,1.5304060326656175,109.0,-239.0
ZERO_THREE_RIGHT,1774718323.0,26.4,1.5852031796152817,109.0,-537.0
ZERO_THREE_RIGHT,1774718515.0,26.4,1.5304060326656175,109.0,-729.0
ZERO_THREE_RIGHT,1774718796.0,26.4,1.5304060326656175,109.0,-1010.0
ZERO_THREE_RIGHT,1774718813.0,26.4,1.5852031796152817,109.0,-1027.0
ZERO_THREE_RIGHT,1774719094.0,26.4,1.5852031796152817,109.0,-1308.0
ZERO_THREE_RIGHT,1774719184.0,26.4,1.5304060326656175,109.0,-1398.0
ZERO_THREE_RIGHT,1774719482.0,26.4,1.5852031796152817,109.0,-1696.0
ZERO_THREE_RIGHT,1774719847.0,26.4,1.5304060326656175,109.0,-2061.0
ZERO_THREE_RIGHT,1774720145.0,26.4,1.5852031796152817,109.0,-2359.0
ZERO_THREE_RIGHT,1774738464.0,26.4,1.311776599427672,96.0,3835.0
ZERO_THREE_RIGHT,1774738506.0,26.4,1.6942383189538988,96.0,3793.0
ZERO_THREE_RIGHT,1774738954.0,26.4,1.311776599427672,96.0,3345.0
ZERO_THREE_RIGHT,1774738996.0,26.4,1.6942383189538988,96.0,3303.0
ZERO_THREE_RIGHT,1774739235.0,26.4,1.311776599427672,96.0,3064.0
ZERO_THREE_RIGHT,1774739277.0,26.4,1.6942383189538988,96.0,3022.0
ZERO_THREE_RIGHT,1774739623.0,26.4,1.311776599427672,96.0,2676.0
ZERO_THREE_RIGHT,1774739665.0,26.4,1.6942383189538988,96.0,2634.0
ZERO_THREE_RIGHT,1774740286.0,26.4,1.311776599427672,96.0,2013.0
ZERO_THREE_RIGHT,1774740328.0,26.4,1.6942383189538988,96.0,1971.0
ZERO_THREE_RIGHT,1774811494.0,26.4,1.6942383189538988,124.0,-793.0
ZERO_THREE_RIGHT,1774811571.0,26.4,1.3665737463773362,124.0,-870.0
ZERO_THREE_RIGHT,1774811984.0,26.4,1.6942383189538988,124.0,-1283.0
ZERO_THREE_RIGHT,1774812061.0,26.4,1.3665737463773362,124.0,-1360.0
ZERO_THREE_RIGHT,1774812265.0,26.4,1.6942383189538988,124.0,-1564.0
ZERO_THREE_RIGHT,1774812342.0,26.4,1.3665737463773362,124.0,-1641.0
ZERO_THREE_RIGHT,1774812653.0,26.4,1.6942383189538988,124.0,-1952.0
ZERO_THREE_RIGHT,1774812730.0,26.4,1.3665737463773362,124.0,-2029.0
ZERO_THREE_RIGHT,1774813316.0,26.4,1.6942383189538988,124.0,-2615.0
ZERO_THREE_RIGHT,1774813393.0,26.4,1.3665737463773362,124.0,-2692.0
ZERO_THREE_RIGHT,1774826513.0,26.4,1.5852031796152817,118.0,3356.0
ZERO_THREE_RIGHT,1774826570.0,26.4,1.6947974735146096,118.0,3299.0
ZERO_THREE_RIGHT,1774826794.0,26.4,1.5852031796152817,118.0,3075.0
ZERO_THREE_RIGHT,1774826851.0,26.4,1.6947974735146096,118.0,3018.0
ZERO_THREE_RIGHT,1774827182.0,26.4,1.5852031796152817,118.0,2687.0
ZERO_THREE_RIGHT,1774827239.0,26.4,1.6947974735146096,118.0,2630.0
ZERO_THREE_RIGHT,1774827845.0,26.4,1.5852031796152817,118.0,2024.0
ZERO_THREE_RIGHT,1774827902.0,26.4,1.6947974735146096,118.0,1967.0
ZERO_THREE_RIGHT,1774888394.0,26.4,1.4761680402766642,128.0,-323.0
ZERO_THREE_RIGHT,1774888884.0,26.4,1.4761680402766642,128.0,-813.0
ZERO_THREE_RIGHT,1774889165.0,26.4,1.4761680402766642,128.0,-1094.0
ZERO_THREE_RIGHT,1774889553.0,26.4,1.4761680402766642,128.0,-1482.0
ZERO_THREE_RIGHT,1774890216.0,26.4,1.4761680402766642,128.0,-2145.0
ZERO_THREE_RIGHT,1774907790.0,26.4,1.421370893327,97.0,17224.0
ZERO_THREE_RIGHT,1774907893.0,26.4,1.421370893327,97.0,17121.0
ZERO_THREE_RIGHT,1774908280.0,26.4,1.421370893327,97.0,16734.0
ZERO_THREE_RIGHT,1774908561.0,26.4,1.421370893327,97.0,16453.0
ZERO_THREE_RIGHT,1774908949.0,26.4,1.421370893327,97.0,16065.0
ZERO_THREE_RIGHT,1774909612.0,26.4,1.421370893327,97.0,15402.0
ZERO_THREE_RIGHT,1774921316.0,26.4,1.5852031796152815,97.0,3698.0
ZERO_THREE_RIGHT,1774921703.0,26.4,1.5852031796152815,97.0,3311.0
ZERO_THREE_RIGHT,1774921984.0,26.4,1.5852031796152815,97.0,3030.0
ZERO_THREE_RIGHT,1774922372.0,26.4,1.5852031796152815,97.0,2642.0
ZERO_THREE_RIGHT,1774923035.0,26.4,1.5852031796152815,97.0,1979.0
ZERO_THREE_RIGHT,1774990496.0,8.8,2.073615425300471,212.0,802.75
ZERO_THREE_RIGHT,1774990665.0,8.8,2.3094551402229637,212.0,633.75
ZERO_THREE_RIGHT,1774991298.75,8.8,2.733334855206502,212.0,0.0
ZERO_THREE_RIGHT,1774991331.75,8.8,4.866054087983073,225.0,0.25
ZERO_THREE_RIGHT,1774991348.75,8.8,3.3909710068466543,211.0,-0.25
ZERO_THREE_RIGHT,1774991410.75,8.8,4.373622455295146,210.0,0.0
ZERO_THREE_RIGHT,1774992504.7,8.8,1.7551914572616103,34.0,0.0
ZERO_THREE_RIGHT,1774993254.05,8.8,2.605095671720632,70.0,0.0
ZERO_THREE_RIGHT,1774994043.0,8.8,2.049751605046236,94.0,0.0
ZERO_THREE_RIGHT,1774994117.85,8.8,2.2202774472639657,147.0,0.0
ZERO_THREE_RIGHT,1776367265.0,8.8,0.9280607291616566,78.0,982.75
ZERO_THREE_RIGHT,1776367492.0,8.8,0.9971200715848164,78.0,755.75
ZERO_THREE_RIGHT,1776368247.95,8.8,1.5290345177004205,78.0,0.0
ZERO_THREE_RIGHT,1776368474.75,8.8,0.9570682643837286,25.0,0.0
ZERO_THREE_RIGHT,1776368783.55,8.8,1.1619213706033813,97.0,0.0
ZERO_THREE_RIGHT,1776368808.75,8.8,1.1931833706233526,105.0,0.0
ZERO_THREE_RIGHT,1776368815.55,8.8,1.2831798184444547,94.0,0.0
ZERO_THREE_RIGHT,1776369162.75,8.8,1.202408786255064,63.0,0.0
ZERO_THREE_RIGHT,1776369568.8500001,8.8,1.2503674262362825,318.0,-2.384185791015625e-07
ZERO_THREE_RIGHT,1776369817.65,8.8,1.5741958836437389,27.0,-2.384185791015625e-07
ZERO_THREE_RIGHT,1776370056.45,8.8,0.6696800006892556,110.0,-2.384185791015625e-07
ZERO_THREE_RIGHT,1776370067.05,8.8,1.3394087021618373,86.0,0.0
ZERO_THREE_RIGHT,1776370314.7,8.8,1.4331978424782108,144.0,-2.384185791015625e-07
ZERO_THREE_RIGHT,1776370796.8,8.8,1.0661005679197877,51.0,2.384185791015625e-07
ZERO_THREE_RIGHT,1776370949.0,8.8,1.2929195446225046,64.0,0.0
ZERO_THREE_RIGHT,1776370956.2,8.8,1.0799470362193446,63.0,0.0
ZERO_THREE_RIGHT,1776371209.0,8.8,0.9820832318409315,59.0,0.0
ZERO_THREE_RIGHT,1776372106.0,8.8,1.2714863273761252,94.0,-603.4000000953674
ZERO_THREE_RIGHT,1777412486.0,8.8,2.166213688700655,108.0,1526.4500000476837
ZERO_THREE_RIGHT,1777413528.0,8.8,4.637915481698114,108.0,484.4500000476837
ZERO_THREE_RIGHT,1777414012.65,8.8,4.190153495925804,108.0,0.0
ZERO_THREE_RIGHT,1777414548.25,8.8,3.1925040969025105,130.0,0.0
ZERO_THREE_RIGHT,1777414701.45,8.8,2.5679512838608076,104.0,-2.384185791015625e-07
ZERO_THREE_RIGHT,1777416491.85,8.8,6.498964430484788,80.0,0.0
ZERO_THREE_RIGHT,1777416680.05,8.8,3.713849194964446,59.0,0.0
ZERO_THREE_RIGHT,1777417595.0,8.8,2.1800766230158763,99.0,-531.3500001430511
ZERO_THREE_RIGHT,1777483430.0,26.4,1.4756088857159533,107.0,-1353.0
ZERO_THREE_RIGHT,1777483430.0,26.4,1.4756088857159533,107.0,-1353.0
ZERO_THREE_RIGHT,1777483715.0,26.4,1.749035465903563,107.0,-1638.0
ZERO_THREE_RIGHT,1777483715.0,26.4,1.749035465903563,107.0,-1638.0
ZERO_THREE_RIGHT,1777566105.0,26.4,1.5852031796152817,112.0,-434.0
ZERO_THREE_RIGHT,1777566206.0,26.4,1.5852031796152817,112.0,-535.0
ZERO_THREE_RIGHT,1777567156.0,26.4,1.5852031796152817,112.0,-1485.0
ZERO_THREE_RIGHT,1777567257.0,26.4,1.5852031796152817,112.0,-1586.0
ZERO_THREE_RIGHT,1777567257.0,26.4,1.5852031796152817,112.0,-1586.0
ZERO_THREE_RIGHT,1777737757.0,26.4,1.311776599427672,167.0,-1030.0
ZERO_THREE_RIGHT,1777738808.0,26.4,1.311776599427672,167.0,-2081.0
ZERO_THREE_RIGHT,1777738808.0,26.4,1.311776599427672,167.0,-2081.0
ZERO_THREE_RIGHT,1777841167.0,26.4,1.311776599427672,167.0,-104440.0
ZERO_THREE_RIGHT,1777842050.0,26.4,1.311776599427672,167.0,-105323.0
ZERO_THREE_RIGHT,1777842050.0,26.4,1.311776599427672,167.0,-105323.0
ZERO_THREE_RIGHT,1777842097.0,26.4,1.311776599427672,167.0,-105370.0
ZERO_THREE_RIGHT,1777842097.0,26.4,1.311776599427672,167.0,-105370.0
ZERO_THREE_RIGHT,1778017257.0,26.4,1.421370893327,98.0,-525.0
ZERO_THREE_RIGHT,1778018187.0,26.4,1.421370893327,98.0,-1455.0
ZERO_THREE_RIGHT,1778018187.0,26.4,1.421370893327,98.0,-1455.0
ZERO_THREE_RIGHT,1778096268.0,26.4,1.749035465903563,98.0,-79536.0
ZERO_THREE_RIGHT,1778096268.0,26.4,1.749035465903563,98.0,-79536.0
ZERO_THREE_RIGHT,1778096500.0,26.4,1.6947974735146096,98.0,-79768.0
ZERO_THREE_RIGHT,1778096500.0,26.4,1.6947974735146096,98.0,-79768.0
ZERO_THREE_RIGHT,1778270045.0,26.4,2.0224620460911726,98.0,-664.0
ZERO_THREE_RIGHT,1778270172.0,26.4,1.366573746377336,98.0,-791.0
ZERO_THREE_RIGHT,1778270878.0,26.4,2.0224620460911726,98.0,-1497.0
ZERO_THREE_RIGHT,1778270878.0,26.4,2.0224620460911726,98.0,-1497.0
ZERO_THREE_RIGHT,1778271005.0,26.4,1.366573746377336,98.0,-1624.0
ZERO_THREE_RIGHT,1778271005.0,26.4,1.366573746377336,98.0,-1624.0
ZERO_THREE_RIGHT,1778362583.0,26.4,1.4756088857159533,93.0,-1128.0
ZERO_THREE_RIGHT,1778362583.0,26.4,1.4756088857159533,93.0,-1128.0
ZERO_THREE_RIGHT,1778362695.0,26.4,1.3665737463773362,93.0,-1240.0
ZERO_THREE_RIGHT,1778362695.0,26.4,1.3665737463773362,93.0,-1240.0
ZERO_THREE_RIGHT,1778461004.0,26.4,1.5846440250545706,112.0,-796.0
ZERO_THREE_RIGHT,1778461114.0,26.4,1.5852031796152817,112.0,-906.0
ZERO_THREE_RIGHT,1778461763.0,26.4,1.5846440250545706,112.0,-1555.0
ZERO_THREE_RIGHT,1778461763.0,26.4,1.5846440250545706,112.0,-1555.0
ZERO_THREE_RIGHT,1778461873.0,26.4,1.5852031796152817,112.0,-1665.0
ZERO_THREE_RIGHT,1778461873.0,26.4,1.5852031796152817,112.0,-1665.0
ZERO_THREE_RIGHT,1778537896.0,26.4,1.4213708933270002,88.0,-390.0
ZERO_THREE_RIGHT,1778537974.0,26.4,1.421370893327,88.0,-468.0
ZERO_THREE_RIGHT,1778538655.0,26.4,1.4213708933270002,88.0,-1149.0
ZERO_THREE_RIGHT,1778538655.0,26.4,1.4213708933270002,88.0,-1149.0
ZERO_THREE_RIGHT,1778538733.0,26.4,1.421370893327,88.0,-1227.0
ZERO_THREE_RIGHT,1778538733.0,26.4,1.421370893327,88.0,-1227.0
ZERO_THREE_RIGHT,1778619524.0,26.4,1.4756088857159533,90.0,-939.0
ZERO_THREE_RIGHT,1778619593.0,26.4,1.420811738766289,90.0,-1008.0
ZERO_THREE_RIGHT,1778619689.0,26.4,1.420811738766289,90.0,-1104.0
ZERO_THREE_RIGHT,1778620283.0,26.4,1.4756088857159533,90.0,-1698.0
ZERO_THREE_RIGHT,1778620283.0,26.4,1.4756088857159533,90.0,-1698.0
ZERO_THREE_RIGHT,1778620352.0,26.4,1.420811738766289,90.0,-1767.0
ZERO_THREE_RIGHT,1778620352.0,26.4,1.420811738766289,90.0,-1767.0
ZERO_THREE_RIGHT,1778702753.0,26.4,1.5298468781049064,117.0,-814.0
ZERO_THREE_RIGHT,1778703416.0,26.4,1.5298468781049064,117.0,-1477.0
ZERO_THREE_RIGHT,1778703416.0,26.4,1.5298468781049064,117.0,-1477.0
ZERO_THREE_RIGHT,1778788449.0,26.4,0.3768518153525606,147.0,-984.0
ZERO_THREE_RIGHT,1778788687.0,8.8,2.4654443379509803,170.0,916.5999999046326
ZERO_THREE_RIGHT,1778789603.95,8.8,3.470947131313141,12.0,-2.384185791015625e-07
ZERO_THREE_RIGHT,1778789729.0,8.8,3.566396145763119,27.0,-2.384185791015625e-07
ZERO_THREE_RIGHT,1778789742.05,8.8,3.37811709526988,81.99999999999997,-2.384185791015625e-07
ZERO_THREE_RIGHT,1778790066.25,8.8,2.1524398212131644,932.0000000000002,-2.384185791015625e-07
ZERO_THREE_RIGHT,1778790359.6000001,8.8,3.180256368050191,30.0,-2.384185791015625e-07
ZERO_THREE_RIGHT,1778790425.8500001,8.8,4.453958503074276,150.0000000000001,-2.384185791015625e-07
ZERO_THREE_RIGHT,1778790545.0,8.8,2.708041514947674,510.0,-2.384185791015625e-07
ZERO_THREE_RIGHT,1778790676.05,8.8,2.2526012051273083,56.000000000000036,-2.384185791015625e-07
ZERO_THREE_RIGHT,1778791245.95,8.8,3.2165360709261055,230.0,-2.384185791015625e-07
ZERO_THREE_RIGHT,1778791377.55,8.8,3.274078395681576,298.0,-2.384185791015625e-07
ZERO_THREE_RIGHT,1778791508.3500001,8.8,2.9023954970220256,244.0,-2.384185791015625e-07
ZERO_THREE_RIGHT,1778792048.2,8.8,3.379279814106903,99.0,-2.384185791015625e-07
ZERO_THREE_RIGHT,1778792177.8500001,8.8,3.8264102811041805,137.0000000000001,-2.384185791015625e-07
ZERO_THREE_RIGHT,1778792305.3,8.8,3.540480404005045,318.0,-2.384185791015625e-07
ZERO_THREE_RIGHT,1778792831.0,8.8,2.9211364046202632,611.0,-2.384185791015625e-07
ZERO_THREE_RIGHT,1778792963.8500001,8.8,2.976227971373051,58.0,-2.384185791015625e-07
ZERO_THREE_RIGHT,1778793130.0,8.8,2.147146481094569,163.00000000000045,-2.384185791015625e-07
ZERO_THREE_RIGHT,1778794259.6000001,8.8,9.504148641571364,28.0,-2.384185791015625e-07
ZERO_THREE_RIGHT,1778794270.4,8.8,2.9545363057153597,132.0,-2.384185791015625e-07
ZERO_THREE_RIGHT,1780004878.0,26.4,1.5309651872263284,205.0,-19665.0
ZERO_THREE_RIGHT,1780091487.0,26.4,1.6942383189538988,136.0,-855.0
ZERO_THREE_RIGHT,1780091542.0,26.4,1.749035465903563,136.0,-910.0
ZERO_THREE_RIGHT,1780174779.0,26.4,1.749035465903563,134.0,-925.0
ZERO_THREE_RIGHT,1780174815.0,26.4,2.1314971854297897,134.0,-961.0
ZERO_THREE_RIGHT,1780174815.0,26.4,2.1314971854297897,134.0,-961.0
ZERO_THREE_RIGHT,1780246947.0,26.4,1.6394411720042346,131.0,-635.0
ZERO_THREE_RIGHT,1780414613.0,26.4,1.5852031796152817,124.0,-568.0
ZERO_THREE_RIGHT,1780414661.0,26.4,1.749035465903563,124.0,-616.0
ZERO_THREE_RIGHT,1780502303.0,26.4,1.5852031796152817,140.0,-562.0
ZERO_THREE_RIGHT,1780597824.0,26.4,1.858629759802891,145.0,-519.0
ZERO_THREE_RIGHT,1780597869.0,26.4,1.85807060524218,145.0,-564.0
ZERO_THREE_RIGHT,1780613810.0,26.4,1.5304060326656175,128.0,4059.0
ZERO_THREE_RIGHT,1780613960.0,26.4,1.9134269067525551,128.0,3909.0
ZERO_THREE_RIGHT,1780769902.0,26.4,1.6947974735146099,150.0,-828.0
ZERO_THREE_RIGHT,1780769952.0,26.4,1.749035465903563,150.0,-878.0
ZERO_THREE_RIGHT,1780977565.0,26.4,2.022462046091172,135.0,3930.0
ZERO_THREE_RIGHT,1781029801.0,26.4,1.6947974735146096,183.0,-905.0
ZERO_THREE_RIGHT,1781043941.0,26.4,1.85807060524218,145.0,3767.0
ZERO_THREE_RIGHT,1781121397.0,8.8,1.6931956813658244,124.0,278.9500000476837
ZERO_THREE_RIGHT,1781121674.95,8.8,2.1175360594418993,124.0,1.0
ZERO_THREE_RIGHT,1781121805.0,8.8,1.5145487846534609,141.0,-95.54999995231628
ZERO_THREE_RIGHT,1781122052.0,8.8,2.234919593304723,101.0,0.0
ZERO_THREE_RIGHT,1781123133.0,8.8,2.0298519089448726,97.0,1.0
ZERO_THREE_RIGHT,1781123696.0,8.8,1.965378863534323,107.0,0.0
ZERO_THREE_RIGHT,1781128693.0,8.8,1.7945866333137361,202.0,1.0
ZERO_THREE_RIGHT,1781149369.0,8.8,3.815111567730182,386.0,-20641.5
ZERO_THREE_RIGHT,1781149448.0,8.8,3.8156707222908928,386.0,-20720.5
ZERO_THREE_RIGHT,1781199263.0,26.4,1.420811738766289,150.0,7289.0
ZERO_THREE_RIGHT,1781224496.0,26.4,2.1862943323794535,172.0,-543.0
ZERO_THREE_RIGHT,1781316807.0,26.4,2.2953294717180706,146.0,-26199.0
ZERO_THREE_RIGHT,1781403175.0,26.4,1.9671057445807973,181.0,-1080.0
ZERO_THREE_RIGHT,1781467374.0,26.4,2.022462046091172,170.0,-503.0
ZERO_THREE_RIGHT,1781467374.0,26.4,2.022462046091172,170.0,-503.0
ZERO_THREE_RIGHT,1781548107.0,26.4,2.3501266186677348,189.0,-815.0
ZERO_THREE_RIGHT,1781649628.0,26.4,1.9671057445807973,173.0,-404.0
ZERO_THREE_RIGHT,1781649803.0,26.4,1.9128677521918442,173.0,-579.0
ZERO_THREE_RIGHT,1781710438.0,26.4,1.749035465903563,138.0,-520.0
ZERO_THREE_RIGHT,1781802994.0,26.4,2.0767000384801255,172.0,-632.0
ZERO_THREE_RIGHT,1781803098.0,26.4,2.0219028915304613,172.0,-736.0
ZERO_THREE_RIGHT,1781979927.0,26.4,1.8032734582925158,223.0,-927.0
ZERO_THREE_RIGHT,1782095277.0,26.4,2.6229940442946336,247.0,-658.0
ZERO_THREE_RIGHT,1782095325.0,26.4,2.2947703171573597,247.0,-706.0
ONE_THREE_LEFT,1752695079.0,7.8,3.2508314288187536,202.0,1212633.75
ONE_THREE_LEFT,1752695469.0,7.8,4.242220667849832,202.0,1212243.75
ONE_THREE_LEFT,1752695552.0,7.8,3.588674170282789,202.0,1212160.75
ONE_THREE_LEFT,1752695969.75,7.8,4.476977218022184,202.0,1211743.0
ONE_THREE_LEFT,1752713130.0,7.8,2.1694458941591366,202.0,1194582.75
ONE_THREE_LEFT,1752713546.0,7.8,1.6510685461529793,202.0,1194166.75
ONE_THREE_LEFT,1752713628.0,7.8,1.8125004394875737,202.0,1194084.75
ONE_THREE_LEFT,1752713860.0,7.8,1.490709049336872,202.0,1193852.75
ONE_THREE_LEFT,1752713942.0,7.8,1.4935337926195709,202.0,1193770.75
ONE_THREE_LEFT,1752714370.25,7.8,2.0758518330833358,202.0,1193342.5
ONE_THREE_LEFT,1752715072.75,7.8,1.3745414563840976,202.0,1192640.0
ONE_THREE_LEFT,1753054241.0,7.8,1.106581279154295,202.0,853471.75
ONE_THREE_LEFT,1753054414.55,7.8,1.0704436475398276,202.0,853298.2000000477
ONE_THREE_LEFT,1753291949.2,7.8,1.2086251189788004,202.0,615763.5499999523
ONE_THREE_LEFT,1753389116.0,7.8,1.696776779499177,202.0,518596.75
ONE_THREE_LEFT,1753389245.95,7.8,1.7501458414536457,202.0,518466.7999999523
ONE_THREE_LEFT,1753479752.0,7.8,1.4426730384859618,202.0,427960.75
ONE_THREE_LEFT,1753479886.45,7.8,1.9403469919792096,202.0,427826.2999999523
ONE_THREE_LEFT,1753545254.0,7.8,0.8131552383935341,202.0,362458.75
ONE_THREE_LEFT,1753545387.2,7.8,0.9976666682474356,202.0,362325.5499999523
ONE_THREE_LEFT,1753625522.0,7.8,1.7002442230820165,202.0,282190.75
ONE_THREE_LEFT,1753625657.15,7.8,1.5421025935776698,202.0,282055.59999990463
ONE_THREE_LEFT,1753629630.6,7.8,1.2673665342758627,202.0,278082.15000009537
ONE_THREE_LEFT,1753715378.0,7.8,2.062288943612366,202.0,192334.75
ONE_THREE_LEFT,1753715504.1,7.8,1.6993362298099657,202.0,192208.65000009537
ONE_THREE_LEFT,1753803537.0,7.8,2.2814644044513988,202.0,104175.75
ONE_THREE_LEFT,1753803653.05,7.8,2.1119266100233705,202.0,104059.70000004768
ONE_THREE_LEFT,1753804635.3,7.8,1.7728796461146805,202.0,103077.45000004768
ONE_THREE_LEFT,1753809229.0,7.8,1.2768338586497396,202.0,98483.75
ONE_THREE_LEFT,1753809330.8,7.8,1.1890203857479116,202.0,98381.95000004768
ONE_THREE_LEFT,1753828261.0,7.8,0.08083230245770098,202.0,79451.75
ONE_THREE_LEFT,1753828371.25,7.8,6.181723643519906,202.0,79341.5
ONE_THREE_LEFT,1753828498.5,7.8,0.7833329624712321,202.0,79214.25
ONE_THREE_LEFT,1753905287.0,7.8,1.2928009352463878,202.0,2425.75
ONE_THREE_LEFT,1753906457.0,7.8,1.286952864032406,202.0,1255.75
ONE_THREE_LEFT,1753906539.0,7.8,1.159580080433849,202.0,1173.75
ONE_THREE_LEFT,1753907711.5,7.8,1.5030020710779683,202.0,1.25
ONE_THREE_LEFT,1753909027.0,7.8,1.406376363225476,257.0,-1300.75
ONE_THREE_LEFT,1753909109.0,7.8,1.0857878853282539,257.0,-1382.75
ONE_THREE_LEFT,1754408735.0,7.8,1.407685163330314,257.0,-501008.75
ONE_THREE_LEFT,1754408880.9,7.8,1.5846399196513794,257.0,-501154.65000009537
ONE_THREE_LEFT,1754514732.0,7.8,1.8792783448929948,257.0,-607005.75
ONE_THREE_LEFT,1754514868.55,7.8,2.2403770545206565,257.0,-607142.2999999523
ONE_THREE_LEFT,1754596966.0,7.8,2.425550464312286,257.0,-689239.75
ONE_THREE_LEFT,1754597073.55,7.8,1.3627813659575736,257.0,-689347.2999999523
ONE_THREE_LEFT,1754666870.0,7.8,1.7122265272261008,257.0,-759143.75
ONE_THREE_LEFT,1754667035.25,7.8,1.7128875637511354,257.0,-759309.0
ONE_THREE_LEFT,1754792849.0,7.8,2.123401658245812,257.0,-885122.75
ONE_THREE_LEFT,1754792936.55,7.8,1.4818140342948425,257.0,-885210.2999999523
ONE_THREE_LEFT,1754841348.0,7.8,2.036992605023395,257.0,-933621.75
ONE_THREE_LEFT,1754841490.3,7.8,1.6019520987095004,257.0,-933764.0499999523
ONE_THREE_LEFT,1754843534.3,7.8,2.479443814502126,257.0,-935808.0499999523
ONE_THREE_LEFT,1754843717.8,7.8,2.6139106190823855,257.0,-935991.5499999523
ONE_THREE_LEFT,1754966342.0,7.8,1.9062568781773055,222200.0,840754.5
ONE_THREE_LEFT,1754966464.75,7.8,1.6735123265333964,222200.0,840631.75
ONE_THREE_LEFT,1755013571.0,7.8,1.9089779100487723,222200.0,793525.5
ONE_THREE_LEFT,1755013683.3,7.8,2.405631446182692,222200.0,793413.2000000477
ONE_THREE_LEFT,1755200227.0,7.8,1.4778516851010912,222200.0,606869.5
ONE_THREE_LEFT,1755200349.2,7.8,1.8728446200159734,222200.0,606747.2999999523
ONE_THREE_LEFT,1755295372.8,7.8,2.2218582476896005,222200.0,511723.7000000477
ONE_THREE_LEFT,1755295404.8,7.8,2.6411518376798737,222200.0,511691.7000000477
ONE_THREE_LEFT,1755373095.0,7.8,1.5205994313052882,222200.0,434001.5
ONE_THREE_LEFT,1755373209.85,7.8,1.4964853741316215,222200.0,433886.65000009537
ONE_THREE_LEFT,1755445517.0,7.8,1.6940664045399625,222200.0,361579.5
ONE_THREE_LEFT,1755445632.5,7.8,1.8849545329303257,222200.0,361464.0
ONE_THREE_LEFT,1755446941.0,7.8,2.049228963625413,222200.0,360155.5
ONE_THREE_LEFT,1755447051.5,7.8,1.6720654487245712,222200.0,360045.0
ONE_THREE_LEFT,1755646686.0,7.8,2.2315991387285776,222200.0,160410.5
ONE_THREE_LEFT,1755646784.7,7.8,2.2225273729872983,222200.0,160311.79999995232
ONE_THREE_LEFT,1755699491.0,7.8,2.3674445335208416,222200.0,107605.5
ONE_THREE_LEFT,1755699604.15,7.8,1.7348082598001957,222200.0,107492.34999990463
ONE_THREE_LEFT,1755699958.6,7.8,2.0247525179516708,222200.0,107137.90000009537
ONE_THREE_LEFT,1755710092.0,7.8,1.5172859453740972,222200.0,97004.5
ONE_THREE_LEFT,1755710208.2,7.8,1.4047856613804655,222200.0,96888.29999995232
ONE_THREE_LEFT,1755803308.05,7.8,1.9582120706538966,222200.0,3788.4500000476837
ONE_THREE_LEFT,1755803497.0,7.8,1.546845015300839,222200.0,3599.5
ONE_THREE_LEFT,1755804033.0,7.8,1.4646563385585916,222200.0,3063.5
ONE_THREE_LEFT,1755804115.0,7.8,1.585185907330224,222200.0,2981.5
ONE_THREE_LEFT,1755804652.0,7.8,1.3797216787194964,222200.0,2444.5
ONE_THREE_LEFT,1755804734.0,7.8,2.374445446824858,222200.0,2362.5
ONE_THREE_LEFT,1755807096.25,7.8,1.0926672083779767,222200.0,0.25
ONE_THREE_LEFT,1755807145.5,7.8,1.2127219257208213,185.0,0.25
ONE_THREE_LEFT,1755807556.75,7.8,1.2278722214879503,254.0,1.0
ONE_THREE_LEFT,1755809368.0,7.8,0.8241271674139342,129.0,-881.25
ONE_THREE_LEFT,1755809455.0,7.8,1.51519231058196,129.0,-968.25
ONE_THREE_LEFT,1755893268.5,7.8,2.042465769971796,129.0,-84781.75
ONE_THREE_LEFT,1755965826.0,7.8,1.9336110295122153,129.0,-157339.25
ONE_THREE_LEFT,1755965935.4,7.8,1.7946462306356128,129.0,-157448.65000009537
ONE_THREE_LEFT,1756144870.0,7.8,1.395716158666359,129.0,-336383.25
ONE_THREE_LEFT,1756144976.15,7.8,1.0612026244525385,129.0,-336489.40000009537
ONE_THREE_LEFT,1756233440.0,7.8,1.7246410971418198,129.0,-424953.25
ONE_THREE_LEFT,1756233542.8,7.8,1.6855664973591398,129.0,-425056.0499999523
ONE_THREE_LEFT,1756311773.0,7.8,2.868757383136457,129.0,-503286.25
ONE_THREE_LEFT,1756311932.4,7.8,2.4461118676731486,129.0,-503445.65000009537
ONE_THREE_LEFT,1756395622.0,7.8,1.9913443355923492,129.0,-587135.25
ONE_THREE_LEFT,1756395731.9,7.8,2.1877837471771615,129.0,-587245.1500000954
ONE_THREE_LEFT,1756482692.0,7.8,2.1300680868184134,259.0,537545.0
ONE_THREE_LEFT,1756482804.1,7.8,2.2118160274263707,259.0,537432.9000000954
ONE_THREE_LEFT,1756573622.0,7.8,1.6589294795474214,259.0,446615.0
ONE_THREE_LEFT,1756573715.45,7.8,1.4202320881695665,259.0,446521.5499999523
ONE_THREE_LEFT,1756661663.0,7.8,1.0722548934146907,259.0,358574.0
ONE_THREE_LEFT,1756661769.1,7.8,1.2834804978111567,259.0,358467.90000009537
ONE_THREE_LEFT,1756741700.0,7.8,1.36908662902536,259.0,278537.0
ONE_THREE_LEFT,1756741805.45,7.8,1.4443932037618552,259.0,278431.5499999523
ONE_THREE_LEFT,1756846734.0,7.8,1.810543393128018,259.0,173503.0
ONE_THREE_LEFT,1756846890.85,7.8,2.1707538078240614,259.0,173346.15000009537
ONE_THREE_LEFT,1756925281.0,7.8,2.073127047946051,259.0,94956.0
ONE_THREE_LEFT,1756925404.9,7.8,2.6302906669978006,259.0,94832.09999990463
ONE_THREE_LEFT,1757012063.65,7.8,1.7295463617417879,259.0,8173.349999904633
ONE_THREE_LEFT,1757012907.0,7.8,1.9022154595159058,259.0,7330.0
ONE_THREE_LEFT,1757013158.0,7.8,1.5779645102079463,259.0,7079.0
ONE_THREE_LEFT,1757013240.0,7.8,1.1577197634767158,259.0,6997.0
ONE_THREE_LEFT,1757013476.0,7.8,1.6762225209836674,259.0,6761.0
ONE_THREE_LEFT,1757013612.0,7.8,1.4523465643234585,259.0,6625.0
ONE_THREE_LEFT,1757015533.0,7.8,1.292856920491524,259.0,4704.0
ONE_THREE_LEFT,1757015627.0,7.8,1.6725813060093067,259.0,4610.0
ONE_THREE_LEFT,1757016238.0,7.8,1.3321667341762682,259.0,3999.0
ONE_THREE_LEFT,1757016321.0,7.8,1.5772884625762629,259.0,3916.0
ONE_THREE_LEFT,1757018498.0,7.8,1.6142583947351867,259.0,1739.0
ONE_THREE_LEFT,1757018580.0,7.8,1.3810618900894809,259.0,1657.0
ONE_THREE_LEFT,1757019824.0,7.8,1.346229690394245,259.0,413.0
ONE_THREE_LEFT,1757019940.0,7.8,1.1044548351903292,259.0,297.0
ONE_THREE_LEFT,1757020081.0,7.8,1.2969396536266071,259.0,156.0
ONE_THREE_LEFT,1757020163.0,7.8,1.9995785850145633,259.0,74.0
ONE_THREE_LEFT,1757020236.0,7.8,1.2123031964509368,259.0,1.0
ONE_THREE_LEFT,1757020251.0,7.8,1.4440217102352362,239.0,0.0
ONE_THREE_LEFT,1757020276.0,7.8,1.6245892069050611,341.0,0.0
ONE_THREE_LEFT,1757020453.0,7.8,1.3971000643376348,246.0,1.0
ONE_THREE_LEFT,1757081912.0,7.8,1.8010236388260528,260.0,-60979.5
ONE_THREE_LEFT,1757081970.8,7.8,1.738421695784041,260.0,-61038.299999952316
ONE_THREE_LEFT,1757175520.0,7.8,1.6710846164352982,260.0,-154587.5
ONE_THREE_LEFT,1757175637.2,7.8,1.6864104431090157,260.0,-154704.70000004768
ONE_THREE_LEFT,1757259890.0,7.8,4.930949830484971,260.0,-238957.5
ONE_THREE_LEFT,1757260165.0,7.8,4.930949830484971,260.0,-239232.5
ONE_THREE_LEFT,1757282254.0,7.8,1.4388096075967216,260.0,-261321.5
ONE_THREE_LEFT,1757282388.6,7.8,1.775720275496775,260.0,-261456.09999990463
ONE_THREE_LEFT,1757446318.0,7.8,1.4870999229727475,260.0,-425385.5
ONE_THREE_LEFT,1757446429.6,7.8,2.0092457947741145,260.0,-425497.09999990463
ONE_THREE_LEFT,1757524485.0,7.8,4.818174400503761,260.0,-503552.5
ONE_THREE_LEFT,1757524760.0,7.8,4.818174400503761,260.0,-503827.5
ONE_THREE_LEFT,1757525410.0,7.8,1.573590519565949,260.0,-504477.5
ONE_THREE_LEFT,1757525615.15,7.8,1.99774818228674,260.0,-504682.65000009537
ONE_THREE_LEFT,1757534831.0,7.8,1.389908060922918,260.0,-513898.5
ONE_THREE_LEFT,1757534944.0,7.8,1.5854199944749283,260.0,-514011.5
ONE_THREE_LEFT,1757637975.0,7.8,1.3587881310794883,260.0,-617042.5
ONE_THREE_LEFT,1757638555.7,7.8,1.4444082126242972,260.0,-617623.2000000477
ONE_THREE_LEFT,1757638694.45,7.8,1.3729003717143362,260.0,-617761.9500000477
ONE_THREE_LEFT,1757697516.0,7.8,1.9155633310305475,260.0,-676583.5
ONE_THREE_LEFT,1757697621.8,7.8,2.009533386060754,260.0,-676689.2999999523
ONE_THREE_LEFT,1757786125.0,7.8,1.8971365740354655,260.0,-765192.5
ONE_THREE_LEFT,1757786233.75,7.8,1.7828893194585214,260.0,-765301.25
ONE_THREE_LEFT,1757787270.25,7.8,1.7482998953287063,260.0,-766337.75
ONE_THREE_LEFT,1757874459.0,7.8,5.150833583413158,260.0,-853526.5
ONE_THREE_LEFT,1757874525.0,7.8,5.150833583413158,260.0,-853592.5
ONE_THREE_LEFT,1757874620.0,7.8,5.150833583413158,260.0,-853687.5
ONE_THREE_LEFT,1757875206.0,7.8,1.7480959232568498,260.0,-854273.5
ONE_THREE_LEFT,1757875360.4,7.8,1.7834669720891378,260.0,-854427.9000000954
ONE_THREE_LEFT,1757970420.0,7.8,1.7368702860013565,260.0,-949487.5
ONE_THREE_LEFT,1757970532.7,7.8,2.3869936044607156,260.0,-949600.2000000477
ONE_THREE_LEFT,1758042808.0,7.8,2.1417088530997592,260.0,-1021875.5
ONE_THREE_LEFT,1758042915.35,7.8,1.7497219899391125,260.0,-1021982.8499999046
ONE_THREE_LEFT,1758124084.0,7.8,1.992621128843493,260.0,-1103151.5
ONE_THREE_LEFT,1758124190.9,7.8,2.6297464611078305,260.0,-1103258.4000000954
ONE_THREE_LEFT,1758216605.0,7.8,1.5601072941183223,260.0,-1195672.5
ONE_THREE_LEFT,1758216975.0,7.8,1.9421768910959232,260.0,-1196042.5
ONE_THREE_LEFT,1758217549.0,7.8,1.5756770776240068,260.0,-1196616.5
ONE_THREE_LEFT,1758217631.0,7.8,2.765278384931681,260.0,-1196698.5
ONE_THREE_LEFT,1758217763.0,7.8,2.1261362051191033,260.0,-1196830.5
ONE_THREE_LEFT,1758217845.0,7.8,2.4309201889698993,260.0,-1196912.5
ONE_THREE_LEFT,1758415543.0,7.8,1.8456342554963745,260.0,-1394610.5
ONE_THREE_LEFT,1758415664.55,7.8,1.7736189120161356,260.0,-1394732.0499999523
ONE_THREE_LEFT,1758481957.0,7.8,2.274365815828034,260.0,-1461024.5
ONE_THREE_LEFT,1758482081.75,7.8,2.379143400248578,260.0,-1461149.25
ONE_THREE_LEFT,1758640185.0,7.8,2.4568380779176513,260.0,-1619252.5
ONE_THREE_LEFT,1758640311.15,7.8,1.8425341641346638,260.0,-1619378.6500000954
ONE_THREE_LEFT,1758737796.0,7.8,2.272095082372197,260.0,-1716863.5
ONE_THREE_LEFT,1758737902.2,7.8,2.2877259223676605,260.0,-1716969.7000000477
ONE_THREE_LEFT,1758814842.0,7.8,3.5433188272817877,619.0,1656012.5
ONE_THREE_LEFT,1758814998.55,7.8,2.3008782144135536,619.0,1655855.9500000477
ONE_THREE_LEFT,1758901111.0,7.8,2.7241455771753635,619.0,1569743.5
ONE_THREE_LEFT,1758901230.2,7.8,2.8861881466820893,619.0,1569624.2999999523
ONE_THREE_LEFT,1758988989.0,7.8,1.96586049606889,619.0,1481865.5
ONE_THREE_LEFT,1758989091.45,7.8,1.7659969672857834,619.0,1481763.0499999523
ONE_THREE_LEFT,1759182578.0,7.8,1.7834624094395846,619.0,1288276.5
ONE_THREE_LEFT,1759182701.3,7.8,1.9148126386289936,619.0,1288153.2000000477
ONE_THREE_LEFT,1759249464.0,7.8,2.167884325842788,619.0,1221390.5
ONE_THREE_LEFT,1759249566.8,7.8,1.7759405397702386,619.0,1221287.7000000477
ONE_THREE_LEFT,1759339019.0,7.8,2.2659171519220624,619.0,1131835.5
ONE_THREE_LEFT,1759339163.45,7.8,1.9815022303110235,619.0,1131691.0499999523
ONE_THREE_LEFT,1759429218.0,7.8,2.0577913172659787,619.0,1041636.5
ONE_THREE_LEFT,1759429850.35,7.8,1.8934876529574471,619.0,1041004.1500000954
ONE_THREE_LEFT,1759430733.0,7.8,1.5674201302945072,619.0,1040121.5
ONE_THREE_LEFT,1759430815.0,7.8,1.673327185537098,619.0,1040039.5
ONE_THREE_LEFT,1759430946.0,7.8,1.6696752228711922,619.0,1039908.5
ONE_THREE_LEFT,1759431028.0,7.8,1.7657319809437733,619.0,1039826.5
ONE_THREE_LEFT,1759431967.0,7.8,1.627100209580668,619.0,1038887.5
ONE_THREE_LEFT,1759432051.0,7.8,1.97289895737195,619.0,1038803.5
ONE_THREE_LEFT,1759434324.0,7.8,2.9568615389430324,619.0,1036530.5
ONE_THREE_LEFT,1759699543.0,7.8,1.6261920988506398,619.0,771311.5
ONE_THREE_LEFT,1759699655.75,7.8,1.932307933177284,619.0,771198.75
ONE_THREE_LEFT,1759798324.0,7.8,1.7834469727881408,619.0,672530.5
ONE_THREE_LEFT,1759798430.25,7.8,1.688217291232423,619.0,672424.25
ONE_THREE_LEFT,1759878081.0,7.8,7.42391021484348,619.0,592773.5
ONE_THREE_LEFT,1759943720.0,7.8,7.034013250888342,619.0,527134.5
ONE_THREE_LEFT,1759953197.0,7.8,2.426923695719741,619.0,517657.5
ONE_THREE_LEFT,1759953393.4,7.8,1.8322558633508774,619.0,517461.09999990463
ONE_THREE_LEFT,1759953761.65,7.8,2.374885843551586,619.0,517092.84999990463
ONE_THREE_LEFT,1760058237.0,7.8,1.7653543536363943,619.0,412617.5
ONE_THREE_LEFT,1760058395.05,7.8,2.072471385792235,619.0,412459.4500000477
ONE_THREE_LEFT,1760112898.0,7.8,2.937683677248335,619.0,357956.5
ONE_THREE_LEFT,1760113046.0,7.8,2.2275748889060596,619.0,357808.5
ONE_THREE_LEFT,1760200315.0,7.8,1.8675273158675698,619.0,270539.5
ONE_THREE_LEFT,1760200423.05,7.8,1.6750281479490288,619.0,270431.4500000477
ONE_THREE_LEFT,1760290182.0,7.8,3.9324055710533514,619.0,180672.5
ONE_THREE_LEFT,1760315239.0,7.8,1.6514151441055627,619.0,155615.5
ONE_THREE_LEFT,1760315354.3,7.8,2.074440802494842,619.0,155500.20000004768
ONE_THREE_LEFT,1760379521.0,7.8,1.8683473635439622,619.0,91333.5
ONE_THREE_LEFT,1760379654.1,7.8,1.7018579307419022,619.0,91200.40000009537
ONE_THREE_LEFT,1760466066.0,7.8,1.614168453260468,619.0,4788.5
ONE_THREE_LEFT,1760466391.5,7.8,2.7190913034100967,619.0,4463.0
ONE_THREE_LEFT,1760466834.0,7.8,1.6714518007211219,619.0,4020.5
ONE_THREE_LEFT,1760466916.0,7.8,2.1361924151663345,619.0,3938.5
ONE_THREE_LEFT,1760470029.0,7.8,1.8776735969476235,619.0,825.5
ONE_THREE_LEFT,1760470111.0,7.8,2.0394451162647504,619.0,743.5
ONE_THREE_LEFT,1760470439.0,7.8,1.9714328113508515,619.0,415.5
ONE_THREE_LEFT,1760470521.0,7.8,7.653980235824187,619.0,333.5
ONE_THREE_LEFT,1760470852.0,7.8,1.5610598558739985,619.0,2.5
ONE_THREE_LEFT,1760470865.0,7.8,3.2046251344869097,658.0,-0.5
ONE_THREE_LEFT,1760471201.0,7.8,2.058693694617597,258.0,1.0
ONE_THREE_LEFT,1760471256.0,7.8,2.632212778996067,588.0,-1.5
ONE_THREE_LEFT,1760471264.0,7.8,1.6006219812180718,628.0,-1.5
ONE_THREE_LEFT,1760471728.0,7.8,123.41953355105261,598.0,0.0
ONE_THREE_LEFT,1760471729.0,7.8,1.784504144760395,598.0,-1.0
ONE_THREE_LEFT,1760471944.0,7.8,1.604315480853131,446.0,0.0
ONE_THREE_LEFT,1760472312.0,7.8,1.6397087242942723,398.0,1.0
ONE_THREE_LEFT,1760472378.0,7.8,5.330333804119613,507.0,-0.5
ONE_THREE_LEFT,1760472379.0,7.8,3.4376883262018856,507.0,-1.5
ONE_THREE_LEFT,1760472388.0,7.8,2.397660934189095,7496.0,1.0
ONE_THREE_LEFT,1760473380.0,7.8,2.7906882520914333,541.0,172.5
ONE_THREE_LEFT,1760473462.0,7.8,5.636289219739149,541.0,90.5
ONE_THREE_LEFT,1760473551.0,7.8,2.670984231600669,541.0,1.5
ONE_THREE_LEFT,1760473591.0,7.8,2.237556678981332,604.0,0.0
ONE_THREE_LEFT,1760577580.05,7.8,1.8792082133264771,570.0,-103524.04999995232
ONE_THREE_LEFT,1760578118.55,7.8,3.4729609686288834,570.0,-104062.54999995232
ONE_THREE_LEFT,1760630706.0,7.8,2.0217540319635785,570.0,-156650.0
ONE_THREE_LEFT,1760630812.0,7.8,2.4067592588838638,570.0,-156756.0
ONE_THREE_LEFT,1760717766.0,7.8,1.915355974423558,570.0,-243710.0
ONE_THREE_LEFT,1760717973.7,7.8,1.8891180858188987,570.0,-243917.70000004768
ONE_THREE_LEFT,1760833147.0,7.8,2.180591109493546,490.0,256716.5
ONE_THREE_LEFT,1760833262.2,7.8,2.1577077113114007,490.0,256601.29999995232
ONE_THREE_LEFT,1760998652.0,7.8,1.3768873688174896,490.0,91211.5
ONE_THREE_LEFT,1760998763.45,7.8,1.2944611850385583,490.0,91100.04999995232
ONE_THREE_LEFT,1761088510.0,7.8,1.5272843265930385,490.0,1353.5
ONE_THREE_LEFT,1761088937.0,7.8,1.4033324781277339,490.0,926.5
ONE_THREE_LEFT,1761089049.0,7.8,1.6079694296638516,490.0,814.5
ONE_THREE_LEFT,1761089862.0,7.8,1.641306679440264,490.0,1.5
ONE_THREE_LEFT,1761089974.0,7.8,1.3922600586954665,381.0,1.0
ONE_THREE_LEFT,1761247024.0,7.8,1.7463730054927695,566.0,-156456.0
ONE_THREE_LEFT,1761247282.7,7.8,1.2735073295323354,566.0,-156714.70000004768
ONE_THREE_LEFT,1761848292.0,7.8,2.201804864694508,566.0,-757724.0
ONE_THREE_LEFT,1761848611.0,7.8,2.037453421094301,566.0,-758043.0
ONE_THREE_LEFT,1761848708.0,7.8,1.9524469307439278,566.0,-758140.0
ONE_THREE_LEFT,1761849085.0,7.8,4.740986810836885,566.0,-758517.0
ONE_THREE_LEFT,1761849513.25,7.8,2.0907657672139734,566.0,-758945.25
ONE_THREE_LEFT,1761852296.7,7.8,2.0340314057766964,566.0,-761728.7000000477
ONE_THREE_LEFT,1763580037.0,7.8,4.191872858464171,185.0,2684.4500000476837
ONE_THREE_LEFT,1763580145.0,7.8,1.756231522052021,185.0,2576.4500000476837
ONE_THREE_LEFT,1763580227.0,7.8,2.5315757783592483,185.0,2494.4500000476837
ONE_THREE_LEFT,1763580355.0,7.8,2.0812568357250747,185.0,2366.4500000476837
ONE_THREE_LEFT,1763580437.0,7.8,2.4404874910364596,185.0,2284.4500000476837
ONE_THREE_LEFT,1763580608.0,7.8,2.2597731599974247,185.0,2113.4500000476837
ONE_THREE_LEFT,1763580690.0,7.8,2.010603797977699,185.0,2031.4500000476837
ONE_THREE_LEFT,1763582416.0,7.8,1.1142422866323285,185.0,305.4500000476837
ONE_THREE_LEFT,1763582498.0,7.8,1.1704139758888326,185.0,223.45000004768372
ONE_THREE_LEFT,1763582720.2,7.8,1.2354934959396249,185.0,1.25
ONE_THREE_LEFT,1763582765.45,7.8,1.1571080027036962,307.0,1.25
ONE_THREE_LEFT,1763582879.2,7.8,1.798260151851066,307.0,1.25
ONE_THREE_LEFT,1763582884.95,7.8,1.4567128903643127,255.0,1.25
ONE_THREE_LEFT,1763583191.2,7.8,0.9281659995375936,472.0,1.25
ONE_THREE_LEFT,1763583885.0,7.8,1.130662072968968,210.0,195.0
ONE_THREE_LEFT,1763583967.0,7.8,1.2129850004184173,210.0,113.0
ONE_THREE_LEFT,1763584079.0,7.8,1.2371878174147777,210.0,1.0
ONE_THREE_LEFT,1763585074.0,7.8,1.3602275666930164,198.0,335.0
ONE_THREE_LEFT,1763585156.0,7.8,1.0219914492705513,198.0,253.0
ONE_THREE_LEFT,1763585408.0,7.8,1.2388544042700025,198.0,1.0
ONE_THREE_LEFT,1763585613.0,7.8,0.963759056875777,418.0,1.0
ONE_THREE_LEFT,1763585666.0,7.8,1.17125755368055,297.0,1.0
ONE_THREE_LEFT,1763585885.4,7.8,1.2724631530230701,331.0,-67.40000009536743
ONE_THREE_LEFT,1763659552.0,7.8,6.147677710734509,331.0,-73734.0
ONE_THREE_LEFT,1763660039.0,7.8,6.147677710734509,331.0,-74221.0
ONE_THREE_LEFT,1763660498.0,7.8,6.147677710734509,331.0,-74680.0
ONE_THREE_LEFT,1763661100.0,7.8,6.147677710734509,331.0,-75282.0
ONE_THREE_LEFT,1763691568.0,7.8,10.080649992491281,331.0,-105750.0
ONE_THREE_LEFT,1763691861.0,7.8,3.8768679221178806,331.0,-106043.0
ONE_THREE_LEFT,1763692027.0,7.8,10.080649992491281,331.0,-106209.0
ONE_THREE_LEFT,1763692320.0,7.8,3.8768679221178806,331.0,-106502.0
ONE_THREE_LEFT,1763692629.0,7.8,10.080649992491281,331.0,-106811.0
ONE_THREE_LEFT,1763692922.0,7.8,3.8768679221178806,331.0,-107104.0
ONE_THREE_LEFT,1763763743.0,7.8,3.821896983885834,331.0,-177925.0
ONE_THREE_LEFT,1763764000.0,7.8,4.097885096452916,331.0,-178182.0
ONE_THREE_LEFT,1763764230.0,7.8,3.821896983885834,331.0,-178412.0
ONE_THREE_LEFT,1763764459.0,7.8,4.097885096452916,331.0,-178641.0
ONE_THREE_LEFT,1763764689.0,7.8,3.821896983885834,331.0,-178871.0
ONE_THREE_LEFT,1763765061.0,7.8,4.097885096452916,331.0,-179243.0
ONE_THREE_LEFT,1763765291.0,7.8,3.821896983885834,331.0,-179473.0
ONE_THREE_LEFT,1763828756.0,7.8,4.818741111207184,331.0,-242938.0
ONE_THREE_LEFT,1763829243.0,7.8,4.818741111207184,331.0,-243425.0
ONE_THREE_LEFT,1763829702.0,7.8,4.818741111207184,331.0,-243884.0
ONE_THREE_LEFT,1763830304.0,7.8,4.818741111207184,331.0,-244486.0
ONE_THREE_LEFT,1763848711.0,7.8,3.600879809550799,331.0,-262893.0
ONE_THREE_LEFT,1763849170.0,7.8,3.600879809550799,331.0,-263352.0
ONE_THREE_LEFT,1763849465.0,7.8,3.7657926242469406,331.0,-263647.0
ONE_THREE_LEFT,1763849772.0,7.8,3.600879809550799,331.0,-263954.0
ONE_THREE_LEFT,1763849924.0,7.8,3.7657926242469406,331.0,-264106.0
ONE_THREE_LEFT,1763850526.0,7.8,3.7657926242469406,331.0,-264708.0
ONE_THREE_LEFT,1763861938.0,7.8,4.264498043259327,331.0,-276120.0
ONE_THREE_LEFT,1763862236.0,7.8,3.3237582755768704,331.0,-276418.0
ONE_THREE_LEFT,1763862425.0,7.8,4.264498043259327,331.0,-276607.0
ONE_THREE_LEFT,1763862695.0,7.8,3.3237582755768704,331.0,-276877.0
ONE_THREE_LEFT,1763862884.0,7.8,4.264498043259327,331.0,-277066.0
ONE_THREE_LEFT,1763863297.0,7.8,3.3237582755768704,331.0,-277479.0
ONE_THREE_LEFT,1763863486.0,7.8,4.264498043259327,331.0,-277668.0
ONE_THREE_LEFT,1763924180.0,7.8,4.376140051833691,331.0,-338362.0
ONE_THREE_LEFT,1763924370.0,7.8,3.9879432199888214,331.0,-338552.0
ONE_THREE_LEFT,1763924639.0,7.8,4.376140051833691,331.0,-338821.0
ONE_THREE_LEFT,1763924857.0,7.8,3.9879432199888214,331.0,-339039.0
ONE_THREE_LEFT,1763925241.0,7.8,4.376140051833691,331.0,-339423.0
ONE_THREE_LEFT,1763925316.0,7.8,3.9879432199888214,331.0,-339498.0
ONE_THREE_LEFT,1763925918.0,7.8,3.9879432199888214,331.0,-340100.0
ONE_THREE_LEFT,1763940087.0,7.8,4.929249698374701,331.0,-354269.0
ONE_THREE_LEFT,1763940413.0,7.8,3.7657926242469406,331.0,-354595.0
ONE_THREE_LEFT,1763940574.0,7.8,4.929249698374701,331.0,-354756.0
ONE_THREE_LEFT,1763940872.0,7.8,3.7657926242469406,331.0,-355054.0
ONE_THREE_LEFT,1763941033.0,7.8,4.929249698374701,331.0,-355215.0
ONE_THREE_LEFT,1763941474.0,7.8,3.7657926242469406,331.0,-355656.0
ONE_THREE_LEFT,1763941635.0,7.8,4.929249698374701,331.0,-355817.0
ONE_THREE_LEFT,1764002777.0,7.8,5.8155852385285325,331.0,-416959.0
ONE_THREE_LEFT,1764002811.0,7.8,7.033446540184919,331.0,-416993.0
ONE_THREE_LEFT,1764003236.0,7.8,5.8155852385285325,331.0,-417418.0
ONE_THREE_LEFT,1764003298.0,7.8,7.033446540184919,331.0,-417480.0
ONE_THREE_LEFT,1764003757.0,7.8,7.033446540184919,331.0,-417939.0
ONE_THREE_LEFT,1764003838.0,7.8,5.8155852385285325,331.0,-418020.0
ONE_THREE_LEFT,1764004359.0,7.8,7.033446540184919,331.0,-418541.0
ONE_THREE_LEFT,1764004817.0,7.8,7.033446540184919,331.0,-418999.0
ONE_THREE_LEFT,1764004817.0,7.8,7.033446540184919,331.0,-418999.0
ONE_THREE_LEFT,1764023315.0,7.8,6.148244421437933,331.0,-437497.0
ONE_THREE_LEFT,1764023609.0,7.8,6.314290657540919,331.0,-437791.0
ONE_THREE_LEFT,1764023802.0,7.8,6.148244421437933,331.0,-437984.0
ONE_THREE_LEFT,1764024068.0,7.8,6.314290657540919,331.0,-438250.0
ONE_THREE_LEFT,1764024261.0,7.8,6.148244421437933,331.0,-438443.0
ONE_THREE_LEFT,1764024670.0,7.8,6.314290657540919,331.0,-438852.0
ONE_THREE_LEFT,1764024863.0,7.8,6.148244421437933,331.0,-439045.0
ONE_THREE_LEFT,1764025128.0,7.8,6.314290657540919,331.0,-439310.0
ONE_THREE_LEFT,1764025128.0,7.8,6.314290657540919,331.0,-439310.0
ONE_THREE_LEFT,1764025321.0,7.8,6.148244421437933,331.0,-439503.0
ONE_THREE_LEFT,1764025321.0,7.8,6.148244421437933,331.0,-439503.0
ONE_THREE_LEFT,1764089592.0,7.8,3.821896983885834,331.0,-503774.0
ONE_THREE_LEFT,1764089929.0,7.8,3.7113883967183168,331.0,-504111.0
ONE_THREE_LEFT,1764090079.0,7.8,3.821896983885834,331.0,-504261.0
ONE_THREE_LEFT,1764090388.0,7.8,3.7113883967183168,331.0,-504570.0
ONE_THREE_LEFT,1764090538.0,7.8,3.821896983885834,331.0,-504720.0
ONE_THREE_LEFT,1764090990.0,7.8,3.7113883967183168,331.0,-505172.0
ONE_THREE_LEFT,1764091140.0,7.8,3.821896983885834,331.0,-505322.0
ONE_THREE_LEFT,1764091448.0,7.8,3.7113883967183168,331.0,-505630.0
ONE_THREE_LEFT,1764091448.0,7.8,3.7113883967183168,331.0,-505630.0
ONE_THREE_LEFT,1764091598.0,7.8,3.821896983885834,331.0,-505780.0
ONE_THREE_LEFT,1764091598.0,7.8,3.821896983885834,331.0,-505780.0
ONE_THREE_LEFT,1764124454.0,7.8,3.267653915937977,331.0,-538636.0
ONE_THREE_LEFT,1764124709.0,7.8,3.6003130988473764,331.0,-538891.0
ONE_THREE_LEFT,1764124941.0,7.8,3.267653915937977,331.0,-539123.0
ONE_THREE_LEFT,1764125168.0,7.8,3.6003130988473764,331.0,-539350.0
ONE_THREE_LEFT,1764125400.0,7.8,3.267653915937977,331.0,-539582.0
ONE_THREE_LEFT,1764125770.0,7.8,3.6003130988473764,331.0,-539952.0
ONE_THREE_LEFT,1764126002.0,7.8,3.267653915937977,331.0,-540184.0
ONE_THREE_LEFT,1764126228.0,7.8,3.6003130988473764,331.0,-540410.0
ONE_THREE_LEFT,1764126228.0,7.8,3.6003130988473764,331.0,-540410.0
ONE_THREE_LEFT,1764126460.0,7.8,3.267653915937977,331.0,-540642.0
ONE_THREE_LEFT,1764126460.0,7.8,3.267653915937977,331.0,-540642.0
ONE_THREE_LEFT,1764177511.0,7.8,3.9879432199888214,331.0,-591693.0
ONE_THREE_LEFT,1764177791.0,7.8,3.877434632821304,331.0,-591973.0
ONE_THREE_LEFT,1764177998.0,7.8,3.9879432199888214,331.0,-592180.0
ONE_THREE_LEFT,1764178250.0,7.8,3.877434632821304,331.0,-592432.0
ONE_THREE_LEFT,1764178457.0,7.8,3.9879432199888214,331.0,-592639.0
ONE_THREE_LEFT,1764178852.0,7.8,3.877434632821304,331.0,-593034.0
ONE_THREE_LEFT,1764179059.0,7.8,3.9879432199888214,331.0,-593241.0
ONE_THREE_LEFT,1764179310.0,7.8,3.877434632821304,331.0,-593492.0
ONE_THREE_LEFT,1764179310.0,7.8,3.877434632821304,331.0,-593492.0
ONE_THREE_LEFT,1764179517.0,7.8,3.9879432199888214,331.0,-593699.0
ONE_THREE_LEFT,1764207233.0,7.8,3.2682206266414005,1182.0,585214.9500000477
ONE_THREE_LEFT,1764207341.0,7.8,5.539030415258027,1182.0,585106.9500000477
ONE_THREE_LEFT,1764207720.0,7.8,3.2682206266414005,1182.0,584727.9500000477
ONE_THREE_LEFT,1764207800.0,7.8,5.539030415258027,1182.0,584647.9500000477
ONE_THREE_LEFT,1764208179.0,7.8,3.2682206266414005,1182.0,584268.9500000477
ONE_THREE_LEFT,1764208402.0,7.8,5.539030415258027,1182.0,584045.9500000477
ONE_THREE_LEFT,1764208781.0,7.8,3.2682206266414005,1182.0,583666.9500000477
ONE_THREE_LEFT,1764208860.0,7.8,5.539030415258027,1182.0,583587.9500000477
ONE_THREE_LEFT,1764209239.0,7.8,3.2682206266414005,1182.0,583208.9500000477
ONE_THREE_LEFT,1764268777.0,7.8,8.36351656111909,1182.0,523670.9500000477
ONE_THREE_LEFT,1764268870.0,7.8,7.03571338299861,1182.0,523577.9500000477
ONE_THREE_LEFT,1764269236.0,7.8,8.36351656111909,1182.0,523211.9500000477
ONE_THREE_LEFT,1764269357.0,7.8,7.03571338299861,1182.0,523090.9500000477
ONE_THREE_LEFT,1764269816.0,7.8,7.03571338299861,1182.0,522631.9500000477
ONE_THREE_LEFT,1764269838.0,7.8,8.36351656111909,1182.0,522609.9500000477
ONE_THREE_LEFT,1764270296.0,7.8,8.36351656111909,1182.0,522151.9500000477
ONE_THREE_LEFT,1764270296.0,7.8,8.36351656111909,1182.0,522151.9500000477
ONE_THREE_LEFT,1764270418.0,7.8,7.03571338299861,1182.0,522029.9500000477
ONE_THREE_LEFT,1764270876.0,7.8,7.03571338299861,1182.0,521571.9500000477
ONE_THREE_LEFT,1764270876.0,7.8,7.03571338299861,1182.0,521571.9500000477
ONE_THREE_LEFT,1764350074.0,7.8,4.431110990065738,1182.0,442373.9500000477
ONE_THREE_LEFT,1764350280.0,7.8,3.766359334950364,1182.0,442167.9500000477
ONE_THREE_LEFT,1764350533.0,7.8,4.431110990065738,1182.0,441914.9500000477
ONE_THREE_LEFT,1764350739.0,7.8,3.766359334950364,1182.0,441708.9500000477
ONE_THREE_LEFT,1764351135.0,7.8,4.431110990065738,1182.0,441312.9500000477
ONE_THREE_LEFT,1764351341.0,7.8,3.766359334950364,1182.0,441106.9500000477
ONE_THREE_LEFT,1764351593.0,7.8,4.431110990065738,1182.0,440854.9500000477
ONE_THREE_LEFT,1764351799.0,7.8,3.766359334950364,1182.0,440648.9500000477
ONE_THREE_LEFT,1764451749.0,7.8,3.655284037079423,1182.0,340698.9500000477
ONE_THREE_LEFT,1764452130.0,7.8,3.3237582755768704,1182.0,340317.9500000477
ONE_THREE_LEFT,1764452236.0,7.8,3.655284037079423,1182.0,340211.9500000477
ONE_THREE_LEFT,1764452589.0,7.8,3.3237582755768704,1182.0,339858.9500000477
ONE_THREE_LEFT,1764452695.0,7.8,3.655284037079423,1182.0,339752.9500000477
ONE_THREE_LEFT,1764453191.0,7.8,3.3237582755768704,1182.0,339256.9500000477
ONE_THREE_LEFT,1764453297.0,7.8,3.655284037079423,1182.0,339150.9500000477
ONE_THREE_LEFT,1764453649.0,7.8,3.3237582755768704,1182.0,338798.9500000477
ONE_THREE_LEFT,1764453649.0,7.8,3.3237582755768704,1182.0,338798.9500000477
ONE_THREE_LEFT,1764453755.0,7.8,3.655284037079423,1182.0,338692.9500000477
ONE_THREE_LEFT,1764453755.0,7.8,3.655284037079423,1182.0,338692.9500000477
ONE_THREE_LEFT,1764520630.0,7.8,3.710821686014893,1182.0,271817.9500000477
ONE_THREE_LEFT,1764520836.0,7.8,3.6558507477828464,1182.0,271611.9500000477
ONE_THREE_LEFT,1764521089.0,7.8,3.710821686014893,1182.0,271358.9500000477
ONE_THREE_LEFT,1764521323.0,7.8,3.6558507477828464,1182.0,271124.9500000477
ONE_THREE_LEFT,1764521691.0,7.8,3.710821686014893,1182.0,270756.9500000477
ONE_THREE_LEFT,1764521782.0,7.8,3.6558507477828464,1182.0,270665.9500000477
ONE_THREE_LEFT,1764522149.0,7.8,3.710821686014893,1182.0,270298.9500000477
ONE_THREE_LEFT,1764522149.0,7.8,3.710821686014893,1182.0,270298.9500000477
ONE_THREE_LEFT,1764522384.0,7.8,3.6558507477828464,1182.0,270063.9500000477
ONE_THREE_LEFT,1764522842.0,7.8,3.6558507477828464,1182.0,269605.9500000477
ONE_THREE_LEFT,1764522842.0,7.8,3.6558507477828464,1182.0,269605.9500000477
ONE_THREE_LEFT,1764543215.0,7.8,4.652694875104196,1182.0,249232.95000004768
ONE_THREE_LEFT,1764543488.0,7.8,4.098451807156339,1182.0,248959.95000004768
ONE_THREE_LEFT,1764543607.0,7.8,4.652694875104196,1182.0,248840.95000004768
ONE_THREE_LEFT,1764543947.0,7.8,4.098451807156339,1182.0,248500.95000004768
ONE_THREE_LEFT,1764544066.0,7.8,4.652694875104196,1182.0,248381.95000004768
ONE_THREE_LEFT,1764544549.0,7.8,4.098451807156339,1182.0,247898.95000004768
ONE_THREE_LEFT,1764544668.0,7.8,4.652694875104196,1182.0,247779.95000004768
ONE_THREE_LEFT,1764545007.0,7.8,4.098451807156339,1182.0,247440.95000004768
ONE_THREE_LEFT,1764545007.0,7.8,4.098451807156339,1182.0,247440.95000004768
ONE_THREE_LEFT,1764545126.0,7.8,4.652694875104196,1182.0,247321.95000004768
ONE_THREE_LEFT,1764545126.0,7.8,4.652694875104196,1182.0,247321.95000004768
ONE_THREE_LEFT,1764613285.0,7.8,4.708232524039666,1182.0,179162.95000004768
ONE_THREE_LEFT,1764613551.0,7.8,4.209527105027281,1182.0,178896.95000004768
ONE_THREE_LEFT,1764613677.0,7.8,4.708232524039666,1182.0,178770.95000004768
ONE_THREE_LEFT,1764614010.0,7.8,4.209527105027281,1182.0,178437.95000004768
ONE_THREE_LEFT,1764614136.0,7.8,4.708232524039666,1182.0,178311.95000004768
ONE_THREE_LEFT,1764614612.0,7.8,4.209527105027281,1182.0,177835.95000004768
ONE_THREE_LEFT,1764614738.0,7.8,4.708232524039666,1182.0,177709.95000004768
ONE_THREE_LEFT,1764615070.0,7.8,4.209527105027281,1182.0,177377.95000004768
ONE_THREE_LEFT,1764615070.0,7.8,4.209527105027281,1182.0,177377.95000004768
ONE_THREE_LEFT,1764615196.0,7.8,4.708232524039666,1182.0,177251.95000004768
ONE_THREE_LEFT,1764615196.0,7.8,4.708232524039666,1182.0,177251.95000004768
ONE_THREE_LEFT,1764636419.0,7.8,3.8213302731824106,1182.0,156028.95000004768
ONE_THREE_LEFT,1764636511.0,7.8,4.487215349704632,1182.0,155936.95000004768
ONE_THREE_LEFT,1764636811.0,7.8,3.8213302731824106,1182.0,155636.95000004768
ONE_THREE_LEFT,1764636970.0,7.8,4.487215349704632,1182.0,155477.95000004768
ONE_THREE_LEFT,1764637270.0,7.8,3.8213302731824106,1182.0,155177.95000004768
ONE_THREE_LEFT,1764637572.0,7.8,4.487215349704632,1182.0,154875.95000004768
ONE_THREE_LEFT,1764637872.0,7.8,3.8213302731824106,1182.0,154575.95000004768
ONE_THREE_LEFT,1764638030.0,7.8,4.487215349704632,1182.0,154417.95000004768
ONE_THREE_LEFT,1764638030.0,7.8,4.487215349704632,1182.0,154417.95000004768
ONE_THREE_LEFT,1764638330.0,7.8,3.8213302731824106,1182.0,154117.95000004768
ONE_THREE_LEFT,1764638330.0,7.8,3.8213302731824106,1182.0,154117.95000004768
ONE_THREE_LEFT,1764698008.0,7.8,7.201192908398175,1182.0,94439.95000004768
ONE_THREE_LEFT,1764698250.0,7.8,9.360927399143861,1182.0,94197.95000004768
ONE_THREE_LEFT,1764698400.0,7.8,7.201192908398175,1182.0,94047.95000004768
ONE_THREE_LEFT,1764698709.0,7.8,9.360927399143861,1182.0,93738.95000004768
ONE_THREE_LEFT,1764698859.0,7.8,7.201192908398175,1182.0,93588.95000004768
ONE_THREE_LEFT,1764699311.0,7.8,9.360927399143861,1182.0,93136.95000004768
ONE_THREE_LEFT,1764699461.0,7.8,7.201192908398175,1182.0,92986.95000004768
ONE_THREE_LEFT,1764699769.0,7.8,9.360927399143861,1182.0,92678.95000004768
ONE_THREE_LEFT,1764699769.0,7.8,9.360927399143861,1182.0,92678.95000004768
ONE_THREE_LEFT,1764699919.0,7.8,7.201192908398175,1182.0,92528.95000004768
ONE_THREE_LEFT,1764699919.0,7.8,7.201192908398175,1182.0,92528.95000004768
ONE_THREE_LEFT,1764789674.0,7.8,2.9391546292426334,1182.0,2773.9500000476837
ONE_THREE_LEFT,1764789889.75,7.8,2.4130270756237318,1182.0,2558.2000000476837
ONE_THREE_LEFT,1764790350.0,7.8,4.176541688449034,1182.0,2097.9500000476837
ONE_THREE_LEFT,1764790440.0,7.8,4.510733738068844,1182.0,2007.9500000476837
ONE_THREE_LEFT,1764790651.0,7.8,2.553173760731366,1182.0,1796.9500000476837
ONE_THREE_LEFT,1764790733.0,7.8,2.4166334708533332,1182.0,1714.9500000476837
ONE_THREE_LEFT,1764790842.0,7.8,6.022909524110337,1182.0,1605.9500000476837
ONE_THREE_LEFT,1764790924.0,7.8,37.42366103775967,1182.0,1523.9500000476837
ONE_THREE_LEFT,1764792447.7,7.8,3.497262770106222,1182.0,0.25
ONE_THREE_LEFT,1764792517.95,7.8,3.171373654469784,1325.0,0.25
ONE_THREE_LEFT,1764792799.0,7.8,2.043514102541749,1548.0,-168.29999995231628
ONE_THREE_LEFT,1764792881.0,7.8,2.318933543381102,1548.0,-250.29999995231628
ONE_THREE_LEFT,1764792948.0,7.8,2.301071055874604,1548.0,-317.2999999523163
ONE_THREE_LEFT,1764793030.0,7.8,1.5995238159016267,1548.0,-399.2999999523163
ONE_THREE_LEFT,1764794868.65,7.8,2.32844781511726,567.0,1.25
ONE_THREE_LEFT,1764795131.4,7.8,2.8621586778466837,4959.0,1.25
ONE_THREE_LEFT,1764795452.0,7.8,2.104064781931908,302.0,-116.84999990463257
ONE_THREE_LEFT,1764795548.0,7.8,2.629496002779524,302.0,-212.84999990463257
ONE_THREE_LEFT,1764798841.0,7.8,5.7045099406575925,302.0,-3505.8499999046326
ONE_THREE_LEFT,1764799300.0,7.8,5.7045099406575925,302.0,-3964.8499999046326
ONE_THREE_LEFT,1764799902.0,7.8,5.7045099406575925,302.0,-4566.849999904633
ONE_THREE_LEFT,1764800360.0,7.8,5.7045099406575925,302.0,-5024.849999904633
ONE_THREE_LEFT,1764800360.0,7.8,5.7045099406575925,302.0,-5024.849999904633
ONE_THREE_LEFT,1764870196.0,7.8,5.538463704554605,302.0,-74860.84999990463
ONE_THREE_LEFT,1764870588.0,7.8,5.538463704554605,302.0,-75252.84999990463
ONE_THREE_LEFT,1764871047.0,7.8,5.538463704554605,302.0,-75711.84999990463
ONE_THREE_LEFT,1764871649.0,7.8,5.538463704554605,302.0,-76313.84999990463
ONE_THREE_LEFT,1764872107.0,7.8,5.538463704554605,302.0,-76771.84999990463
ONE_THREE_LEFT,1764872107.0,7.8,5.538463704554605,302.0,-76771.84999990463
ONE_THREE_LEFT,1764895327.0,7.8,4.9286829876712765,302.0,-99991.84999990463
ONE_THREE_LEFT,1764895624.0,7.8,5.207504653755476,302.0,-100288.84999990463
ONE_THREE_LEFT,1764896083.0,7.8,5.207504653755476,302.0,-100747.84999990463
ONE_THREE_LEFT,1764896178.0,7.8,4.9286829876712765,302.0,-100842.84999990463
ONE_THREE_LEFT,1764896685.0,7.8,5.207504653755476,302.0,-101349.84999990463
ONE_THREE_LEFT,1764896780.0,7.8,4.9286829876712765,302.0,-101444.84999990463
ONE_THREE_LEFT,1764897143.0,7.8,5.207504653755476,302.0,-101807.84999990463
ONE_THREE_LEFT,1764897143.0,7.8,5.207504653755476,302.0,-101807.84999990463
ONE_THREE_LEFT,1764897238.0,7.8,4.9286829876712765,302.0,-101902.84999990463
ONE_THREE_LEFT,1764897238.0,7.8,4.9286829876712765,302.0,-101902.84999990463
ONE_THREE_LEFT,1764897386.0,7.8,5.207504653755476,302.0,-102050.84999990463
ONE_THREE_LEFT,1764897481.0,7.8,4.9286829876712765,302.0,-102145.84999990463
ONE_THREE_LEFT,1764948997.0,7.8,4.486648639001208,302.0,-153661.84999990463
ONE_THREE_LEFT,1764949487.0,7.8,6.5914121915148485,302.0,-154151.84999990463
ONE_THREE_LEFT,1764949848.0,7.8,4.486648639001208,302.0,-154512.84999990463
ONE_THREE_LEFT,1764950089.0,7.8,6.5914121915148485,302.0,-154753.84999990463
ONE_THREE_LEFT,1764950450.0,7.8,4.486648639001208,302.0,-155114.84999990463
ONE_THREE_LEFT,1764950547.0,7.8,6.5914121915148485,302.0,-155211.84999990463
ONE_THREE_LEFT,1764950547.0,7.8,6.5914121915148485,302.0,-155211.84999990463
ONE_THREE_LEFT,1764950790.0,7.8,6.5914121915148485,302.0,-155454.84999990463
ONE_THREE_LEFT,1764950908.0,7.8,4.486648639001208,302.0,-155572.84999990463
ONE_THREE_LEFT,1764950908.0,7.8,4.486648639001208,302.0,-155572.84999990463
ONE_THREE_LEFT,1764951151.0,7.8,4.486648639001208,302.0,-155815.84999990463
ONE_THREE_LEFT,1764969257.0,7.8,4.26506475396275,302.0,-173921.84999990463
ONE_THREE_LEFT,1764969942.0,7.8,6.591978902218271,302.0,-174606.84999990463
ONE_THREE_LEFT,1764970108.0,7.8,4.26506475396275,302.0,-174772.84999990463
ONE_THREE_LEFT,1764970544.0,7.8,6.591978902218271,302.0,-175208.84999990463
ONE_THREE_LEFT,1764970710.0,7.8,4.26506475396275,302.0,-175374.84999990463
ONE_THREE_LEFT,1764971002.0,7.8,6.591978902218271,302.0,-175666.84999990463
ONE_THREE_LEFT,1764971002.0,7.8,6.591978902218271,302.0,-175666.84999990463
ONE_THREE_LEFT,1764971168.0,7.8,4.26506475396275,302.0,-175832.84999990463
ONE_THREE_LEFT,1764971168.0,7.8,4.26506475396275,302.0,-175832.84999990463
ONE_THREE_LEFT,1764971245.0,7.8,6.591978902218271,302.0,-175909.84999990463
ONE_THREE_LEFT,1764971411.0,7.8,4.26506475396275,302.0,-176075.84999990463
ONE_THREE_LEFT,1765046257.0,7.8,3.9329722817567743,302.0,-250921.84999990463
ONE_THREE_LEFT,1765046368.0,7.8,4.928682987671278,302.0,-251032.84999990463
ONE_THREE_LEFT,1765046859.0,7.8,3.9329722817567743,302.0,-251523.84999990463
ONE_THREE_LEFT,1765046970.0,7.8,4.928682987671278,302.0,-251634.84999990463
ONE_THREE_LEFT,1765047317.0,7.8,3.9329722817567743,302.0,-251981.84999990463
ONE_THREE_LEFT,1765047317.0,7.8,3.9329722817567743,302.0,-251981.84999990463
ONE_THREE_LEFT,1765047428.0,7.8,4.928682987671278,302.0,-252092.84999990463
ONE_THREE_LEFT,1765047428.0,7.8,4.928682987671278,302.0,-252092.84999990463
ONE_THREE_LEFT,1765047560.0,7.8,3.9329722817567743,302.0,-252224.84999990463
ONE_THREE_LEFT,1765047671.0,7.8,4.928682987671278,302.0,-252335.84999990463
ONE_THREE_LEFT,1765058097.0,7.8,4.431110990065738,302.0,-262761.84999990463
ONE_THREE_LEFT,1765058737.0,7.8,4.708232524039666,302.0,-263401.84999990463
ONE_THREE_LEFT,1765058826.0,7.8,4.431110990065738,302.0,-263490.84999990463
ONE_THREE_LEFT,1765059339.0,7.8,4.708232524039666,302.0,-264003.84999990463
ONE_THREE_LEFT,1765059428.0,7.8,4.431110990065738,302.0,-264092.84999990463
ONE_THREE_LEFT,1765059797.0,7.8,4.708232524039666,302.0,-264461.84999990463
ONE_THREE_LEFT,1765059797.0,7.8,4.708232524039666,302.0,-264461.84999990463
ONE_THREE_LEFT,1765059886.0,7.8,4.431110990065738,302.0,-264550.84999990463
ONE_THREE_LEFT,1765059886.0,7.8,4.431110990065738,302.0,-264550.84999990463
ONE_THREE_LEFT,1765060040.0,7.8,4.708232524039666,302.0,-264704.84999990463
ONE_THREE_LEFT,1765060129.0,7.8,4.431110990065738,302.0,-264793.84999990463
ONE_THREE_LEFT,1765073112.0,7.8,4.874845470846077,302.0,-277776.84999990463
ONE_THREE_LEFT,1765073744.0,7.8,4.8193078219106065,302.0,-278408.84999990463
ONE_THREE_LEFT,1765073841.0,7.8,4.874845470846077,302.0,-278505.84999990463
ONE_THREE_LEFT,1765074346.0,7.8,4.8193078219106065,302.0,-279010.84999990463
ONE_THREE_LEFT,1765074443.0,7.8,4.874845470846077,302.0,-279107.84999990463
ONE_THREE_LEFT,1765074804.0,7.8,4.8193078219106065,302.0,-279468.84999990463
ONE_THREE_LEFT,1765074804.0,7.8,4.8193078219106065,302.0,-279468.84999990463
ONE_THREE_LEFT,1765074901.0,7.8,4.874845470846077,302.0,-279565.84999990463
ONE_THREE_LEFT,1765074901.0,7.8,4.874845470846077,302.0,-279565.84999990463
ONE_THREE_LEFT,1765075047.0,7.8,4.8193078219106065,302.0,-279711.84999990463
ONE_THREE_LEFT,1765075144.0,7.8,4.874845470846077,302.0,-279808.84999990463
ONE_THREE_LEFT,1765124311.0,7.8,4.098451807156339,302.0,-328975.84999990463
ONE_THREE_LEFT,1765124933.0,7.8,4.707099102632819,302.0,-329597.84999990463
ONE_THREE_LEFT,1765125040.0,7.8,4.098451807156339,302.0,-329704.84999990463
ONE_THREE_LEFT,1765125535.0,7.8,4.707099102632819,302.0,-330199.84999990463
ONE_THREE_LEFT,1765125642.0,7.8,4.098451807156339,302.0,-330306.84999990463
ONE_THREE_LEFT,1765125993.0,7.8,4.707099102632819,302.0,-330657.84999990463
ONE_THREE_LEFT,1765125993.0,7.8,4.707099102632819,302.0,-330657.84999990463
ONE_THREE_LEFT,1765126100.0,7.8,4.098451807156339,302.0,-330764.84999990463
ONE_THREE_LEFT,1765126100.0,7.8,4.098451807156339,302.0,-330764.84999990463
ONE_THREE_LEFT,1765126236.0,7.8,4.707099102632819,302.0,-330900.84999990463
ONE_THREE_LEFT,1765126343.0,7.8,4.098451807156339,302.0,-331007.84999990463
ONE_THREE_LEFT,1765161120.0,7.8,4.1534227453883865,302.0,-365784.84999990463
ONE_THREE_LEFT,1765161514.0,7.8,4.321169113601643,302.0,-366178.84999990463
ONE_THREE_LEFT,1765161722.0,7.8,4.1534227453883865,302.0,-366386.84999990463
ONE_THREE_LEFT,1765162116.0,7.8,4.321169113601643,302.0,-366780.84999990463
ONE_THREE_LEFT,1765162180.0,7.8,4.1534227453883865,302.0,-366844.84999990463
ONE_THREE_LEFT,1765162423.0,7.8,4.1534227453883865,302.0,-367087.84999990463
ONE_THREE_LEFT,1765162574.0,7.8,4.321169113601643,302.0,-367238.84999990463
ONE_THREE_LEFT,1765162817.0,7.8,4.321169113601643,302.0,-367481.84999990463
ONE_THREE_LEFT,1765322083.0,7.8,4.431677700769161,302.0,-526747.8499999046
ONE_THREE_LEFT,1765322384.0,7.8,5.039758285542217,302.0,-527048.8499999046
ONE_THREE_LEFT,1765322812.0,7.8,4.431677700769161,302.0,-527476.8499999046
ONE_THREE_LEFT,1765322986.0,7.8,5.039758285542217,302.0,-527650.8499999046
ONE_THREE_LEFT,1765323414.0,7.8,4.431677700769161,302.0,-528078.8499999046
ONE_THREE_LEFT,1765323444.0,7.8,5.039758285542217,302.0,-528108.8499999046
ONE_THREE_LEFT,1765323444.0,7.8,5.039758285542217,302.0,-528108.8499999046
ONE_THREE_LEFT,1765323687.0,7.8,5.039758285542217,302.0,-528351.8499999046
ONE_THREE_LEFT,1765323872.0,7.8,4.431677700769161,302.0,-528536.8499999046
ONE_THREE_LEFT,1765323872.0,7.8,4.431677700769161,302.0,-528536.8499999046
ONE_THREE_LEFT,1765324115.0,7.8,4.431677700769161,302.0,-528779.8499999046
ONE_THREE_LEFT,1765386936.0,7.8,5.92609382569605,302.0,-591600.8499999046
ONE_THREE_LEFT,1765387094.0,7.8,5.98163147463152,302.0,-591758.8499999046
ONE_THREE_LEFT,1765387548.0,7.8,5.92609382569605,302.0,-592212.8499999046
ONE_THREE_LEFT,1765387696.0,7.8,5.98163147463152,302.0,-592360.8499999046
ONE_THREE_LEFT,1765388150.0,7.8,5.92609382569605,302.0,-592814.8499999046
ONE_THREE_LEFT,1765388154.0,7.8,5.98163147463152,302.0,-592818.8499999046
ONE_THREE_LEFT,1765388154.0,7.8,5.98163147463152,302.0,-592818.8499999046
ONE_THREE_LEFT,1765388397.0,7.8,5.98163147463152,302.0,-593061.8499999046
ONE_THREE_LEFT,1765388608.0,7.8,5.92609382569605,302.0,-593272.8499999046
ONE_THREE_LEFT,1765388608.0,7.8,5.92609382569605,302.0,-593272.8499999046
ONE_THREE_LEFT,1765388851.0,7.8,5.92609382569605,302.0,-593515.8499999046
ONE_THREE_LEFT,1765418868.0,7.8,4.265064753962751,302.0,-623532.8499999046
ONE_THREE_LEFT,1765419470.0,7.8,4.265064753962751,302.0,-624134.8499999046
ONE_THREE_LEFT,1765419928.0,7.8,4.265064753962751,302.0,-624592.8499999046
ONE_THREE_LEFT,1765419928.0,7.8,4.265064753962751,302.0,-624592.8499999046
ONE_THREE_LEFT,1765420171.0,7.8,4.265064753962751,302.0,-624835.8499999046
ONE_THREE_LEFT,1765420783.0,7.8,3.821896983885834,302.0,-625447.8499999046
ONE_THREE_LEFT,1765421395.0,7.8,3.821896983885834,302.0,-626059.8499999046
ONE_THREE_LEFT,1765421997.0,7.8,3.821896983885834,302.0,-626661.8499999046
ONE_THREE_LEFT,1765422455.0,7.8,3.821896983885834,302.0,-627119.8499999046
ONE_THREE_LEFT,1765422455.0,7.8,3.821896983885834,302.0,-627119.8499999046
ONE_THREE_LEFT,1765422698.0,7.8,3.821896983885834,302.0,-627362.8499999046
ONE_THREE_LEFT,1765467673.0,7.8,5.650105713128968,302.0,-672337.8499999046
ONE_THREE_LEFT,1765467848.0,7.8,4.26506475396275,302.0,-672512.8499999046
ONE_THREE_LEFT,1765468275.0,7.8,5.650105713128968,302.0,-672939.8499999046
ONE_THREE_LEFT,1765468450.0,7.8,4.26506475396275,302.0,-673114.8499999046
ONE_THREE_LEFT,1765468733.0,7.8,5.650105713128968,302.0,-673397.8499999046
ONE_THREE_LEFT,1765468908.0,7.8,4.26506475396275,302.0,-673572.8499999046
ONE_THREE_LEFT,1765468908.0,7.8,4.26506475396275,302.0,-673572.8499999046
ONE_THREE_LEFT,1765468976.0,7.8,5.650105713128968,302.0,-673640.8499999046
ONE_THREE_LEFT,1765469151.0,7.8,4.26506475396275,302.0,-673815.8499999046
ONE_THREE_LEFT,1765506610.0,7.8,4.929816409078124,302.0,-711274.8499999046
ONE_THREE_LEFT,1765506816.0,7.8,3.9324055710533505,302.0,-711480.8499999046
ONE_THREE_LEFT,1765507212.0,7.8,4.929816409078124,302.0,-711876.8499999046
ONE_THREE_LEFT,1765507418.0,7.8,3.9324055710533505,302.0,-712082.8499999046
ONE_THREE_LEFT,1765507670.0,7.8,4.929816409078124,302.0,-712334.8499999046
ONE_THREE_LEFT,1765507670.0,7.8,4.929816409078124,302.0,-712334.8499999046
ONE_THREE_LEFT,1765507876.0,7.8,3.9324055710533505,302.0,-712540.8499999046
ONE_THREE_LEFT,1765507876.0,7.8,3.9324055710533505,302.0,-712540.8499999046
ONE_THREE_LEFT,1765507913.0,7.8,4.929816409078124,302.0,-712577.8499999046
ONE_THREE_LEFT,1765508119.0,7.8,3.9324055710533505,302.0,-712783.8499999046
ONE_THREE_LEFT,1765558499.0,7.8,3.8780013435247276,302.0,-763163.8499999046
ONE_THREE_LEFT,1765558911.0,7.8,4.210093815730702,302.0,-763575.8499999046
ONE_THREE_LEFT,1765559111.0,7.8,3.8780013435247276,302.0,-763775.8499999046
ONE_THREE_LEFT,1765559513.0,7.8,4.210093815730702,302.0,-764177.8499999046
ONE_THREE_LEFT,1765559713.0,7.8,3.8780013435247276,302.0,-764377.8499999046
ONE_THREE_LEFT,1765559971.0,7.8,4.210093815730702,302.0,-764635.8499999046
ONE_THREE_LEFT,1765559971.0,7.8,4.210093815730702,302.0,-764635.8499999046
ONE_THREE_LEFT,1765560171.0,7.8,3.8780013435247276,302.0,-764835.8499999046
ONE_THREE_LEFT,1765560171.0,7.8,3.8780013435247276,302.0,-764835.8499999046
ONE_THREE_LEFT,1765560214.0,7.8,4.210093815730702,302.0,-764878.8499999046
ONE_THREE_LEFT,1765560414.0,7.8,3.8780013435247276,302.0,-765078.8499999046
ONE_THREE_LEFT,1765589600.0,7.8,3.434266862744388,302.0,-794264.8499999046
ONE_THREE_LEFT,1765589943.0,7.8,3.8774346328213043,302.0,-794607.8499999046
ONE_THREE_LEFT,1765590212.0,7.8,3.434266862744388,302.0,-794876.8499999046
ONE_THREE_LEFT,1765590545.0,7.8,3.8774346328213043,302.0,-795209.8499999046
ONE_THREE_LEFT,1765590814.0,7.8,3.434266862744388,302.0,-795478.8499999046
ONE_THREE_LEFT,1765591003.0,7.8,3.8774346328213043,302.0,-795667.8499999046
ONE_THREE_LEFT,1765591003.0,7.8,3.8774346328213043,302.0,-795667.8499999046
ONE_THREE_LEFT,1765591246.0,7.8,3.8774346328213043,302.0,-795910.8499999046
ONE_THREE_LEFT,1765591272.0,7.8,3.434266862744388,302.0,-795936.8499999046
ONE_THREE_LEFT,1765591272.0,7.8,3.434266862744388,302.0,-795936.8499999046
ONE_THREE_LEFT,1765591515.0,7.8,3.434266862744388,302.0,-796179.8499999046
ONE_THREE_LEFT,1765641013.0,7.8,4.153989456091809,302.0,-845677.8499999046
ONE_THREE_LEFT,1765641524.0,7.8,4.320035692194796,302.0,-846188.8499999046
ONE_THREE_LEFT,1765641625.0,7.8,4.153989456091809,302.0,-846289.8499999046
ONE_THREE_LEFT,1765642126.0,7.8,4.320035692194796,302.0,-846790.8499999046
ONE_THREE_LEFT,1765642227.0,7.8,4.153989456091809,302.0,-846891.8499999046
ONE_THREE_LEFT,1765642584.0,7.8,4.320035692194796,302.0,-847248.8499999046
ONE_THREE_LEFT,1765642584.0,7.8,4.320035692194796,302.0,-847248.8499999046
ONE_THREE_LEFT,1765642685.0,7.8,4.153989456091809,302.0,-847349.8499999046
ONE_THREE_LEFT,1765642685.0,7.8,4.153989456091809,302.0,-847349.8499999046
ONE_THREE_LEFT,1765642827.0,7.8,4.320035692194796,302.0,-847491.8499999046
ONE_THREE_LEFT,1765642928.0,7.8,4.153989456091809,302.0,-847592.8499999046
ONE_THREE_LEFT,1765659175.0,7.8,3.821896983885834,302.0,-863839.8499999046
ONE_THREE_LEFT,1765659632.0,7.8,7.310568074158845,302.0,-864296.8499999046
ONE_THREE_LEFT,1765659787.0,7.8,3.821896983885834,302.0,-864451.8499999046
ONE_THREE_LEFT,1765660234.0,7.8,7.310568074158845,302.0,-864898.8499999046
ONE_THREE_LEFT,1765660389.0,7.8,3.821896983885834,302.0,-865053.8499999046
ONE_THREE_LEFT,1765660692.0,7.8,7.310568074158845,302.0,-865356.8499999046
ONE_THREE_LEFT,1765660692.0,7.8,7.310568074158845,302.0,-865356.8499999046
ONE_THREE_LEFT,1765660847.0,7.8,3.821896983885834,302.0,-865511.8499999046
ONE_THREE_LEFT,1765660935.0,7.8,7.310568074158845,302.0,-865599.8499999046
ONE_THREE_LEFT,1765661090.0,7.8,3.821896983885834,302.0,-865754.8499999046
ONE_THREE_LEFT,1765661393.0,7.8,7.310568074158845,302.0,-866057.8499999046
ONE_THREE_LEFT,1765661548.0,7.8,3.821896983885834,302.0,-866212.8499999046
ONE_THREE_LEFT,1765762255.0,7.8,3.378729213808918,302.0,-966919.8499999046
ONE_THREE_LEFT,1765762701.0,7.8,3.7102549753114697,302.0,-967365.8499999046
ONE_THREE_LEFT,1765762867.0,7.8,3.378729213808918,302.0,-967531.8499999046
ONE_THREE_LEFT,1765763303.0,7.8,3.7102549753114697,302.0,-967967.8499999046
ONE_THREE_LEFT,1765763469.0,7.8,3.378729213808918,302.0,-968133.8499999046
ONE_THREE_LEFT,1765763761.0,7.8,3.7102549753114697,302.0,-968425.8499999046
ONE_THREE_LEFT,1765763761.0,7.8,3.7102549753114697,302.0,-968425.8499999046
ONE_THREE_LEFT,1765763927.0,7.8,3.378729213808918,302.0,-968591.8499999046
ONE_THREE_LEFT,1765763927.0,7.8,3.378729213808918,302.0,-968591.8499999046
ONE_THREE_LEFT,1765764004.0,7.8,3.7102549753114697,302.0,-968668.8499999046
ONE_THREE_LEFT,1765764170.0,7.8,3.378729213808918,302.0,-968834.8499999046
ONE_THREE_LEFT,1765764462.0,7.8,3.7102549753114697,302.0,-969126.8499999046
ONE_THREE_LEFT,1765764628.0,7.8,3.378729213808918,302.0,-969292.8499999046
ONE_THREE_LEFT,1766004348.0,7.8,1.9542270266745805,302.0,-1209012.8499999046
ONE_THREE_LEFT,1766004493.0,7.8,3.045649921683453,302.0,-1209157.8499999046
ONE_THREE_LEFT,1766004575.0,7.8,1.6969613653962035,302.0,-1209239.8499999046
ONE_THREE_LEFT,1766005156.35,7.8,1.9847060413556923,302.0,-1209821.1999998093
ONE_THREE_LEFT,1767641594.0,7.8,5.521582190181578,489.0,2513330.0
ONE_THREE_LEFT,1767641977.35,7.8,4.15058906392686,489.0,2512946.6500000954
ONE_THREE_LEFT,1767643092.0,7.8,4.186644136185089,489.0,2511832.0
ONE_THREE_LEFT,1767643298.0,7.8,9.065008133005358,489.0,2511626.0
ONE_THREE_LEFT,1767643380.0,7.8,8.082864841491386,489.0,2511544.0
ONE_THREE_LEFT,1767645021.0,7.8,4.252294544376849,489.0,2509903.0
ONE_THREE_LEFT,1767645143.0,7.8,5.663664671845081,489.0,2509781.0
ONE_THREE_LEFT,1770151515.0,7.8,13.132450454296928,489.0,3409.0
ONE_THREE_LEFT,1770152069.0,7.8,2.8619392724081485,489.0,2855.0
ONE_THREE_LEFT,1770152151.0,7.8,9.6924869681955,489.0,2773.0
ONE_THREE_LEFT,1770154924.0,7.8,6.141596466432675,489.0,0.0
ONE_THREE_LEFT,1771531311.0,7.8,2.1415663709687305,266.0,-1375966.5
ONE_THREE_LEFT,1771531540.0,7.8,3.169111520059162,266.0,-1376195.5
ONE_THREE_LEFT,1771531622.0,7.8,4.91166844167817,266.0,-1376277.5
ONE_THREE_LEFT,1771533109.0,7.8,4.279093175032404,266.0,-1377764.5
ONE_THREE_LEFT,1771533223.0,7.8,3.318658013088424,266.0,-1377878.5
ONE_THREE_LEFT,1772657090.0,7.8,3.609301936386905,266.0,-2501745.5
ONE_THREE_LEFT,1772657345.0,7.8,8.845892724691279,266.0,-2502000.5
ONE_THREE_LEFT,1772657427.0,7.8,4.817386638542937,266.0,-2502082.5
ONE_THREE_LEFT,1772660001.0,7.8,4.247886703264717,266.0,-2504656.5
ONE_THREE_LEFT,1772660083.0,7.8,3.6386722223854373,266.0,-2504738.5
ONE_THREE_LEFT,1773946995.0,7.8,40.63056133776229,266.0,-3791650.5
ONE_THREE_LEFT,1773948250.0,7.8,9.24447287601446,266.0,-3792905.5
ONE_THREE_LEFT,1773948332.0,7.8,7.430039200418694,266.0,-3792987.5
ONE_THREE_LEFT,1773949695.0,7.8,3.51357822729353,266.0,-3794350.5
ONE_THREE_LEFT,1773949799.0,7.8,5.618707780422512,266.0,-3794454.5
ONE_THREE_LEFT,1773951073.0,7.8,8.037547967162947,266.0,-3795728.5
ONE_THREE_LEFT,1773951155.0,7.8,35.834925069699594,266.0,-3795810.5
ONE_THREE_LEFT,1774990445.0,7.8,3.9658481983181484,266.0,-4835100.5
ONE_THREE_LEFT,1774990665.0,7.8,3.173121312266238,266.0,-4835320.5
ONE_THREE_LEFT,1774990747.0,7.8,4.725523898204624,266.0,-4835402.5
ONE_THREE_LEFT,1776367184.0,7.8,2.039301923995409,266.0,-6211839.5
ONE_THREE_LEFT,1776367492.0,7.8,2.1144825347612133,266.0,-6212147.5
ONE_THREE_LEFT,1776367574.0,7.8,1.6747068678779886,266.0,-6212229.5
ONE_THREE_LEFT,1776372106.0,7.8,2.210085102440701,266.0,-6216761.5
ONE_THREE_LEFT,1776372188.0,7.8,2.1398427792782413,266.0,-6216843.5
ONE_THREE_LEFT,1777412406.0,7.8,3.278100846310969,266.0,-7257061.5
ONE_THREE_LEFT,1777413528.0,7.8,5.373697900652399,266.0,-7258183.5
ONE_THREE_LEFT,1777413610.0,7.8,3.013468908739447,266.0,-7258265.5
ONE_THREE_LEFT,1777417595.0,7.8,2.5346952586795624,266.0,-7262250.5
ONE_THREE_LEFT,1777417677.0,7.8,4.2430524955652,266.0,-7262332.5
ONE_THREE_LEFT,1778788375.0,7.8,3.9208439301525475,266.0,-8633030.5
ONE_THREE_LEFT,1778788687.0,7.8,2.4354324715767697,266.0,-8633342.5
ONE_THREE_LEFT,1778788769.0,7.8,5.581830417583214,266.0,-8633424.5
ONE_THREE_LEFT,1781121329.0,7.8,8.468519510988402,266.0,-10965984.5
ONE_THREE_LEFT,1781121805.0,7.8,8.019131481026097,266.0,-10966460.5
ONE_THREE_LEFT,1781121887.0,7.8,12.00663793911919,266.0,-10966542.5
ZERO_THREE_LEFT,1752695079.0,24.4,0.45631412089196516,55.0,-279.0
ZERO_THREE_LEFT,1752695469.0,24.4,0.5925384002082564,54.0,-69.0
ZERO_THREE_LEFT,1752695969.75,24.4,0.42272550803242454,55.0,30.25
ZERO_THREE_LEFT,1752713130.0,24.4,0.7653616631596025,54.0,270.0
ZERO_THREE_LEFT,1752713546.0,24.4,0.7313066566173796,54.0,-146.0
ZERO_THREE_LEFT,1752713860.0,24.4,0.9182786689715636,55.0,140.0
ZERO_THREE_LEFT,1752714203.75,22.5,0.8644465181893413,535.0,0.25
ZERO_THREE_LEFT,1752714370.25,22.5,0.8677753244314251,654.0,-62.75
ZERO_THREE_LEFT,1752715072.75,24.4,0.6338278893401766,55.0,127.25
ZERO_THREE_LEFT,1753054241.0,12.7,2.956100341261445,404.0,-14271.0
ZERO_THREE_LEFT,1753054414.55,12.7,3.325193971958077,404.0,-14444.549999952316
ZERO_THREE_LEFT,1753291949.2,12.7,1.1699361705486322,356.0,-1924.2000000476837
ZERO_THREE_LEFT,1753389116.0,12.7,1.6723722053741203,428.0,-1239.0
ZERO_THREE_LEFT,1753389245.95,12.7,1.5959079266412526,428.0,-1368.9500000476837
ZERO_THREE_LEFT,1753479752.0,12.7,1.3404307577822479,447.0,-4971.0
ZERO_THREE_LEFT,1753479886.45,12.7,2.769637557305321,447.0,-5105.450000047684
ZERO_THREE_LEFT,1753545254.0,12.7,1.1367210679076243,404.0,-2115.0
ZERO_THREE_LEFT,1753545387.2,12.7,1.3373149934261808,404.0,-2248.2000000476837
ZERO_THREE_LEFT,1753625522.0,12.7,1.4239959426702073,404.0,-82383.0
ZERO_THREE_LEFT,1753625657.15,12.7,1.0394860944668778,404.0,-82518.15000009537
ZERO_THREE_LEFT,1753629630.6,12.7,1.177559591143725,404.0,-86491.59999990463
ZERO_THREE_LEFT,1753715378.0,12.7,2.12729577281552,404.0,-172239.0
ZERO_THREE_LEFT,1753715504.1,12.7,1.1093265526260745,404.0,-172365.09999990463
ZERO_THREE_LEFT,1753803537.0,12.7,2.3806349570642116,404.0,-260398.0
ZERO_THREE_LEFT,1753803653.05,12.7,1.7559692989909064,404.0,-260514.04999995232
ZERO_THREE_LEFT,1753804635.3,12.7,1.6658739218411702,404.0,-261496.29999995232
ZERO_THREE_LEFT,1753809229.0,12.7,1.334603658240989,404.0,-266090.0
ZERO_THREE_LEFT,1753809330.8,12.7,1.4377198021393538,404.0,-266191.7999999523
ZERO_THREE_LEFT,1753828261.0,12.7,0.4795261894283167,404.0,-285122.0
ZERO_THREE_LEFT,1753828371.25,12.7,1.2558196165096291,404.0,-285232.25
ZERO_THREE_LEFT,1753828498.5,12.7,7.992520900373043,404.0,-285359.5
ZERO_THREE_LEFT,1753905287.0,12.7,1.4135851802546033,404.0,-362148.0
ZERO_THREE_LEFT,1753906457.0,12.7,1.1060471728593646,404.0,-363318.0
ZERO_THREE_LEFT,1753909027.0,12.7,1.2719073521365838,404.0,-365888.0
ZERO_THREE_LEFT,1754408735.0,12.7,1.4450415050454941,404.0,-865596.0
ZERO_THREE_LEFT,1754408880.9,12.7,1.7454529656332232,404.0,-865741.9000000954
ZERO_THREE_LEFT,1754514732.0,12.7,1.8068724657202022,404.0,-971593.0
ZERO_THREE_LEFT,1754514868.55,12.7,1.702860324130031,404.0,-971729.5499999523
ZERO_THREE_LEFT,1754596966.0,12.7,1.533195046119423,404.0,-1053827.0
ZERO_THREE_LEFT,1754597073.55,12.7,1.306050426146729,404.0,-1053934.5499999523
ZERO_THREE_LEFT,1754666870.0,12.7,1.9008297586920844,404.0,-1123731.0
ZERO_THREE_LEFT,1754667035.25,12.7,2.5060960486192725,404.0,-1123896.25
ZERO_THREE_LEFT,1754792849.0,26.4,0.6317762284901861,236.0,1019335.0
ZERO_THREE_LEFT,1754792936.55,26.4,0.6213931271128701,236.0,1019247.4500000477
ZERO_THREE_LEFT,1754841348.0,26.4,0.7103678176730404,236.0,970836.0
ZERO_THREE_LEFT,1754841490.3,26.4,0.7827493446009857,236.0,970693.7000000477
ZERO_THREE_LEFT,1754843534.3,26.4,0.7455377411584612,236.0,968649.7000000477
ZERO_THREE_LEFT,1754843717.8,26.4,0.520132056473429,236.0,968466.2000000477
ZERO_THREE_LEFT,1754966342.0,26.4,0.6839995449129965,236.0,845842.0
ZERO_THREE_LEFT,1754966464.75,26.4,0.5601913508242444,236.0,845719.25
ZERO_THREE_LEFT,1755013571.0,26.4,1.0309005647102893,236.0,798613.0
ZERO_THREE_LEFT,1755013683.3,26.4,0.7318519736823609,236.0,798500.7000000477
ZERO_THREE_LEFT,1755200227.0,26.4,0.9493201889314241,236.0,611957.0
ZERO_THREE_LEFT,1755200349.2,26.4,0.7110537581128089,236.0,611834.7999999523
ZERO_THREE_LEFT,1755295372.8,26.4,0.4824671721884818,236.0,516811.2000000477
ZERO_THREE_LEFT,1755295404.8,26.4,0.42831501856227033,236.0,516779.2000000477
ZERO_THREE_LEFT,1755373095.0,26.4,0.6026131192662544,236.0,439089.0
ZERO_THREE_LEFT,1755373209.85,26.4,0.5828510241079998,236.0,438974.15000009537
ZERO_THREE_LEFT,1755445517.0,26.4,0.6158352566995805,236.0,366667.0
ZERO_THREE_LEFT,1755445632.5,26.4,0.7961873708855159,236.0,366551.5
ZERO_THREE_LEFT,1755446941.0,26.4,0.9644767917854606,236.0,365243.0
ZERO_THREE_LEFT,1755447051.5,26.4,0.7162055877074351,236.0,365132.5
ZERO_THREE_LEFT,1755646686.0,26.4,0.594607402590233,236.0,165498.0
ZERO_THREE_LEFT,1755646784.7,26.4,0.5551395188884313,236.0,165399.29999995232
ZERO_THREE_LEFT,1755699491.0,26.4,0.5485563128913735,236.0,112693.0
ZERO_THREE_LEFT,1755699604.15,26.4,0.5146799857051821,236.0,112579.84999990463
ZERO_THREE_LEFT,1755699958.6,26.4,0.5379850103805985,236.0,112225.40000009537
ZERO_THREE_LEFT,1755710092.0,26.4,0.4983581595070698,236.0,102092.0
ZERO_THREE_LEFT,1755710208.2,26.4,0.6258727932980612,236.0,101975.79999995232
ZERO_THREE_LEFT,1755803308.05,26.4,0.9941990352414061,236.0,8875.950000047684
ZERO_THREE_LEFT,1755803497.0,26.4,0.46661888852865935,236.0,8687.0
ZERO_THREE_LEFT,1755804033.0,26.4,0.8520081925441785,236.0,8151.0
ZERO_THREE_LEFT,1755804652.0,26.4,0.5061089108330719,236.0,7532.0
ZERO_THREE_LEFT,1755809368.0,26.4,0.6686796540903915,236.0,2816.0
ZERO_THREE_LEFT,1755893268.5,26.4,0.4109413285874965,306.0,-1204.5
ZERO_THREE_LEFT,1755965826.0,10.7,2.1690613772740295,329.0,-736.0
ZERO_THREE_LEFT,1755965935.4,10.7,1.9226347529509318,329.0,-845.4000000953674
ZERO_THREE_LEFT,1756144870.0,10.7,1.732369099792983,302.0,-1102.0
ZERO_THREE_LEFT,1756144976.15,10.7,2.059361413809292,302.0,-1208.1500000953674
ZERO_THREE_LEFT,1756233440.0,10.7,2.0294368189170005,369.0,-722.0
ZERO_THREE_LEFT,1756233542.8,10.7,2.1388188253584257,369.0,-824.7999999523163
ZERO_THREE_LEFT,1756311773.0,10.7,2.3473844267510455,453.0,-3670.0
ZERO_THREE_LEFT,1756311932.4,10.7,2.5731245763208452,453.0,-3829.4000000953674
ZERO_THREE_LEFT,1756395622.0,10.7,2.791326748803493,453.0,-87519.0
ZERO_THREE_LEFT,1756395731.9,10.7,2.668590484221092,453.0,-87628.90000009537
ZERO_THREE_LEFT,1756482692.0,10.7,2.6338272110905594,453.0,-174589.0
ZERO_THREE_LEFT,1756482804.1,10.7,1.9032318826406758,453.0,-174701.09999990463
ZERO_THREE_LEFT,1756573622.0,10.7,2.5950664976739652,453.0,-265519.0
ZERO_THREE_LEFT,1756573715.45,10.7,1.774572271759494,453.0,-265612.4500000477
ZERO_THREE_LEFT,1756661663.0,22.5,0.7506829999254412,372.0,353366.84999990463
ZERO_THREE_LEFT,1756661769.1,22.5,0.7419353746405702,372.0,353260.75
ZERO_THREE_LEFT,1756741700.0,22.5,1.1274795063992389,372.0,273329.84999990463
ZERO_THREE_LEFT,1756741805.45,22.5,0.895984389366696,372.0,273224.39999985695
ZERO_THREE_LEFT,1756846734.0,22.5,0.8792993807491533,372.0,168295.84999990463
ZERO_THREE_LEFT,1756846890.85,22.5,0.8451714378775224,372.0,168139.0
ZERO_THREE_LEFT,1756925281.0,22.5,0.7079909166133241,372.0,89748.84999990463
ZERO_THREE_LEFT,1756925404.9,22.5,0.7209449488014712,372.0,89624.94999980927
ZERO_THREE_LEFT,1757012063.65,22.5,0.7296891166197524,372.0,2966.199999809265
ZERO_THREE_LEFT,1757012907.0,22.5,0.555136314598599,372.0,2122.8499999046326
ZERO_THREE_LEFT,1757013158.0,22.5,0.5724044436611434,372.0,1871.8499999046326
ZERO_THREE_LEFT,1757013476.0,22.5,0.6663386178574522,372.0,1553.8499999046326
ZERO_THREE_LEFT,1757015027.6,22.5,0.2835800403287228,372.0,2.25
ZERO_THREE_LEFT,1757015068.1,22.5,0.40557887934314435,236392.0,1.25
ZERO_THREE_LEFT,1757015242.85,22.5,0.6690341247148559,497.0,1.25
ZERO_THREE_LEFT,1757015460.85,22.5,0.6345828019566571,356.0,1.25
ZERO_THREE_LEFT,1757015489.85,22.5,0.3479595052554255,471.0,1.25
ZERO_THREE_LEFT,1757015533.0,22.5,0.5951165500930209,451.0,-30.40000009536743
ZERO_THREE_LEFT,1757015675.85,22.5,0.6403393029872508,5943.0,1.25
ZERO_THREE_LEFT,1757016238.0,22.5,0.5228507521175862,439.0,-173.90000009536743
ZERO_THREE_LEFT,1757018498.0,22.5,0.7280179376373679,439.0,-2433.9000000953674
ZERO_THREE_LEFT,1757019824.0,10.7,1.464707488093042,396.0,1741.0
ZERO_THREE_LEFT,1757020081.0,10.7,1.5948384888281866,396.0,1484.0
ZERO_THREE_LEFT,1757081912.0,10.7,1.9270039781024324,513.0,-945.0
ZERO_THREE_LEFT,1757081970.8,10.7,2.0859421211795905,513.0,-1003.7999999523163
ZERO_THREE_LEFT,1757175520.0,11.7,1.414013025484703,568.0,-2272.0
ZERO_THREE_LEFT,1757175637.2,11.7,1.6812724418521836,568.0,-2389.2000000476837
ZERO_THREE_LEFT,1757282254.0,11.7,1.5083732223902695,344.0,-906.0
ZERO_THREE_LEFT,1757282388.6,11.7,1.8810960920853068,344.0,-1040.5999999046326
ZERO_THREE_LEFT,1757446318.0,11.7,1.7676350302901869,491.0,-742.0
ZERO_THREE_LEFT,1757446429.6,11.7,1.894185313852121,491.0,-853.5999999046326
ZERO_THREE_LEFT,1757525410.0,11.7,1.8913577928409195,549.0,12022.0
ZERO_THREE_LEFT,1757525615.15,11.7,2.9506230813174654,549.0,11816.849999904633
ZERO_THREE_LEFT,1757534831.0,11.7,1.8824550371576227,549.0,2601.0
ZERO_THREE_LEFT,1757534944.0,11.7,1.801026577687132,549.0,2488.0
ZERO_THREE_LEFT,1757637975.0,11.7,1.7573787401277658,412.0,-767.0
ZERO_THREE_LEFT,1757638555.7,11.7,1.8546202496608561,412.0,-1347.7000000476837
ZERO_THREE_LEFT,1757638694.45,11.7,1.9468037084801066,412.0,-1486.4500000476837
ZERO_THREE_LEFT,1757697516.0,11.7,2.3090104730279863,599.0,-1121.0
ZERO_THREE_LEFT,1757697621.8,11.7,2.3620426905766774,599.0,-1226.7999999523163
ZERO_THREE_LEFT,1757786125.0,11.7,2.4700977316133814,626.0,-668.0
ZERO_THREE_LEFT,1757786233.75,11.7,2.0438314834844826,626.0,-776.75
ZERO_THREE_LEFT,1757787270.25,11.7,3.7068738955628073,626.0,-1813.25
ZERO_THREE_LEFT,1757874345.0,11.7,3.3696618425541485,498.0,-490.0
ZERO_THREE_LEFT,1757875206.0,11.7,1.7819851553504493,498.0,-1351.0
ZERO_THREE_LEFT,1757875360.4,11.7,1.5627089840404378,498.0,-1505.4000000953674
ZERO_THREE_LEFT,1757970420.0,11.7,2.1274801216855335,570.0,-936.0
ZERO_THREE_LEFT,1757970532.7,11.7,2.5242526885124232,570.0,-1048.7000000476837
ZERO_THREE_LEFT,1758042808.0,11.7,2.4355463926292553,840.0,-2033.0
ZERO_THREE_LEFT,1758042915.35,11.7,2.3766794491285483,540.0,1969.6500000953674
ZERO_THREE_LEFT,1758124084.0,11.7,3.325826242552024,821.0,-752.0
ZERO_THREE_LEFT,1758124190.9,11.7,3.6344466607839476,821.0,-858.9000000953674
ZERO_THREE_LEFT,1758216605.0,22.5,0.8738544103082968,1041.0,1342.75
ZERO_THREE_LEFT,1758216975.0,22.5,1.241529685466341,1041.0,972.75
ZERO_THREE_LEFT,1758217549.0,22.5,1.1929860196404949,1041.0,398.75
ZERO_THREE_LEFT,1758217763.0,22.5,0.9404518598324063,1041.0,184.75
ZERO_THREE_LEFT,1758217946.5,22.5,1.2893054678199993,1041.0,1.25
ZERO_THREE_LEFT,1758218911.0,22.5,1.1869457940892754,479.0,1.25
ZERO_THREE_LEFT,1758219004.0,22.5,0.9360016409829457,658.0,1.25
ZERO_THREE_LEFT,1758219888.5,22.5,0.8686031062901056,947.0,1.25
ZERO_THREE_LEFT,1758219922.75,22.5,0.8535533772460056,630.0,1.25
ZERO_THREE_LEFT,1758220645.75,22.5,0.7828408216361205,616.0,2.25
ZERO_THREE_LEFT,1758220736.75,22.5,0.6224953051869107,649.0,1.25
ZERO_THREE_LEFT,1758220775.0,22.5,0.9194515883993,612.0,1.0
ZERO_THREE_LEFT,1758220800.75,22.5,0.6441738835295953,629.0,1.25
ZERO_THREE_LEFT,1758415543.0,8.8,2.222135920826564,748.0,-760.0
ZERO_THREE_LEFT,1758415664.55,8.8,3.1118535428394525,748.0,-881.5499999523163
ZERO_THREE_LEFT,1758481957.0,8.8,4.261981575406961,1023.0,-888.0
ZERO_THREE_LEFT,1758482081.75,8.8,4.407925303958917,1023.0,-1012.75
ZERO_THREE_LEFT,1758640185.0,8.8,5.226421617976174,1150.0,-679.0
ZERO_THREE_LEFT,1758640311.15,8.8,2.8910880320511376,1150.0,-805.1500000953674
ZERO_THREE_LEFT,1758737796.0,8.8,3.096544802336698,790.0,-799.0
ZERO_THREE_LEFT,1758737902.2,8.8,3.0075201642402107,790.0,-905.2000000476837
ZERO_THREE_LEFT,1758814842.0,8.8,7.278645993805712,1842.0,-1042.0
ZERO_THREE_LEFT,1758814998.55,8.8,5.9368359313618555,1842.0,-1198.5499999523163
ZERO_THREE_LEFT,1758901111.0,8.8,5.662933439962517,1578.0,-830.0
ZERO_THREE_LEFT,1758901230.2,8.8,4.853852397980703,1578.0,-949.2000000476837
ZERO_THREE_LEFT,1758988989.0,8.8,3.763011725919628,978.0,-854.0
ZERO_THREE_LEFT,1758989091.45,8.8,3.5646196400998695,978.0,-956.4500000476837
ZERO_THREE_LEFT,1759182578.0,8.8,3.6798490421061416,1198.0,1109.0
ZERO_THREE_LEFT,1759182701.3,8.8,2.87123561848744,1198.0,985.7000000476837
ZERO_THREE_LEFT,1759249464.0,8.8,3.374374031077886,1544.0,-975.0
ZERO_THREE_LEFT,1759249566.8,8.8,3.0367311006384123,1544.0,-1077.7999999523163
ZERO_THREE_LEFT,1759339019.0,8.8,3.4260092946858243,833.0,1014.0
ZERO_THREE_LEFT,1759339163.45,8.8,3.254871305978071,833.0,869.5499999523163
ZERO_THREE_LEFT,1759429218.0,8.8,2.9621062725208875,930.0,-1259.0
ZERO_THREE_LEFT,1759429850.35,22.5,1.2860874170079706,783.0,1697.7000000476837
ZERO_THREE_LEFT,1759430733.0,22.5,0.9476141111570735,783.0,815.0499999523163
ZERO_THREE_LEFT,1759430946.0,22.5,1.083901046037559,783.0,602.0499999523163
ZERO_THREE_LEFT,1759431547.8,22.5,1.214210135163056,783.0,0.25
ZERO_THREE_LEFT,1759431564.3,22.5,0.9077244016029876,1263.0,0.0
ZERO_THREE_LEFT,1759431967.0,22.5,1.146288581214628,1791.0,-70.20000004768372
ZERO_THREE_LEFT,1759432199.05,22.5,1.2260896436294098,665.0,0.0
ZERO_THREE_LEFT,1759432978.8,22.5,1.1010184809519263,544.0,0.25
ZERO_THREE_LEFT,1759433486.05,22.5,1.8303507338933525,701.0,-0.5
ZERO_THREE_LEFT,1759433486.8,22.5,1.0621182935155642,701.0,-1.25
ZERO_THREE_LEFT,1759433629.0,22.5,0.727178849508895,764.0,-0.20000004768371582
ZERO_THREE_LEFT,1759433682.0,22.5,1.270561488529012,566.0,-0.20000004768371582
ZERO_THREE_LEFT,1759433683.0,22.5,0.8561256007148004,566.0,-0.20000004768371582
ZERO_THREE_LEFT,1759433724.0,22.5,0.9373936736290773,433.0,-0.20000004768371582
ZERO_THREE_LEFT,1759433760.0,22.5,0.41365128259556516,13360.0,0.5499999523162842
ZERO_THREE_LEFT,1759433760.0,22.5,0.24770237386033594,13360.0,0.5499999523162842
ZERO_THREE_LEFT,1759433762.0,22.5,4.367424057684152,13360.0,0.04999995231628418
ZERO_THREE_LEFT,1759433765.0,22.5,0.9335697726300001,875.0,0.04999995231628418
ZERO_THREE_LEFT,1759433802.0,22.5,0.6952223292474863,832.0,-0.20000004768371582
ZERO_THREE_LEFT,1759433803.0,22.5,1.010883529100142,832.0,-0.20000004768371582
ZERO_THREE_LEFT,1759434324.0,22.5,1.1726785359812724,1176.0,-80.70000004768372
ZERO_THREE_LEFT,1759435719.0,22.5,0.9055904796496256,757.0,1.0
ZERO_THREE_LEFT,1759435787.0,22.5,0.8558254181806975,628.0,1.0
ZERO_THREE_LEFT,1759699543.0,8.8,2.7754558611772353,769.0,-1694.0
ZERO_THREE_LEFT,1759699655.75,8.8,2.591297691230924,769.0,-1806.75
ZERO_THREE_LEFT,1759798324.0,9.8,2.3708986802925462,508.0,1917.0
ZERO_THREE_LEFT,1759798430.25,9.8,2.465586360473807,508.0,1810.75
ZERO_THREE_LEFT,1759877986.0,9.8,6.703054200089215,1065.0,-206.0
ZERO_THREE_LEFT,1759943625.0,9.8,5.376384443375582,1080.0,20.0
ZERO_THREE_LEFT,1759953197.0,9.8,3.368180506324439,755.0,-1152.0
ZERO_THREE_LEFT,1759953393.4,9.8,3.081765681848245,801.0,1156.5999999046326
ZERO_THREE_LEFT,1759953761.65,9.8,2.7564756572349456,801.0,788.3499999046326
ZERO_THREE_LEFT,1760058237.0,9.8,3.3877571004863456,1031.0,-1084.0
ZERO_THREE_LEFT,1760058395.05,9.8,3.1287109554016768,1031.0,-1242.0499999523163
ZERO_THREE_LEFT,1760112898.0,9.8,5.9292524879098005,1357.0,-939.0
ZERO_THREE_LEFT,1760113046.0,9.8,4.846320910602092,1357.0,-1087.0
ZERO_THREE_LEFT,1760200315.0,9.8,2.919491026533427,545.0,-774.0
ZERO_THREE_LEFT,1760200423.05,9.8,3.7002114447315453,545.0,-882.0499999523163
ZERO_THREE_LEFT,1760315239.0,10.7,1.5919431257522194,492.0,-1237.0
ZERO_THREE_LEFT,1760315354.3,10.7,2.5008265349715133,492.0,-1352.2999999523163
ZERO_THREE_LEFT,1760379521.0,10.7,1.8991920166718077,526.0,1021.0
ZERO_THREE_LEFT,1760379654.1,10.7,1.8319615418666617,526.0,887.9000000953674
ZERO_THREE_LEFT,1760466066.0,10.7,2.0826016073702185,536.0,-1521.0
ZERO_THREE_LEFT,1760466391.5,10.7,3.582011114936531,536.0,-1846.5
ZERO_THREE_LEFT,1760466834.0,10.7,2.3161411835801595,536.0,-2289.0
ZERO_THREE_LEFT,1760470029.0,10.7,1.733711402259587,536.0,-5484.0
ZERO_THREE_LEFT,1760470439.0,10.7,1.6188953500491414,536.0,-5894.0
ZERO_THREE_LEFT,1760473380.0,10.7,1.8601345391121429,536.0,-8835.0
ZERO_THREE_LEFT,1760577580.05,7.8,2.991568800564655,2024.0,64155.950000047684
ZERO_THREE_LEFT,1760578118.55,7.8,4.447998997605449,2024.0,63617.450000047684
ZERO_THREE_LEFT,1760630706.0,7.8,3.7158004799638684,2024.0,11030.0
ZERO_THREE_LEFT,1760630812.0,7.8,5.159524984112424,2024.0,10924.0
ZERO_THREE_LEFT,1760717766.0,7.8,4.4793700212208405,2241.0,-743.0
ZERO_THREE_LEFT,1760717973.7,7.8,3.6841888382534336,2241.0,-950.7000000476837
ZERO_THREE_LEFT,1760833147.0,7.8,4.350936722164315,2241.0,-116124.0
ZERO_THREE_LEFT,1760833262.2,7.8,4.224662190098147,2241.0,-116239.20000004768
ZERO_THREE_LEFT,1760998652.0,7.8,2.6899565741053215,2241.0,-281629.0
ZERO_THREE_LEFT,1760998763.45,7.8,2.7717534152374497,2241.0,-281740.4500000477
ZERO_THREE_LEFT,1761088510.0,7.8,4.085198096456657,2241.0,-371487.0
ZERO_THREE_LEFT,1761088937.0,7.8,3.2532405947139234,2241.0,-371914.0
ZERO_THREE_LEFT,1761247024.0,7.8,3.725267695164357,2241.0,-530001.0
ZERO_THREE_LEFT,1761247282.7,7.8,2.4160164590879094,2241.0,-530259.7000000477
ZERO_THREE_LEFT,1761848292.0,22.5,0.7701172851984663,2456.0,4924.200000047684
ZERO_THREE_LEFT,1761848611.0,22.5,1.6646067894207128,2456.0,4605.200000047684
ZERO_THREE_LEFT,1761849085.0,22.5,1.4800829602998047,2456.0,4131.200000047684
ZERO_THREE_LEFT,1761849513.25,22.5,2.1522210416901135,2456.0,3702.9500000476837
ZERO_THREE_LEFT,1761852296.7,22.5,0.9440966092731706,2456.0,919.5
ZERO_THREE_LEFT,1761853215.95,22.5,0.6069839048057882,2456.0,0.25
ZERO_THREE_LEFT,1761853236.2,22.5,0.5963846391938901,930.0,0.25
ZERO_THREE_LEFT,1761853676.2,22.5,0.5807036452048735,829.0,0.25
ZERO_THREE_LEFT,1763580037.0,10.7,2.306002869281009,425.0,61598.0
ZERO_THREE_LEFT,1763580145.0,10.7,1.9488901111736334,425.0,61490.0
ZERO_THREE_LEFT,1763580355.0,10.7,1.4811128447251682,425.0,61280.0
ZERO_THREE_LEFT,1763580608.0,10.7,1.880439442966501,425.0,61027.0
ZERO_THREE_LEFT,1763582416.0,10.7,1.9313812395768672,425.0,59219.0
ZERO_THREE_LEFT,1763583885.0,10.7,1.4670700238305785,425.0,57750.0
ZERO_THREE_LEFT,1763585074.0,10.7,1.6005397517307305,425.0,56561.0
ZERO_THREE_LEFT,1763585885.4,10.7,1.9940073994549858,425.0,55749.59999990463
ZERO_THREE_LEFT,1764789674.0,7.8,5.764804135738611,1189.0,-1049.0
ZERO_THREE_LEFT,1764789889.75,7.8,4.869993981119809,1189.0,-1264.75
ZERO_THREE_LEFT,1764790350.0,22.5,0.8630846010291111,330.0,1396.2000000476837
ZERO_THREE_LEFT,1764790651.0,22.5,0.9324551573685291,330.0,1095.2000000476837
ZERO_THREE_LEFT,1764790842.0,22.5,1.0405792911984624,330.0,904.2000000476837
ZERO_THREE_LEFT,1764791745.95,22.5,0.6926642647735195,330.0,0.25
ZERO_THREE_LEFT,1764792016.2,22.5,1.1792387886258209,210.0,-3.5
ZERO_THREE_LEFT,1764792023.2,22.5,0.7499943906959723,252.0,-1.25
ZERO_THREE_LEFT,1764792023.95,22.5,1.6518853695864906,252.0,-2.0
ZERO_THREE_LEFT,1764792024.7,22.5,0.9462861177022224,252.0,-2.75
ZERO_THREE_LEFT,1764792799.0,22.5,1.0317110837057537,257.0,-429.5499999523163
ZERO_THREE_LEFT,1764792948.0,22.5,1.140673546723184,235.0,333.0
ZERO_THREE_LEFT,1764793280.0,22.5,0.7386367246133716,235.0,1.0
ZERO_THREE_LEFT,1764793514.0,22.5,1.340797268879419,12758.0,1.0
ZERO_THREE_LEFT,1764793767.65,22.5,0.9850831751038128,191.0,1.25
ZERO_THREE_LEFT,1764794023.65,22.5,0.6927884882921529,333.0,1.25
ZERO_THREE_LEFT,1764794308.4,22.5,0.6391065145071739,127.0,1.25
ZERO_THREE_LEFT,1764794533.65,22.5,0.5782762568170076,15092.0,1.25
ZERO_THREE_LEFT,1764795452.0,22.5,1.2295007617931102,188.0,-913.5999999046326
ZERO_THREE_LEFT,1766004348.0,7.8,3.5412234388541357,657.0,-1234.0
ZERO_THREE_LEFT,1766004493.0,7.8,7.160392244166451,657.0,-1379.0
ZERO_THREE_LEFT,1766005156.35,7.8,4.078388695472833,657.0,-2042.3499999046326
ZERO_THREE_LEFT,1767641594.0,22.5,0.9895560110326913,233.0,3611.0499999523163
ZERO_THREE_LEFT,1767641977.35,22.5,1.0731801410152555,233.0,3227.7000000476837
ZERO_THREE_LEFT,1767643298.0,22.5,1.129493195040484,233.0,1907.0499999523163
ZERO_THREE_LEFT,1767645021.0,22.5,1.1429136627298595,233.0,184.04999995231628
ZERO_THREE_LEFT,1767645202.55,22.5,0.8563686116429421,233.0,2.5
ZERO_THREE_LEFT,1770151515.0,22.5,1.5024575215181675,144.0,-2506294.9500000477
ZERO_THREE_LEFT,1770152069.0,22.5,1.4431473554535383,144.0,-2506848.9500000477
ZERO_THREE_LEFT,1771531311.0,26.4,0.6682953985444793,152.0,3511193.0
ZERO_THREE_LEFT,1771531540.0,26.4,0.7465324363573612,152.0,3510964.0
ZERO_THREE_LEFT,1771533109.0,26.4,0.6698823499936646,152.0,3509395.0
ZERO_THREE_LEFT,1772657090.0,26.4,0.6424346571698122,152.0,2385414.0
ZERO_THREE_LEFT,1772657345.0,26.4,0.6703455271813445,152.0,2385159.0
ZERO_THREE_LEFT,1772660001.0,26.4,0.8296370386016041,152.0,2382503.0
ZERO_THREE_LEFT,1773946995.0,26.4,0.650521870305218,152.0,1095509.0
ZERO_THREE_LEFT,1773948250.0,26.4,0.6792504689540314,152.0,1094254.0
ZERO_THREE_LEFT,1773949695.0,26.4,0.5945297470178674,152.0,1092809.0
ZERO_THREE_LEFT,1773951073.0,26.4,0.6449131078491412,152.0,1091431.0
ZERO_THREE_LEFT,1774990445.0,26.4,0.46964567644451327,152.0,52059.0
ZERO_THREE_LEFT,1774990665.0,26.4,0.7767534455358392,152.0,51839.0
ZERO_THREE_LEFT,1776367184.0,26.4,0.5960899530055628,177.0,-1121.0
ZERO_THREE_LEFT,1776367492.0,26.4,0.6395005376789245,177.0,-1429.0
ZERO_THREE_LEFT,1776372106.0,26.4,0.5018051761914586,177.0,-6043.0
ZERO_THREE_LEFT,1777412406.0,26.4,0.4966107996721961,266.0,-12931.0
ZERO_THREE_LEFT,1777413528.0,26.4,0.6738700916593682,266.0,-14053.0
ZERO_THREE_LEFT,1777417595.0,26.4,0.801770263777128,266.0,-18120.0
ZERO_THREE_LEFT,1778788375.0,26.4,0.7626614093505932,183.0,66705.0
ZERO_THREE_LEFT,1778788687.0,26.4,0.5381064345636316,183.0,66393.0
ZERO_THREE_LEFT,1781121329.0,26.4,0.7925855173004278,289.0,-1279631.0
ZERO_THREE_LEFT,1781121805.0,26.4,0.7387587722960551,289.0,-1280107.0
ZERO_TWO_LEFT,1750257310.0,9.8,3.9164639735530242,381.0,5548337.75
ZERO_TWO_LEFT,1750290310.0,9.8,3.9164639735530242,381.0,5515337.75
ZERO_TWO_LEFT,1750343410.0,9.8,3.474719333493673,381.0,5462237.75
ZERO_TWO_LEFT,1750464010.0,9.8,3.0335388628341415,381.0,5341637.75
ZERO_TWO_LEFT,1750558210.0,9.8,3.0882632946167177,381.0,5247437.75
ZERO_TWO_LEFT,1750635610.0,9.8,3.9164639735530242,381.0,5170037.75
ZERO_TWO_LEFT,1750697410.0,9.8,2.5923583921746105,381.0,5108237.75
ZERO_TWO_LEFT,1750813210.0,9.8,6.287103791598229,381.0,4992437.75
ZERO_TWO_LEFT,1750948510.0,9.8,3.5300079346760693,381.0,4857137.75
ZERO_TWO_LEFT,1750981510.0,9.8,3.5300079346760693,381.0,4824137.75
ZERO_TWO_LEFT,1751034610.0,9.8,3.0335388628341415,381.0,4771037.75
ZERO_TWO_LEFT,1751155210.0,9.8,3.0882632946167177,381.0,4650437.75
ZERO_TWO_LEFT,1751249410.0,9.8,2.5923583921746105,381.0,4556237.75
ZERO_TWO_LEFT,1751326810.0,9.8,3.5300079346760693,381.0,4478837.75
ZERO_TWO_LEFT,1751388610.0,9.8,3.9706242359357793,381.0,4417037.75
ZERO_TWO_LEFT,1751388610.0,9.8,3.9706242359357793,381.0,4417037.75
ZERO_TWO_LEFT,1751504410.0,9.8,6.3976809939630215,381.0,4301237.75
ZERO_TWO_LEFT,1751504410.0,9.8,6.3976809939630215,381.0,4301237.75
ZERO_TWO_LEFT,1751639710.0,9.8,3.309417699346304,381.0,4165937.75
ZERO_TWO_LEFT,1751639710.0,9.8,3.309417699346304,381.0,4165937.75
ZERO_TWO_LEFT,1751672710.0,9.8,3.309417699346304,381.0,4132937.75
ZERO_TWO_LEFT,1751672710.0,9.8,3.309417699346304,381.0,4132937.75
ZERO_TWO_LEFT,1751725810.0,9.8,3.0882632946167177,381.0,4079837.75
ZERO_TWO_LEFT,1751725810.0,9.8,3.0882632946167177,381.0,4079837.75
ZERO_TWO_LEFT,1751846410.0,9.8,2.5923583921746105,381.0,3959237.75
ZERO_TWO_LEFT,1751846410.0,9.8,2.5923583921746105,381.0,3959237.75
ZERO_TWO_LEFT,1751940610.0,9.8,3.9706242359357793,381.0,3865037.75
ZERO_TWO_LEFT,1751940610.0,9.8,3.9706242359357793,381.0,3865037.75
ZERO_TWO_LEFT,1752018010.0,9.8,3.309417699346304,381.0,3787637.75
ZERO_TWO_LEFT,1752079810.0,9.8,2.537069790992214,381.0,3725837.75
ZERO_TWO_LEFT,1752079810.0,9.8,2.537069790992214,381.0,3725837.75
ZERO_TWO_LEFT,1752195610.0,9.8,6.342392392780624,381.0,3610037.75
ZERO_TWO_LEFT,1752195610.0,9.8,6.342392392780624,381.0,3610037.75
ZERO_TWO_LEFT,1752330910.0,9.8,3.0888274640165383,381.0,3474737.75
ZERO_TWO_LEFT,1752330910.0,9.8,3.0888274640165383,381.0,3474737.75
ZERO_TWO_LEFT,1752363910.0,9.8,3.0888274640165383,381.0,3441737.75
ZERO_TWO_LEFT,1752363910.0,9.8,3.0888274640165383,381.0,3441737.75
ZERO_TWO_LEFT,1752417010.0,9.8,2.5923583921746105,381.0,3388637.75
ZERO_TWO_LEFT,1752417010.0,9.8,2.5923583921746105,381.0,3388637.75
ZERO_TWO_LEFT,1752537610.0,9.8,3.9706242359357793,381.0,3268037.75
ZERO_TWO_LEFT,1752631810.0,9.8,2.537069790992214,381.0,3173837.75
ZERO_TWO_LEFT,1752631810.0,9.8,2.537069790992214,381.0,3173837.75
ZERO_TWO_LEFT,1752695079.0,9.8,2.7663745149577403,381.0,3110568.75
ZERO_TWO_LEFT,1752695469.0,9.8,3.532760500276456,381.0,3110178.75
ZERO_TWO_LEFT,1752695517.0,9.8,2.479446793997723,381.0,3110130.75
ZERO_TWO_LEFT,1752695969.75,9.8,2.292177522269606,381.0,3109678.0
ZERO_TWO_LEFT,1752709210.0,9.8,3.1441160651989346,381.0,3096437.75
ZERO_TWO_LEFT,1752709210.0,9.8,3.1441160651989346,381.0,3096437.75
ZERO_TWO_LEFT,1752713130.0,9.8,2.8009568281581814,381.0,3092517.75
ZERO_TWO_LEFT,1752713546.0,9.8,2.509191478396606,381.0,3092101.75
ZERO_TWO_LEFT,1752713594.0,9.8,2.115925196894192,381.0,3092053.75
ZERO_TWO_LEFT,1752713860.0,9.8,2.0483987349173693,381.0,3091787.75
ZERO_TWO_LEFT,1752713908.0,9.8,1.5340579897137179,381.0,3091739.75
ZERO_TWO_LEFT,1752714370.25,9.8,2.5176387259605812,381.0,3091277.5
ZERO_TWO_LEFT,1752715072.75,9.8,1.6881967104634992,381.0,3090575.0
ZERO_TWO_LEFT,1752771010.0,9.8,3.5300079346760693,381.0,3034637.75
ZERO_TWO_LEFT,1752771010.0,9.8,3.5300079346760693,381.0,3034637.75
ZERO_TWO_LEFT,1753054241.0,9.8,2.095879759786939,381.0,2751406.75
ZERO_TWO_LEFT,1753054414.55,9.8,1.9693224486737382,381.0,2751233.2000000477
ZERO_TWO_LEFT,1753291949.2,9.8,1.5107342210026495,381.0,2513698.5499999523
ZERO_TWO_LEFT,1753389116.0,9.8,2.1704115855832313,381.0,2416531.75
ZERO_TWO_LEFT,1753389245.95,9.8,2.211590639563882,381.0,2416401.7999999523
ZERO_TWO_LEFT,1753479752.0,9.8,1.9484932584189107,381.0,2325895.75
ZERO_TWO_LEFT,1753479886.45,9.8,2.507161893046529,381.0,2325761.2999999523
ZERO_TWO_LEFT,1753545254.0,9.8,1.0670226993887062,381.0,2260393.75
ZERO_TWO_LEFT,1753545387.2,9.8,1.5060251047012039,381.0,2260260.5499999523
ZERO_TWO_LEFT,1753625522.0,9.8,2.120279898880799,381.0,2180125.75
ZERO_TWO_LEFT,1753625657.15,9.8,1.4817044247137485,381.0,2179990.5999999046
ZERO_TWO_LEFT,1753629630.6,9.8,1.3903432700684306,381.0,2176017.1500000954
ZERO_TWO_LEFT,1753715378.0,9.8,3.433706908784747,381.0,2090269.75
ZERO_TWO_LEFT,1753715504.1,9.8,1.8984955763045144,381.0,2090143.6500000954
ZERO_TWO_LEFT,1753803537.0,9.8,2.2629926910880176,381.0,2002110.75
ZERO_TWO_LEFT,1753803653.05,9.8,1.7792756188703407,381.0,2001994.7000000477
ZERO_TWO_LEFT,1753804635.3,9.8,2.193554525658253,381.0,2001012.4500000477
ZERO_TWO_LEFT,1753809229.0,9.8,1.249202659213445,381.0,1996418.75
ZERO_TWO_LEFT,1753809330.8,9.8,1.5604532802692235,381.0,1996316.9500000477
ZERO_TWO_LEFT,1753828261.0,9.8,0.8566728390981384,381.0,1977386.75
ZERO_TWO_LEFT,1753828371.25,9.8,1.1190165193000319,381.0,1977276.5
ZERO_TWO_LEFT,1753828498.5,9.8,8.395893320703511,381.0,1977149.25
ZERO_TWO_LEFT,1753905287.0,9.8,1.453306776569596,381.0,1900360.75
ZERO_TWO_LEFT,1753906457.0,9.8,1.1187090389503458,381.0,1899190.75
ZERO_TWO_LEFT,1753906505.0,9.8,1.2118198559101598,381.0,1899142.75
ZERO_TWO_LEFT,1753909027.0,9.8,1.4273072246395677,381.0,1896620.75
ZERO_TWO_LEFT,1753909075.0,9.8,1.3010412451208193,381.0,1896572.75
ZERO_TWO_LEFT,1754408735.0,9.8,1.2207507889571363,381.0,1396912.75
ZERO_TWO_LEFT,1754408880.9,9.8,1.759909065067539,381.0,1396766.8499999046
ZERO_TWO_LEFT,1754514732.0,9.8,1.670248192706036,381.0,1290915.75
ZERO_TWO_LEFT,1754514868.55,9.8,2.725989585205208,381.0,1290779.2000000477
ZERO_TWO_LEFT,1754596966.0,9.8,2.2473880184016544,381.0,1208681.75
ZERO_TWO_LEFT,1754597073.55,9.8,2.1461897691232537,381.0,1208574.2000000477
ZERO_TWO_LEFT,1754666870.0,9.8,1.9205208680672006,381.0,1138777.75
ZERO_TWO_LEFT,1754667035.25,9.8,2.4650399602983195,381.0,1138612.5
ZERO_TWO_LEFT,1754792849.0,9.8,2.0344171488296947,381.0,1012798.75
ZERO_TWO_LEFT,1754792936.55,9.8,1.9276791781584908,381.0,1012711.2000000477
ZERO_TWO_LEFT,1754841348.0,9.8,1.8625209374311498,381.0,964299.75
ZERO_TWO_LEFT,1754841490.3,9.8,2.5995272305768413,381.0,964157.4500000477
ZERO_TWO_LEFT,1754843534.3,9.8,2.2584089170909447,381.0,962113.4500000477
ZERO_TWO_LEFT,1754843717.8,9.8,1.9961232373425999,381.0,961929.9500000477
ZERO_TWO_LEFT,1754966342.0,9.8,1.8521893117487154,381.0,839305.75
ZERO_TWO_LEFT,1754966464.75,9.8,1.883193529553524,381.0,839183.0
ZERO_TWO_LEFT,1755013571.0,9.8,2.3528076462972054,381.0,792076.75
ZERO_TWO_LEFT,1755013683.3,9.8,2.7170486117012933,381.0,791964.4500000477
ZERO_TWO_LEFT,1755200227.0,9.8,1.900790769228873,381.0,605420.75
ZERO_TWO_LEFT,1755200349.2,9.8,2.519886918234535,381.0,605298.5499999523
ZERO_TWO_LEFT,1755295372.8,9.8,2.744148463784825,381.0,510274.9500000477
ZERO_TWO_LEFT,1755295404.8,9.8,2.581076804770458,381.0,510242.9500000477
ZERO_TWO_LEFT,1755373095.0,9.8,1.4834652162377466,381.0,432552.75
ZERO_TWO_LEFT,1755373209.85,9.8,1.5920347543845612,381.0,432437.90000009537
ZERO_TWO_LEFT,1755445517.0,9.8,2.2152437517543295,381.0,360130.75
ZERO_TWO_LEFT,1755445632.5,9.8,1.9750134124947833,381.0,360015.25
ZERO_TWO_LEFT,1755446941.0,9.8,1.914651132238688,381.0,358706.75
ZERO_TWO_LEFT,1755447051.5,9.8,1.379665737636631,381.0,358596.25
ZERO_TWO_LEFT,1755646686.0,9.8,1.6779834122867716,381.0,158961.75
ZERO_TWO_LEFT,1755646784.7,9.8,2.0093708590599206,381.0,158863.04999995232
ZERO_TWO_LEFT,1755699491.0,9.8,2.496131072437337,381.0,106156.75
ZERO_TWO_LEFT,1755699604.15,9.8,2.3708286154953924,381.0,106043.59999990463
ZERO_TWO_LEFT,1755699958.6,9.8,2.123227834399053,381.0,105689.15000009537
ZERO_TWO_LEFT,1755710092.0,9.8,1.691826198541109,381.0,95555.75
ZERO_TWO_LEFT,1755710208.2,9.8,1.9139917191948919,381.0,95439.54999995232
ZERO_TWO_LEFT,1755803308.05,9.8,1.5192250877320335,381.0,2339.7000000476837
ZERO_TWO_LEFT,1755803497.0,9.8,1.3831702326086353,381.0,2150.75
ZERO_TWO_LEFT,1755804033.0,9.8,1.4028894593645587,381.0,1614.75
ZERO_TWO_LEFT,1755804081.0,9.8,0.9862859228443992,381.0,1566.75
ZERO_TWO_LEFT,1755804652.0,9.8,1.4405558348141803,381.0,995.75
ZERO_TWO_LEFT,1755804700.0,9.8,1.5022527288010332,381.0,947.75
ZERO_TWO_LEFT,1755805647.5,9.8,1.5841305107711938,381.0,0.25
ZERO_TWO_LEFT,1755805769.25,9.8,1.395215365287956,269.0,0.25
ZERO_TWO_LEFT,1755805854.5,9.8,1.5490847492500617,551.0,0.25
ZERO_TWO_LEFT,1755809368.0,9.8,1.0660658324035766,424.0,-2395.75
ZERO_TWO_LEFT,1755809421.0,9.8,1.4049957552359493,424.0,-2448.75
ZERO_TWO_LEFT,1755893268.5,9.8,1.7911420513999248,424.0,-86296.25
ZERO_TWO_LEFT,1755965826.0,9.8,2.0261208697938704,424.0,-158853.75
ZERO_TWO_LEFT,1755965935.4,9.8,1.3897087946168283,424.0,-158963.15000009537
ZERO_TWO_LEFT,1756144870.0,9.8,1.477880071093507,424.0,-337897.75
ZERO_TWO_LEFT,1756144976.15,9.8,1.5321946329673701,424.0,-338003.90000009537
ZERO_TWO_LEFT,1756233440.0,9.8,1.5643094382660612,424.0,-426467.75
ZERO_TWO_LEFT,1756233542.8,9.8,1.6066552887668482,424.0,-426570.5499999523
ZERO_TWO_LEFT,1756311773.0,9.8,2.2332647954218086,424.0,-504800.75
ZERO_TWO_LEFT,1756311932.4,9.8,2.4211469133971315,424.0,-504960.15000009537
ZERO_TWO_LEFT,1756395622.0,9.8,2.6653203473017726,424.0,-588649.75
ZERO_TWO_LEFT,1756395731.9,9.8,2.3210309488805976,424.0,-588759.6500000954
ZERO_TWO_LEFT,1756482692.0,9.8,1.9017705742477005,424.0,-675719.75
ZERO_TWO_LEFT,1756482804.1,9.8,1.8060170527155364,424.0,-675831.8499999046
ZERO_TWO_LEFT,1756573622.0,9.8,2.2018204213248778,424.0,-766649.75
ZERO_TWO_LEFT,1756573715.45,9.8,1.70628725198941,424.0,-766743.2000000477
ZERO_TWO_LEFT,1756661663.0,9.8,1.4291662791336786,424.0,-854690.75
ZERO_TWO_LEFT,1756661769.1,9.8,1.3482841939747572,424.0,-854796.8499999046
ZERO_TWO_LEFT,1756741700.0,9.8,2.1055145159954822,424.0,-934727.75
ZERO_TWO_LEFT,1756741805.45,9.8,1.2835597591866907,424.0,-934833.2000000477
ZERO_TWO_LEFT,1756846734.0,9.8,1.9605467371834195,424.0,-1039761.75
ZERO_TWO_LEFT,1756846890.85,9.8,2.2313522695692893,424.0,-1039918.5999999046
ZERO_TWO_LEFT,1756925281.0,9.8,1.839553133147156,424.0,-1118308.75
ZERO_TWO_LEFT,1756925404.9,9.8,1.871555316729229,424.0,-1118432.6500000954
ZERO_TWO_LEFT,1757012063.65,9.8,1.460220499625255,424.0,-1205091.4000000954
ZERO_TWO_LEFT,1757012907.0,9.8,1.1431505493491885,424.0,-1205934.75
ZERO_TWO_LEFT,1757013158.0,9.8,1.1943070770063369,424.0,-1206185.75
ZERO_TWO_LEFT,1757013206.0,9.8,1.0015764261767288,424.0,-1206233.75
ZERO_TWO_LEFT,1757013476.0,9.8,1.5318923276296994,424.0,-1206503.75
ZERO_TWO_LEFT,1757015533.0,9.8,1.1602139040719628,424.0,-1208560.75
ZERO_TWO_LEFT,1757015593.0,9.8,1.5651488592242708,424.0,-1208620.75
ZERO_TWO_LEFT,1757016238.0,9.8,1.3377786402467184,424.0,-1209265.75
ZERO_TWO_LEFT,1757016287.0,9.8,1.0852080209497166,424.0,-1209314.75
ZERO_TWO_LEFT,1757018498.0,9.8,1.8276869586861215,424.0,-1211525.75
ZERO_TWO_LEFT,1757018546.0,9.8,1.5329667484754756,424.0,-1211573.75
ZERO_TWO_LEFT,1757019824.0,9.8,1.2071290219271036,424.0,-1212851.75
ZERO_TWO_LEFT,1757020081.0,9.8,1.2771766043840493,424.0,-1213108.75
ZERO_TWO_LEFT,1757020129.0,9.8,1.094503147227762,424.0,-1213156.75
ZERO_TWO_LEFT,1757081912.0,9.8,1.7075051515271327,424.0,-1274939.75
ZERO_TWO_LEFT,1757081970.8,9.8,1.625718309218037,424.0,-1274998.5499999523
ZERO_TWO_LEFT,1757175520.0,9.8,1.380345873881704,424.0,-1368547.75
ZERO_TWO_LEFT,1757175637.2,9.8,1.6079879099279377,424.0,-1368664.9500000477
ZERO_TWO_LEFT,1757282254.0,9.8,1.312038002079398,424.0,-1475281.75
ZERO_TWO_LEFT,1757282388.6,9.8,1.4409736756598555,424.0,-1475416.3499999046
ZERO_TWO_LEFT,1757446318.0,9.8,1.2615567674013017,424.0,-1639345.75
ZERO_TWO_LEFT,1757446429.6,9.8,1.7188471335955562,424.0,-1639457.3499999046
ZERO_TWO_LEFT,1757525410.0,9.8,1.5168768426081094,424.0,-1718437.75
ZERO_TWO_LEFT,1757525615.15,9.8,3.8272555602560216,424.0,-1718642.9000000954
ZERO_TWO_LEFT,1757534831.0,9.8,1.2666537177872814,424.0,-1727858.75
ZERO_TWO_LEFT,1757534944.0,9.8,1.533941635459931,424.0,-1727971.75
ZERO_TWO_LEFT,1757637975.0,9.8,1.2804566536595314,424.0,-1831002.75
ZERO_TWO_LEFT,1757638555.7,9.8,1.5931756306230453,424.0,-1831583.4500000477
ZERO_TWO_LEFT,1757638694.45,9.8,1.7518012691094522,424.0,-1831722.2000000477
ZERO_TWO_LEFT,1757697516.0,9.8,1.7914975136196523,424.0,-1890543.75
ZERO_TWO_LEFT,1757697621.8,9.8,1.9075160911097713,424.0,-1890649.5499999523
ZERO_TWO_LEFT,1757786125.0,9.8,2.5429514492618246,424.0,-1979152.75
ZERO_TWO_LEFT,1757786233.75,9.8,1.8211967410213004,424.0,-1979261.5
ZERO_TWO_LEFT,1757787270.25,9.8,3.1355792876333055,424.0,-1980298.0
ZERO_TWO_LEFT,1757875206.0,9.8,1.8543461456071806,424.0,-2068233.75
ZERO_TWO_LEFT,1757875360.4,9.8,1.3335067082214036,424.0,-2068388.1500000954
ZERO_TWO_LEFT,1757970420.0,9.8,1.3245217288624933,424.0,-2163447.75
ZERO_TWO_LEFT,1757970532.7,9.8,2.2093106372981675,424.0,-2163560.4500000477
ZERO_TWO_LEFT,1758042808.0,9.8,2.1691904334236654,424.0,-2235835.75
ZERO_TWO_LEFT,1758042915.35,9.8,1.9558447700999833,424.0,-2235943.0999999046
ZERO_TWO_LEFT,1758124084.0,9.8,3.2480284911113273,424.0,-2317111.75
ZERO_TWO_LEFT,1758124190.9,9.8,3.038237948206733,424.0,-2317218.6500000954
ZERO_TWO_LEFT,1758216605.0,9.8,1.4216944445087385,424.0,-2409632.75
ZERO_TWO_LEFT,1758216975.0,9.8,2.75123270969228,424.0,-2410002.75
ZERO_TWO_LEFT,1758217549.0,9.8,1.990827194929993,424.0,-2410576.75
ZERO_TWO_LEFT,1758217597.0,9.8,1.6394665266807467,424.0,-2410624.75
ZERO_TWO_LEFT,1758217763.0,9.8,1.9106985512556984,424.0,-2410790.75
ZERO_TWO_LEFT,1758217811.0,9.8,1.3289022821718477,424.0,-2410838.75
ZERO_TWO_LEFT,1758415543.0,9.8,1.4209291361436245,424.0,-2608570.75
ZERO_TWO_LEFT,1758415664.55,9.8,1.775338391922584,424.0,-2608692.2999999523
ZERO_TWO_LEFT,1758481957.0,9.8,2.4788234626229197,424.0,-2674984.75
ZERO_TWO_LEFT,1758482081.75,9.8,2.1724610486976776,424.0,-2675109.5
ZERO_TWO_LEFT,1758640185.0,9.8,2.9754000222623134,424.0,-2833212.75
ZERO_TWO_LEFT,1758640311.15,9.8,1.7545745561314208,424.0,-2833338.9000000954
ZERO_TWO_LEFT,1758737796.0,9.8,1.5197866377941418,424.0,-2930823.75
ZERO_TWO_LEFT,1758737902.2,9.8,2.0892849192289846,424.0,-2930929.9500000477
ZERO_TWO_LEFT,1758814842.0,9.8,3.612806987187742,424.0,-3007869.75
ZERO_TWO_LEFT,1758814998.55,9.8,3.784348970246994,424.0,-3008026.2999999523
ZERO_TWO_LEFT,1758901111.0,9.8,2.7957851644479583,424.0,-3094138.75
ZERO_TWO_LEFT,1758901230.2,9.8,2.9043638854981615,424.0,-3094257.9500000477
ZERO_TWO_LEFT,1758988989.0,9.8,2.506946326479173,424.0,-3182016.75
ZERO_TWO_LEFT,1758989091.45,9.8,2.5423122663461406,424.0,-3182119.2000000477
ZERO_TWO_LEFT,1759182578.0,9.8,2.2056023489120955,424.0,-3375605.75
ZERO_TWO_LEFT,1759182701.3,9.8,1.651235404430837,424.0,-3375729.0499999523
ZERO_TWO_LEFT,1759249464.0,9.8,2.250468325842455,424.0,-3442491.75
ZERO_TWO_LEFT,1759249566.8,9.8,1.9274419491766088,424.0,-3442594.5499999523
ZERO_TWO_LEFT,1759339019.0,9.8,2.105130869952531,424.0,-3532046.75
ZERO_TWO_LEFT,1759339163.45,9.8,1.8933585106528315,424.0,-3532191.2000000477
ZERO_TWO_LEFT,1759429218.0,9.8,1.6813048990184338,424.0,-3622245.75
ZERO_TWO_LEFT,1759429850.35,9.8,1.9381228389937153,424.0,-3622878.0999999046
ZERO_TWO_LEFT,1759430733.0,9.8,1.577398100837199,424.0,-3623760.75
ZERO_TWO_LEFT,1759430781.0,9.8,1.6008082666875894,424.0,-3623808.75
ZERO_TWO_LEFT,1759430946.0,9.8,1.5163454684725413,424.0,-3623973.75
ZERO_TWO_LEFT,1759430994.0,9.8,1.6439411273401494,424.0,-3624021.75
ZERO_TWO_LEFT,1759431967.0,9.8,1.2977232029292414,424.0,-3624994.75
ZERO_TWO_LEFT,1759432015.0,9.8,1.8778671429168419,424.0,-3625042.75
ZERO_TWO_LEFT,1759434324.0,9.8,2.2177359592873933,424.0,-3627351.75
ZERO_TWO_LEFT,1759699543.0,9.8,1.619885374216804,424.0,-3892570.75
ZERO_TWO_LEFT,1759699655.75,9.8,1.6792389664888412,424.0,-3892683.5
ZERO_TWO_LEFT,1759798324.0,9.8,1.557820577121362,424.0,-3991351.75
ZERO_TWO_LEFT,1759798430.25,9.8,1.484642248283667,424.0,-3991458.0
ZERO_TWO_LEFT,1759953197.0,9.8,2.235203137481954,424.0,-4146224.75
ZERO_TWO_LEFT,1759953393.4,9.8,1.9261832671297023,424.0,-4146421.1500000954
ZERO_TWO_LEFT,1759953761.65,9.8,1.9092783101585438,424.0,-4146789.4000000954
ZERO_TWO_LEFT,1760058237.0,9.8,3.122164985632476,424.0,-4251264.75
ZERO_TWO_LEFT,1760058395.05,9.8,2.8193051181832827,424.0,-4251422.799999952
ZERO_TWO_LEFT,1760112898.0,9.8,4.890717979792316,424.0,-4305925.75
ZERO_TWO_LEFT,1760113046.0,9.8,3.1993741147428016,424.0,-4306073.75
ZERO_TWO_LEFT,1760200315.0,9.8,1.8625620704682944,424.0,-4393342.75
ZERO_TWO_LEFT,1760200423.05,9.8,2.717329473767241,424.0,-4393450.799999952
ZERO_TWO_LEFT,1760290087.0,9.8,3.213816399112778,424.0,-4483114.75
ZERO_TWO_LEFT,1760315239.0,9.8,1.3507052316072117,424.0,-4508266.75
ZERO_TWO_LEFT,1760315354.3,9.8,1.9911296671975265,424.0,-4508382.049999952
ZERO_TWO_LEFT,1760379521.0,9.8,1.440189061786459,424.0,-4572548.75
ZERO_TWO_LEFT,1760379654.1,9.8,1.5992486163818533,424.0,-4572681.849999905
ZERO_TWO_LEFT,1760466066.0,9.8,1.5146064207280372,424.0,-4659093.75
ZERO_TWO_LEFT,1760466391.5,9.8,2.8780825632840417,424.0,-4659419.25
ZERO_TWO_LEFT,1760466834.0,9.8,1.6704084771977883,424.0,-4659861.75
ZERO_TWO_LEFT,1760466882.0,9.8,1.1899485571762825,424.0,-4659909.75
ZERO_TWO_LEFT,1760470029.0,9.8,1.1592289267332845,424.0,-4663056.75
ZERO_TWO_LEFT,1760470077.0,9.8,1.4337408004272265,424.0,-4663104.75
ZERO_TWO_LEFT,1760470439.0,9.8,1.289035202480395,424.0,-4663466.75
ZERO_TWO_LEFT,1760470487.0,9.8,1.5958219342940434,424.0,-4663514.75
ZERO_TWO_LEFT,1760473380.0,9.8,1.2793537934414745,424.0,-4666407.75
ZERO_TWO_LEFT,1760473428.0,9.8,1.3582119746575576,424.0,-4666455.75
ZERO_TWO_LEFT,1760577580.05,9.8,0.8828658159267351,424.0,-4770607.799999952
ZERO_TWO_LEFT,1760578118.55,9.8,1.8188122793183579,424.0,-4771146.299999952
ZERO_TWO_LEFT,1760630706.0,9.8,1.5272892600621513,424.0,-4823733.75
ZERO_TWO_LEFT,1760630812.0,9.8,1.9832223853145257,424.0,-4823839.75
ZERO_TWO_LEFT,1760717766.0,9.8,2.1652102917046427,424.0,-4910793.75
ZERO_TWO_LEFT,1760717973.7,9.8,1.801868518578643,424.0,-4911001.450000048
ZERO_TWO_LEFT,1760833147.0,9.8,1.466568946016906,424.0,-5026174.75
ZERO_TWO_LEFT,1760833262.2,9.8,1.4543533500667223,424.0,-5026289.950000048
ZERO_TWO_LEFT,1760998652.0,9.8,1.5206481622619963,424.0,-5191679.75
ZERO_TWO_LEFT,1760998763.45,9.8,1.2540937369589322,424.0,-5191791.200000048
ZERO_TWO_LEFT,1761088510.0,9.8,1.4708887797884562,424.0,-5281537.75
ZERO_TWO_LEFT,1761088937.0,9.8,1.3588855219577827,424.0,-5281964.75
ZERO_TWO_LEFT,1761089011.0,9.8,0.9646055529530776,424.0,-5282038.75
ZERO_TWO_LEFT,1761247024.0,9.8,1.8736340624687502,424.0,-5440051.75
ZERO_TWO_LEFT,1761247282.7,9.8,1.1880219393834306,424.0,-5440310.450000048
ZERO_TWO_LEFT,1761848292.0,9.8,2.441317264277759,785.0,5795224.849999905
ZERO_TWO_LEFT,1761848611.0,9.8,1.442632388673728,785.0,5794905.849999905
ZERO_TWO_LEFT,1761848674.0,9.8,2.994228897185443,785.0,5794842.849999905
ZERO_TWO_LEFT,1761849085.0,9.8,1.7933748072512241,785.0,5794431.849999905
ZERO_TWO_LEFT,1761849513.25,9.8,2.1267772882906364,785.0,5794003.599999905
ZERO_TWO_LEFT,1761852296.7,9.8,1.5311521854572252,785.0,5791220.149999857
ZERO_TWO_LEFT,1763580037.0,9.8,1.382015220148053,785.0,4063479.8499999046
ZERO_TWO_LEFT,1763580145.0,9.8,1.3087470945218787,785.0,4063371.8499999046
ZERO_TWO_LEFT,1763580193.0,9.8,1.8332205026830135,785.0,4063323.8499999046
ZERO_TWO_LEFT,1763580355.0,9.8,1.1742348706102606,785.0,4063161.8499999046
ZERO_TWO_LEFT,1763580403.0,9.8,1.3100580313541057,785.0,4063113.8499999046
ZERO_TWO_LEFT,1763580608.0,9.8,1.6397670603061771,785.0,4062908.8499999046
ZERO_TWO_LEFT,1763580656.0,9.8,1.3454988934846623,785.0,4062860.8499999046
ZERO_TWO_LEFT,1763582416.0,9.8,1.6313908725126434,785.0,4061100.8499999046
ZERO_TWO_LEFT,1763582464.0,9.8,1.4863192778772345,785.0,4061052.8499999046
ZERO_TWO_LEFT,1763583885.0,9.8,1.3832508463740163,785.0,4059631.8499999046
ZERO_TWO_LEFT,1763583933.0,9.8,2.118142560304991,785.0,4059583.8499999046
ZERO_TWO_LEFT,1763585074.0,9.8,1.2940699019481419,785.0,4058442.8499999046
ZERO_TWO_LEFT,1763585122.0,9.8,1.2985561838900814,785.0,4058394.8499999046
ZERO_TWO_LEFT,1763585885.4,9.8,1.7875239849182367,785.0,4057631.4499998093
ZERO_TWO_LEFT,1764789674.0,9.8,2.429107722092799,785.0,2853842.8499999046
ZERO_TWO_LEFT,1764789889.75,9.8,2.1461097165055447,785.0,2853627.0999999046
ZERO_TWO_LEFT,1764790350.0,9.8,2.022678218027057,785.0,2853166.8499999046
ZERO_TWO_LEFT,1764790406.0,9.8,1.7463016279851742,785.0,2853110.8499999046
ZERO_TWO_LEFT,1764790651.0,9.8,2.1534661555880974,785.0,2852865.8499999046
ZERO_TWO_LEFT,1764790699.0,9.8,1.2147043072170984,785.0,2852817.8499999046
ZERO_TWO_LEFT,1764790842.0,9.8,1.601948304228497,785.0,2852674.8499999046
ZERO_TWO_LEFT,1764790890.0,9.8,1.3629359982769762,785.0,2852626.8499999046
ZERO_TWO_LEFT,1764792799.0,9.8,2.2685423932964675,785.0,2850717.8499999046
ZERO_TWO_LEFT,1764792847.0,9.8,1.7117263431821148,785.0,2850669.8499999046
ZERO_TWO_LEFT,1764792948.0,9.8,2.004307240412133,785.0,2850568.8499999046
ZERO_TWO_LEFT,1764792996.0,9.8,1.5234342040132376,785.0,2850520.8499999046
ZERO_TWO_LEFT,1764795452.0,9.8,2.0900638478715576,785.0,2848064.8499999046
ZERO_TWO_LEFT,1764795500.0,9.8,1.6895492182093452,785.0,2848016.8499999046
ZERO_TWO_LEFT,1766004348.0,9.8,1.515907203836325,785.0,1639168.8499999046
ZERO_TWO_LEFT,1766004493.0,9.8,1.3631623224203853,785.0,1639023.8499999046
ZERO_TWO_LEFT,1766004541.0,9.8,1.331485285873261,785.0,1638975.8499999046
ZERO_TWO_LEFT,1766005156.35,9.8,1.645339871791223,785.0,1638360.5
ZERO_TWO_LEFT,1767641594.0,9.8,1.7265382609705593,785.0,1922.8499999046326
ZERO_TWO_LEFT,1767641977.35,9.8,1.6323059715495103,785.0,1539.5
ZERO_TWO_LEFT,1767643058.0,9.8,2.2133056107253672,785.0,458.84999990463257
ZERO_TWO_LEFT,1767643298.0,9.8,1.6252790122650593,785.0,218.84999990463257
ZERO_TWO_LEFT,1767643346.0,9.8,1.762110319056194,785.0,170.84999990463257
ZERO_TWO_LEFT,1767643515.6,9.8,3.291281613178489,785.0,1.25
ZERO_TWO_LEFT,1767643558.35,9.8,3.0599284647996976,1044.0,0.5
ZERO_TWO_LEFT,1767645021.0,9.8,1.413945456677318,437.0,-1348.1500000953674
ZERO_TWO_LEFT,1767645069.0,9.8,1.7859704920317732,437.0,-1396.1500000953674
ZERO_TWO_LEFT,1770151515.0,9.8,5.7219724849284175,437.0,-2507842.1500000954
ZERO_TWO_LEFT,1770152069.0,9.8,3.3091046884280324,437.0,-2508396.1500000954
ZERO_TWO_LEFT,1770152117.0,9.8,2.848951417473991,437.0,-2508444.1500000954
ZERO_TWO_LEFT,1771531311.0,9.8,2.300756692549511,437.0,-3887638.1500000954
ZERO_TWO_LEFT,1771531540.0,9.8,2.4558773362812985,437.0,-3887867.1500000954
ZERO_TWO_LEFT,1771531588.0,9.8,3.934509822270027,437.0,-3887915.1500000954
ZERO_TWO_LEFT,1771533109.0,9.8,1.828560454702357,437.0,-3889436.1500000954
ZERO_TWO_LEFT,1771533177.0,9.8,2.3320948760815745,437.0,-3889504.1500000954
ZERO_TWO_LEFT,1772657090.0,9.8,3.4884820392963873,437.0,-5013417.150000095
ZERO_TWO_LEFT,1772657345.0,9.8,3.1182747789235306,437.0,-5013672.150000095
ZERO_TWO_LEFT,1772657393.0,9.8,5.032478304827675,437.0,-5013720.150000095
ZERO_TWO_LEFT,1772660001.0,9.8,2.3122515812009263,437.0,-5016328.150000095
ZERO_TWO_LEFT,1772660049.0,9.8,2.682263189043106,437.0,-5016376.150000095
ZERO_TWO_LEFT,1773946995.0,9.8,5.217286949852669,437.0,-6303322.150000095
ZERO_TWO_LEFT,1773948250.0,9.8,2.0900554081461324,437.0,-6304577.150000095
ZERO_TWO_LEFT,1773948298.0,9.8,4.051967080377262,437.0,-6304625.150000095
ZERO_TWO_LEFT,1773949695.0,9.8,1.932796637298813,437.0,-6306022.150000095
ZERO_TWO_LEFT,1773949746.0,9.8,3.4863087741261056,437.0,-6306073.150000095
ZERO_TWO_LEFT,1773951073.0,9.8,2.627993264829849,437.0,-6307400.150000095
ZERO_TWO_LEFT,1773951121.0,9.8,2.694773825738663,437.0,-6307448.150000095
ZERO_TWO_LEFT,1774990445.0,9.8,2.2324726821750556,437.0,-7346772.150000095
ZERO_TWO_LEFT,1774990665.0,9.8,1.9549423942491748,437.0,-7346992.150000095
ZERO_TWO_LEFT,1774990713.0,9.8,2.766395363791674,437.0,-7347040.150000095
ZERO_TWO_LEFT,1776367184.0,9.8,1.6242222588191737,437.0,-8723511.150000095
ZERO_TWO_LEFT,1776367492.0,9.8,2.125191873704158,437.0,-8723819.150000095
ZERO_TWO_LEFT,1776367540.0,9.8,2.3170273561743095,437.0,-8723867.150000095
ZERO_TWO_LEFT,1776372106.0,9.8,1.81653744665225,437.0,-8728433.150000095
ZERO_TWO_LEFT,1776372154.0,9.8,3.1399061886571573,437.0,-8728481.150000095
ZERO_TWO_LEFT,1777412406.0,9.8,3.266040338803415,437.0,-9768733.150000095
ZERO_TWO_LEFT,1777413528.0,9.8,4.588275048863082,437.0,-9769855.150000095
ZERO_TWO_LEFT,1777413576.0,9.8,5.35294967490132,437.0,-9769903.150000095
ZERO_TWO_LEFT,1777417595.0,9.8,2.2515377161433,437.0,-9773922.150000095
ZERO_TWO_LEFT,1777417643.0,9.8,2.999781172797862,437.0,-9773970.150000095
ZERO_TWO_LEFT,1778788375.0,9.8,3.618337044965649,437.0,-11144702.150000095
ZERO_TWO_LEFT,1778788687.0,9.8,2.750732220680571,437.0,-11145014.150000095
ZERO_TWO_LEFT,1778788735.0,9.8,2.2580214633061986,437.0,-11145062.150000095
ZERO_TWO_LEFT,1781121329.0,9.8,1.365041836171992,437.0,-13477656.150000095
ZERO_TWO_LEFT,1781121805.0,9.8,1.5763771336761716,437.0,-13478132.150000095
ZERO_TWO_LEFT,1781121853.0,9.8,2.0622261193227938,437.0,-13478180.150000095
ONE_THREE_RIGHT,1750257310.0,8.8,7.755072569930836,38040.0,5553422.0
ONE_THREE_RIGHT,1750290310.0,8.8,7.755072569930836,38040.0,5520422.0
ONE_THREE_RIGHT,1750343410.0,8.8,5.664260774196537,38040.0,5467322.0
ONE_THREE_RIGHT,1750464010.0,8.8,4.839445111659153,38040.0,5346722.0
ONE_THREE_RIGHT,1750558210.0,8.8,4.838880942259332,38040.0,5252522.0
ONE_THREE_RIGHT,1750635610.0,8.8,7.755072569930836,38040.0,5175122.0
ONE_THREE_RIGHT,1750697410.0,8.8,4.179931083269137,38040.0,5113322.0
ONE_THREE_RIGHT,1750813210.0,8.8,6.764391103846262,38040.0,4997522.0
ONE_THREE_RIGHT,1750948510.0,8.8,6.764391103846262,38040.0,4862222.0
ONE_THREE_RIGHT,1750981510.0,8.8,6.764391103846262,38040.0,4829222.0
ONE_THREE_RIGHT,1751034610.0,8.8,4.839445111659153,38040.0,4776122.0
ONE_THREE_RIGHT,1751155210.0,8.8,4.838880942259332,38040.0,4655522.0
ONE_THREE_RIGHT,1751249410.0,8.8,4.179931083269137,38040.0,4561322.0
ONE_THREE_RIGHT,1751326810.0,8.8,6.764391103846262,38040.0,4483922.0
ONE_THREE_RIGHT,1751388610.0,8.8,6.3790634037689475,38040.0,4422122.0
ONE_THREE_RIGHT,1751388610.0,8.8,6.3790634037689475,38040.0,4422122.0
ONE_THREE_RIGHT,1751504410.0,8.8,6.874968306211056,38040.0,4306322.0
ONE_THREE_RIGHT,1751504410.0,8.8,6.874968306211056,38040.0,4306322.0
ONE_THREE_RIGHT,1751639710.0,8.8,6.544365037916317,38040.0,4171022.0
ONE_THREE_RIGHT,1751639710.0,8.8,6.544365037916317,38040.0,4171022.0
ONE_THREE_RIGHT,1751672710.0,8.8,6.544365037916317,38040.0,4138022.0
ONE_THREE_RIGHT,1751672710.0,8.8,6.544365037916317,38040.0,4138022.0
ONE_THREE_RIGHT,1751725810.0,8.8,4.838880942259332,38040.0,4084922.0
ONE_THREE_RIGHT,1751725810.0,8.8,4.838880942259332,38040.0,4084922.0
ONE_THREE_RIGHT,1751846410.0,8.8,4.179931083269137,38040.0,3964322.0
ONE_THREE_RIGHT,1751846410.0,8.8,4.179931083269137,38040.0,3964322.0
ONE_THREE_RIGHT,1751940610.0,8.8,6.3790634037689475,38040.0,3870122.0
ONE_THREE_RIGHT,1751940610.0,8.8,6.3790634037689475,38040.0,3870122.0
ONE_THREE_RIGHT,1752018010.0,8.8,6.874968306211056,38040.0,3792722.0
ONE_THREE_RIGHT,1752079810.0,8.8,4.179931083269137,38040.0,3730922.0
ONE_THREE_RIGHT,1752079810.0,8.8,4.179931083269137,38040.0,3730922.0
ONE_THREE_RIGHT,1752195610.0,8.8,6.710230841463507,38040.0,3615122.0
ONE_THREE_RIGHT,1752195610.0,8.8,6.710230841463507,38040.0,3615122.0
ONE_THREE_RIGHT,1752330910.0,8.8,6.5996536390987135,38040.0,3479822.0
ONE_THREE_RIGHT,1752330910.0,8.8,6.5996536390987135,38040.0,3479822.0
ONE_THREE_RIGHT,1752363910.0,8.8,6.5996536390987135,38040.0,3446822.0
ONE_THREE_RIGHT,1752363910.0,8.8,6.5996536390987135,38040.0,3446822.0
ONE_THREE_RIGHT,1752417010.0,8.8,4.179931083269137,38040.0,3393722.0
ONE_THREE_RIGHT,1752417010.0,8.8,4.179931083269137,38040.0,3393722.0
ONE_THREE_RIGHT,1752537610.0,8.8,6.3790634037689475,38040.0,3273122.0
ONE_THREE_RIGHT,1752631810.0,8.8,4.179931083269137,38040.0,3178922.0
ONE_THREE_RIGHT,1752631810.0,8.8,4.179931083269137,38040.0,3178922.0
ONE_THREE_RIGHT,1752695229.0,8.8,25.394449931619896,38040.0,3115503.0
ONE_THREE_RIGHT,1752695469.0,8.8,18.269658662244954,38040.0,3115263.0
ONE_THREE_RIGHT,1752695552.0,8.8,14.307121717237917,38040.0,3115180.0
ONE_THREE_RIGHT,1752695969.75,8.8,17.91606054632199,38040.0,3114762.25
ONE_THREE_RIGHT,1752709210.0,8.8,6.710230841463507,38040.0,3101522.0
ONE_THREE_RIGHT,1752709210.0,8.8,6.710230841463507,38040.0,3101522.0
ONE_THREE_RIGHT,1752713293.0,8.8,1.7456126102367016,38040.0,3097439.0
ONE_THREE_RIGHT,1752713546.0,8.8,1.3734106220457605,38040.0,3097186.0
ONE_THREE_RIGHT,1752713628.0,8.8,3.598330850394405,38040.0,3097104.0
ONE_THREE_RIGHT,1752713860.0,8.8,2.192641133160784,38040.0,3096872.0
ONE_THREE_RIGHT,1752713942.0,8.8,2.174601254535205,38040.0,3096790.0
ONE_THREE_RIGHT,1752714370.25,8.8,2.2422932872860946,38040.0,3096361.75
ONE_THREE_RIGHT,1752715072.75,8.8,0.9305028033037264,38040.0,3095659.25
ONE_THREE_RIGHT,1752771010.0,8.8,5.664824943596357,38040.0,3039722.0
ONE_THREE_RIGHT,1752771010.0,8.8,5.664824943596357,38040.0,3039722.0
ONE_THREE_RIGHT,1753054315.0,8.8,1.483739416469497,38040.0,2756417.0
ONE_THREE_RIGHT,1753054414.55,8.8,0.961290346302449,38040.0,2756317.4500000477
ONE_THREE_RIGHT,1753291811.0,8.8,1.0450615965002763,38040.0,2518921.0
ONE_THREE_RIGHT,1753291949.2,8.8,0.7464366280644537,38040.0,2518782.7999999523
ONE_THREE_RIGHT,1753389184.0,8.8,1.1074763831150227,38040.0,2421548.0
ONE_THREE_RIGHT,1753389245.95,8.8,0.8792673350205431,38040.0,2421486.0499999523
ONE_THREE_RIGHT,1753479823.0,8.8,2.656677669288993,38040.0,2330909.0
ONE_THREE_RIGHT,1753479886.45,8.8,2.2638719910253524,38040.0,2330845.5499999523
ONE_THREE_RIGHT,1753545330.0,8.8,1.6303178472515105,38040.0,2265402.0
ONE_THREE_RIGHT,1753545387.2,8.8,1.3566002571360598,38040.0,2265344.7999999523
ONE_THREE_RIGHT,1753625590.0,8.8,3.4727908857077416,38040.0,2185142.0
ONE_THREE_RIGHT,1753625657.15,8.8,1.4172160552870228,38040.0,2185074.8499999046
ONE_THREE_RIGHT,1753629630.6,8.8,1.3566140968544094,38040.0,2181101.4000000954
ONE_THREE_RIGHT,1753715438.0,8.8,1.3193094151912867,38040.0,2095294.0
ONE_THREE_RIGHT,1753715504.1,8.8,1.3122741374260594,38040.0,2095227.9000000954
ONE_THREE_RIGHT,1753803594.0,8.8,2.5565883635904063,38040.0,2007138.0
ONE_THREE_RIGHT,1753803653.05,8.8,1.9962468215252713,38040.0,2007078.9500000477
ONE_THREE_RIGHT,1753804635.3,8.8,1.5342484701490378,38040.0,2006096.7000000477
ONE_THREE_RIGHT,1753809284.0,8.8,1.432006635884034,38040.0,2001448.0
ONE_THREE_RIGHT,1753809330.8,8.8,0.9648974342951686,38040.0,2001401.2000000477
ONE_THREE_RIGHT,1753905869.0,8.8,1.5269978507233095,38040.0,1904863.0
ONE_THREE_RIGHT,1753906457.0,8.8,1.6403195017203942,38040.0,1904275.0
ONE_THREE_RIGHT,1753906539.0,8.8,1.2111848292380172,38040.0,1904193.0
ONE_THREE_RIGHT,1753909027.0,8.8,1.4937249002661193,38040.0,1901705.0
ONE_THREE_RIGHT,1753909109.0,8.8,1.828899107046662,38040.0,1901623.0
ONE_THREE_RIGHT,1754408830.0,8.8,0.8562539489021732,38040.0,1401902.0
ONE_THREE_RIGHT,1754408880.9,8.8,0.9725820398789033,38040.0,1401851.0999999046
ONE_THREE_RIGHT,1754514803.0,8.8,1.3175143963899658,38040.0,1295929.0
ONE_THREE_RIGHT,1754514868.55,8.8,2.3822148968197383,38040.0,1295863.4500000477
ONE_THREE_RIGHT,1754597026.0,8.8,1.4400085021380513,38040.0,1213706.0
ONE_THREE_RIGHT,1754597073.55,8.8,1.2489504021305606,38040.0,1213658.4500000477
ONE_THREE_RIGHT,1754666941.0,8.8,0.8578734916834516,38040.0,1143791.0
ONE_THREE_RIGHT,1754667035.25,8.8,0.9609998441775462,38040.0,1143696.75
ONE_THREE_RIGHT,1754792936.55,8.8,1.630222686900242,38040.0,1017795.4500000477
ONE_THREE_RIGHT,1754841444.0,8.8,2.290845684523147,38040.0,969288.0
ONE_THREE_RIGHT,1754841490.3,8.8,1.8455975475439241,38040.0,969241.7000000477
ONE_THREE_RIGHT,1754843534.3,8.8,2.6164236456010794,38040.0,967197.7000000477
ONE_THREE_RIGHT,1754843717.8,8.8,2.252845632329463,38040.0,967014.2000000477
ONE_THREE_RIGHT,1754966411.0,8.8,1.7609530134670084,38040.0,844321.0
ONE_THREE_RIGHT,1754966464.75,8.8,2.5027998449374906,38040.0,844267.25
ONE_THREE_RIGHT,1755013629.0,8.8,3.518591800576937,38040.0,797103.0
ONE_THREE_RIGHT,1755013683.3,8.8,2.8368736595836324,38040.0,797048.7000000477
ONE_THREE_RIGHT,1755200288.0,8.8,2.952642483571045,38040.0,610444.0
ONE_THREE_RIGHT,1755200349.2,8.8,2.905443622589836,38040.0,610382.7999999523
ONE_THREE_RIGHT,1755295317.0,8.8,8.327826078613683,38040.0,515415.0
ONE_THREE_RIGHT,1755295372.8,8.8,18.098802214351675,38040.0,515359.2000000477
ONE_THREE_RIGHT,1755295404.8,8.8,4.236171568268,38040.0,515327.2000000477
ONE_THREE_RIGHT,1755373155.0,8.8,0.840719910596136,38040.0,437577.0
ONE_THREE_RIGHT,1755373209.85,8.8,1.37226851590246,38040.0,437522.15000009537
ONE_THREE_RIGHT,1755445578.0,8.8,4.1529359239065595,38040.0,365154.0
ONE_THREE_RIGHT,1755445632.5,8.8,1.771834912870478,38040.0,365099.5
ONE_THREE_RIGHT,1755447005.0,8.8,1.947475941769725,38040.0,363727.0
ONE_THREE_RIGHT,1755447051.5,8.8,2.645632912891158,38040.0,363680.5
ONE_THREE_RIGHT,1755646739.0,8.8,2.4523019490437026,38040.0,163993.0
ONE_THREE_RIGHT,1755646784.7,8.8,2.5678879581970966,38040.0,163947.29999995232
ONE_THREE_RIGHT,1755699552.0,8.8,3.5828716321864094,38040.0,111180.0
ONE_THREE_RIGHT,1755699604.15,8.8,3.4338910051507314,38040.0,111127.84999990463
ONE_THREE_RIGHT,1755699958.6,8.8,3.270974456922726,38040.0,110773.40000009537
ONE_THREE_RIGHT,1755710150.0,8.8,1.2159932938693774,38040.0,100582.0
ONE_THREE_RIGHT,1755710208.2,8.8,1.458625208178884,38040.0,100523.79999995232
ONE_THREE_RIGHT,1755803308.05,8.8,1.2300482692987484,38040.0,7423.950000047684
ONE_THREE_RIGHT,1755803886.0,8.8,0.8182526206684857,38040.0,6846.0
ONE_THREE_RIGHT,1755804033.0,8.8,1.0879738317319771,38040.0,6699.0
ONE_THREE_RIGHT,1755804115.0,8.8,1.16608146649554,38040.0,6617.0
ONE_THREE_RIGHT,1755804652.0,8.8,1.0876573224476103,38040.0,6080.0
ONE_THREE_RIGHT,1755804734.0,8.8,1.1381644916756306,38040.0,5998.0
ONE_THREE_RIGHT,1755809368.0,8.8,0.8826218759887169,38040.0,1364.0
ONE_THREE_RIGHT,1755809455.0,8.8,1.3420579568069109,38040.0,1277.0
ONE_THREE_RIGHT,1755810732.0,8.8,0.8508885777699242,38040.0,0.0
ONE_THREE_RIGHT,1755893201.0,8.8,1.7338055622253041,214.0,-82190.5
ONE_THREE_RIGHT,1755893268.5,8.8,0.8572655408319269,214.0,-82258.0
ONE_THREE_RIGHT,1755965888.0,8.8,1.2736943888359658,214.0,-154877.5
ONE_THREE_RIGHT,1755965935.4,8.8,1.597232058325308,214.0,-154924.90000009537
ONE_THREE_RIGHT,1756144928.0,8.8,0.8289696508727636,214.0,-333917.5
ONE_THREE_RIGHT,1756144976.15,8.8,0.873265920487219,214.0,-333965.65000009537
ONE_THREE_RIGHT,1756233495.0,8.8,0.769464880479744,214.0,-422484.5
ONE_THREE_RIGHT,1756233542.8,8.8,1.0299527292687691,214.0,-422532.2999999523
ONE_THREE_RIGHT,1756311857.0,8.8,1.226266350181992,214.0,-500846.5
ONE_THREE_RIGHT,1756311932.4,8.8,1.0542015251550187,214.0,-500921.90000009537
ONE_THREE_RIGHT,1756395679.0,8.8,0.777941129640939,214.0,-584668.5
ONE_THREE_RIGHT,1756395731.9,8.8,1.2722943950497592,214.0,-584721.4000000954
ONE_THREE_RIGHT,1756482749.0,8.8,0.9063184332201456,214.0,-671738.5
ONE_THREE_RIGHT,1756482804.1,8.8,0.7476279628367843,214.0,-671793.5999999046
ONE_THREE_RIGHT,1756573715.45,8.8,1.2263080611016766,214.0,-762704.9500000477
ONE_THREE_RIGHT,1756661722.0,8.8,0.9057789941941803,214.0,-850711.5
ONE_THREE_RIGHT,1756661769.1,8.8,0.9205204895064063,214.0,-850758.5999999046
ONE_THREE_RIGHT,1756741759.0,8.8,0.9987563422369675,214.0,-930748.5
ONE_THREE_RIGHT,1756741805.45,8.8,0.937775159610792,214.0,-930794.9500000477
ONE_THREE_RIGHT,1756846795.0,8.8,1.3217932455343104,214.0,-1035784.5
ONE_THREE_RIGHT,1756846890.85,8.8,1.19880041687977,214.0,-1035880.3499999046
ONE_THREE_RIGHT,1756925347.0,8.8,1.1833397787562416,214.0,-1114336.5
ONE_THREE_RIGHT,1756925404.9,8.8,1.6548193183538737,214.0,-1114394.4000000954
ONE_THREE_RIGHT,1757012063.65,8.8,0.9684622862213548,214.0,-1201053.1500000954
ONE_THREE_RIGHT,1757013010.0,8.8,1.0569964016930284,214.0,-1201999.5
ONE_THREE_RIGHT,1757013158.0,8.8,0.8953056923254139,214.0,-1202147.5
ONE_THREE_RIGHT,1757013240.0,8.8,1.2693380073683127,214.0,-1202229.5
ONE_THREE_RIGHT,1757013476.0,8.8,0.8306488017907345,214.0,-1202465.5
ONE_THREE_RIGHT,1757013612.0,8.8,0.8597335169381872,214.0,-1202601.5
ONE_THREE_RIGHT,1757015533.0,8.8,1.0549579772000568,214.0,-1204522.5
ONE_THREE_RIGHT,1757015627.0,8.8,0.8581701372968625,214.0,-1204616.5
ONE_THREE_RIGHT,1757016238.0,8.8,1.3001002573996452,214.0,-1205227.5
ONE_THREE_RIGHT,1757016321.0,8.8,1.1348478393534245,214.0,-1205310.5
ONE_THREE_RIGHT,1757018498.0,8.8,0.7009457271071354,214.0,-1207487.5
ONE_THREE_RIGHT,1757018580.0,8.8,1.2200498854444688,214.0,-1207569.5
ONE_THREE_RIGHT,1757019824.0,8.8,0.8451783821114863,214.0,-1208813.5
ONE_THREE_RIGHT,1757019940.0,8.8,0.916815597443223,214.0,-1208929.5
ONE_THREE_RIGHT,1757020081.0,8.8,0.6411408547682225,214.0,-1209070.5
ONE_THREE_RIGHT,1757020163.0,8.8,0.7893183196303023,214.0,-1209152.5
ONE_THREE_RIGHT,1757081970.8,8.8,0.7332530239778509,214.0,-1270960.2999999523
ONE_THREE_RIGHT,1757175583.0,8.8,1.1008681381554932,214.0,-1364572.5
ONE_THREE_RIGHT,1757175637.2,8.8,0.8735822566997014,214.0,-1364626.7000000477
ONE_THREE_RIGHT,1757282319.0,8.8,2.014906427195731,214.0,-1471308.5
ONE_THREE_RIGHT,1757282388.6,8.8,2.414682705573052,214.0,-1471378.0999999046
ONE_THREE_RIGHT,1757446374.0,8.8,1.9524281657186529,214.0,-1635363.5
ONE_THREE_RIGHT,1757446429.6,8.8,2.977799179451125,214.0,-1635419.0999999046
ONE_THREE_RIGHT,1757525615.15,8.8,1.3031735503756132,214.0,-1714604.6500000954
ONE_THREE_RIGHT,1757534891.0,8.8,2.252072010272361,214.0,-1723880.5
ONE_THREE_RIGHT,1757534944.0,8.8,1.840484568830533,214.0,-1723933.5
ONE_THREE_RIGHT,1757638037.0,8.8,1.2271197434115817,214.0,-1827026.5
ONE_THREE_RIGHT,1757638555.7,8.8,0.8862839724550722,214.0,-1827545.2000000477
ONE_THREE_RIGHT,1757638694.45,8.8,0.740542447535815,214.0,-1827683.9500000477
ONE_THREE_RIGHT,1757697570.0,8.8,1.1246756336069619,214.0,-1886559.5
ONE_THREE_RIGHT,1757697621.8,8.8,1.2287842498859018,214.0,-1886611.2999999523
ONE_THREE_RIGHT,1757786183.0,8.8,1.52371117682864,214.0,-1975172.5
ONE_THREE_RIGHT,1757786233.75,8.8,1.1600090369920013,214.0,-1975223.25
ONE_THREE_RIGHT,1757787270.25,8.8,0.9046462833796893,214.0,-1976259.75
ONE_THREE_RIGHT,1757875299.0,8.8,1.0146931795379164,214.0,-2064288.5
ONE_THREE_RIGHT,1757875360.4,8.8,1.1219213668263088,214.0,-2064349.9000000954
ONE_THREE_RIGHT,1757970484.0,8.8,2.5950943206392094,214.0,-2159473.5
ONE_THREE_RIGHT,1757970532.7,8.8,1.764234465203874,214.0,-2159522.2000000477
ONE_THREE_RIGHT,1758042868.0,8.8,1.3237627088249835,214.0,-2231857.5
ONE_THREE_RIGHT,1758042915.35,8.8,1.2050765265478927,214.0,-2231904.8499999046
ONE_THREE_RIGHT,1758124145.0,8.8,2.4321468166000315,214.0,-2313134.5
ONE_THREE_RIGHT,1758124190.9,8.8,2.390866830868883,214.0,-2313180.4000000954
ONE_THREE_RIGHT,1758216797.0,8.8,2.0013406489303582,214.0,-2405786.5
ONE_THREE_RIGHT,1758216975.0,8.8,1.3023721365925258,214.0,-2405964.5
ONE_THREE_RIGHT,1758217549.0,8.8,1.1239817206874982,214.0,-2406538.5
ONE_THREE_RIGHT,1758217631.0,8.8,0.9208478062229288,214.0,-2406620.5
ONE_THREE_RIGHT,1758217763.0,8.8,1.2460723766271757,214.0,-2406752.5
ONE_THREE_RIGHT,1758217845.0,8.8,1.1129109038016634,214.0,-2406834.5
ONE_THREE_RIGHT,1758415611.0,8.8,0.9210782751893085,214.0,-2604600.5
ONE_THREE_RIGHT,1758415664.55,8.8,0.8839461886142106,214.0,-2604654.0499999523
ONE_THREE_RIGHT,1758482034.0,8.8,1.4517151416310587,214.0,-2671023.5
ONE_THREE_RIGHT,1758482081.75,8.8,1.2302258519529272,214.0,-2671071.25
ONE_THREE_RIGHT,1758640251.0,8.8,0.8357548571581059,214.0,-2829240.5
ONE_THREE_RIGHT,1758640311.15,8.8,1.0498512715055917,214.0,-2829300.6500000954
ONE_THREE_RIGHT,1758737856.0,8.8,2.0213940479914747,214.0,-2926845.5
ONE_THREE_RIGHT,1758737902.2,8.8,1.639798528421752,214.0,-2926891.7000000477
ONE_THREE_RIGHT,1758814944.0,8.8,1.3343922374212895,214.0,-3003933.5
ONE_THREE_RIGHT,1758814998.55,8.8,2.2639915452351396,214.0,-3003988.0499999523
ONE_THREE_RIGHT,1758901175.0,8.8,1.254959108280227,214.0,-3090164.5
ONE_THREE_RIGHT,1758901230.2,8.8,1.675184172896863,214.0,-3090219.7000000477
ONE_THREE_RIGHT,1758989044.0,8.8,3.092624212918771,214.0,-3178033.5
ONE_THREE_RIGHT,1758989091.45,8.8,3.187949720876531,214.0,-3178080.9500000477
ONE_THREE_RIGHT,1759182634.0,8.8,1.0906959914464558,214.0,-3371623.5
ONE_THREE_RIGHT,1759182701.3,8.8,1.5431468109379431,214.0,-3371690.7999999523
ONE_THREE_RIGHT,1759249518.0,8.8,3.071785458510557,214.0,-3438507.5
ONE_THREE_RIGHT,1759249566.8,8.8,1.581975585181665,214.0,-3438556.2999999523
ONE_THREE_RIGHT,1759339071.0,8.8,1.037561964653748,214.0,-3528060.5
ONE_THREE_RIGHT,1759339163.45,8.8,1.218917866755202,214.0,-3528152.9500000477
ONE_THREE_RIGHT,1759429368.0,8.8,0.8790066025773752,214.0,-3618357.5
ONE_THREE_RIGHT,1759429850.35,8.8,0.9549445797144174,214.0,-3618839.8499999046
ONE_THREE_RIGHT,1759430733.0,8.8,1.0988590581355435,214.0,-3619722.5
ONE_THREE_RIGHT,1759430815.0,8.8,0.9483730608099715,214.0,-3619804.5
ONE_THREE_RIGHT,1759430946.0,8.8,2.9837697294885293,214.0,-3619935.5
ONE_THREE_RIGHT,1759431028.0,8.8,1.047649588007546,214.0,-3620017.5
ONE_THREE_RIGHT,1759431967.0,8.8,0.6053929350987123,214.0,-3620956.5
ONE_THREE_RIGHT,1759432051.0,8.8,0.7170187941914964,214.0,-3621040.5
ONE_THREE_RIGHT,1759434324.0,8.8,1.759006415724267,214.0,-3623313.5
ONE_THREE_RIGHT,1759699605.0,8.8,0.982171846677679,214.0,-3888594.5
ONE_THREE_RIGHT,1759699655.75,8.8,1.194334231665161,214.0,-3888645.25
ONE_THREE_RIGHT,1759798385.0,8.8,1.098722955018872,214.0,-3987374.5
ONE_THREE_RIGHT,1759798430.25,8.8,1.1506455978258312,214.0,-3987419.75
ONE_THREE_RIGHT,1759953267.0,8.8,0.906793133576016,214.0,-4142256.5
ONE_THREE_RIGHT,1759953393.4,8.8,1.367938444088774,214.0,-4142382.9000000954
ONE_THREE_RIGHT,1759953761.65,8.8,1.2854144664079716,214.0,-4142751.1500000954
ONE_THREE_RIGHT,1760058342.0,8.8,1.817400062711835,214.0,-4247331.5
ONE_THREE_RIGHT,1760058395.05,8.8,1.0676458396511306,214.0,-4247384.549999952
ONE_THREE_RIGHT,1760112968.0,8.8,2.3402322905488497,214.0,-4301957.5
ONE_THREE_RIGHT,1760113046.0,8.8,1.4123683549085118,214.0,-4302035.5
ONE_THREE_RIGHT,1760200375.0,8.8,1.3710333373134453,214.0,-4389364.5
ONE_THREE_RIGHT,1760200423.05,8.8,0.929801047442593,214.0,-4389412.549999952
ONE_THREE_RIGHT,1760315307.0,8.8,0.7010065387475667,214.0,-4504296.5
ONE_THREE_RIGHT,1760315354.3,8.8,0.9584949338588548,214.0,-4504343.799999952
ONE_THREE_RIGHT,1760379583.0,8.8,0.5480037690716618,214.0,-4568572.5
ONE_THREE_RIGHT,1760379654.1,8.8,0.7063811419593075,214.0,-4568643.599999905
ONE_THREE_RIGHT,1760466005.0,8.8,0.9397864824469419,214.0,-4654994.5
ONE_THREE_RIGHT,1760466391.5,8.8,1.0416395506443008,214.0,-4655381.0
ONE_THREE_RIGHT,1760466834.0,8.8,0.6904168426195489,214.0,-4655823.5
ONE_THREE_RIGHT,1760466916.0,8.8,0.8971621082754966,214.0,-4655905.5
ONE_THREE_RIGHT,1760470029.0,8.8,0.6436501182184714,214.0,-4659018.5
ONE_THREE_RIGHT,1760470111.0,8.8,0.8657274165054099,214.0,-4659100.5
ONE_THREE_RIGHT,1760470439.0,8.8,0.45437176165959026,214.0,-4659428.5
ONE_THREE_RIGHT,1760470521.0,8.8,2.7453248972897977,214.0,-4659510.5
ONE_THREE_RIGHT,1760473380.0,8.8,1.8452735378181635,214.0,-4662369.5
ONE_THREE_RIGHT,1760473462.0,8.8,1.1963893566582162,214.0,-4662451.5
ONE_THREE_RIGHT,1760577532.0,8.8,0.9200204301398427,214.0,-4766521.5
ONE_THREE_RIGHT,1760577580.05,8.8,0.9744964100962816,214.0,-4766569.549999952
ONE_THREE_RIGHT,1760578118.55,8.8,0.9523822179607204,214.0,-4767108.049999952
ONE_THREE_RIGHT,1760630765.0,8.8,0.859273274332295,214.0,-4819754.5
ONE_THREE_RIGHT,1760630812.0,8.8,0.9468232646732734,214.0,-4819801.5
ONE_THREE_RIGHT,1760717838.0,8.8,1.2548407919687805,214.0,-4906827.5
ONE_THREE_RIGHT,1760717973.7,8.8,1.0677317851123747,214.0,-4906963.200000048
ONE_THREE_RIGHT,1760833216.0,8.8,1.184480796212243,214.0,-5022205.5
ONE_THREE_RIGHT,1760833262.2,8.8,1.0395670815356557,214.0,-5022251.700000048
ONE_THREE_RIGHT,1760998714.0,8.8,1.4430672617473934,214.0,-5187703.5
ONE_THREE_RIGHT,1760998763.45,8.8,0.9871395554019308,214.0,-5187752.950000048
ONE_THREE_RIGHT,1761088577.0,8.8,1.1556997759130112,214.0,-5277566.5
ONE_THREE_RIGHT,1761088937.0,8.8,1.144881127090284,214.0,-5277926.5
ONE_THREE_RIGHT,1761089049.0,8.8,1.0069660376712446,214.0,-5278038.5
ONE_THREE_RIGHT,1761247087.0,8.8,0.701109897285272,214.0,-5436076.5
ONE_THREE_RIGHT,1761247282.7,8.8,0.7484682899164761,214.0,-5436272.200000048
ONE_THREE_RIGHT,1761848473.0,8.8,1.2671568479305058,214.0,-6037462.5
ONE_THREE_RIGHT,1761848611.0,8.8,0.929104723668896,214.0,-6037600.5
ONE_THREE_RIGHT,1761848708.0,8.8,1.055994123219953,214.0,-6037697.5
ONE_THREE_RIGHT,1761849085.0,8.8,0.9433469779942673,214.0,-6038074.5
ONE_THREE_RIGHT,1761849513.25,8.8,0.9224513486159491,214.0,-6038502.75
ONE_THREE_RIGHT,1761852296.7,8.8,0.9516935970672277,214.0,-6041286.200000048
ONE_THREE_RIGHT,1763579965.0,8.8,0.8800256581106973,214.0,-7768954.5
ONE_THREE_RIGHT,1763580145.0,8.8,0.944587126182886,214.0,-7769134.5
ONE_THREE_RIGHT,1763580227.0,8.8,0.928446948457005,214.0,-7769216.5
ONE_THREE_RIGHT,1763580355.0,8.8,0.9264737002957995,214.0,-7769344.5
ONE_THREE_RIGHT,1763580437.0,8.8,0.9433339936895189,214.0,-7769426.5
ONE_THREE_RIGHT,1763580608.0,8.8,0.6476881089145987,214.0,-7769597.5
ONE_THREE_RIGHT,1763580690.0,8.8,0.6660209337420997,214.0,-7769679.5
ONE_THREE_RIGHT,1763582416.0,8.8,0.9130822276244716,214.0,-7771405.5
ONE_THREE_RIGHT,1763582498.0,8.8,1.1032120924510511,214.0,-7771487.5
ONE_THREE_RIGHT,1763583885.0,8.8,0.6558894108009936,214.0,-7772874.5
ONE_THREE_RIGHT,1763583967.0,8.8,0.7503242953310696,214.0,-7772956.5
ONE_THREE_RIGHT,1763585074.0,8.8,1.1048960370213268,214.0,-7774063.5
ONE_THREE_RIGHT,1763585156.0,8.8,0.9040776738940995,214.0,-7774145.5
ONE_THREE_RIGHT,1763585885.4,8.8,0.7310480339093006,214.0,-7774874.900000095
ONE_THREE_RIGHT,1764789776.0,8.8,1.3648706903183405,214.0,-8978765.5
ONE_THREE_RIGHT,1764789889.75,8.8,0.9461022306518448,214.0,-8978879.25
ONE_THREE_RIGHT,1764790350.0,8.8,1.1028185400444614,214.0,-8979339.5
ONE_THREE_RIGHT,1764790440.0,8.8,1.3507077843845683,214.0,-8979429.5
ONE_THREE_RIGHT,1764790651.0,8.8,1.1045360222116831,214.0,-8979640.5
ONE_THREE_RIGHT,1764790733.0,8.8,0.8152199972626702,214.0,-8979722.5
ONE_THREE_RIGHT,1764790842.0,8.8,1.2679419937776328,214.0,-8979831.5
ONE_THREE_RIGHT,1764790924.0,8.8,1.3857045277964966,214.0,-8979913.5
ONE_THREE_RIGHT,1764792799.0,8.8,1.0659154208100388,214.0,-8981788.5
ONE_THREE_RIGHT,1764792881.0,8.8,1.0141291241266366,214.0,-8981870.5
ONE_THREE_RIGHT,1764792948.0,8.8,1.0043412999495491,214.0,-8981937.5
ONE_THREE_RIGHT,1764793030.0,8.8,0.8245485729279685,214.0,-8982019.5
ONE_THREE_RIGHT,1764795452.0,8.8,0.8084585204594859,214.0,-8984441.5
ONE_THREE_RIGHT,1764795548.0,8.8,0.9360971470735376,214.0,-8984537.5
ONE_THREE_RIGHT,1766004290.0,8.8,2.390110306168761,214.0,-10193279.5
ONE_THREE_RIGHT,1766004493.0,8.8,2.6063930888238223,214.0,-10193482.5
ONE_THREE_RIGHT,1766004575.0,8.8,1.201407609393148,214.0,-10193564.5
ONE_THREE_RIGHT,1766005156.35,8.8,1.4764512084174048,214.0,-10194145.849999905
ONE_THREE_RIGHT,1767641681.0,8.8,0.9527325882257065,214.0,-11830670.5
ONE_THREE_RIGHT,1767641977.35,8.8,0.8465235836879863,214.0,-11830966.849999905
ONE_THREE_RIGHT,1767643092.0,8.8,0.7774042256026656,214.0,-11832081.5
ONE_THREE_RIGHT,1767643298.0,8.8,0.8586164234818947,214.0,-11832287.5
ONE_THREE_RIGHT,1767643380.0,8.8,0.874844837029511,214.0,-11832369.5
ONE_THREE_RIGHT,1767645021.0,8.8,1.0214472501078866,214.0,-11834010.5
ONE_THREE_RIGHT,1767645143.0,8.8,1.005056653791735,214.0,-11834132.5
ONE_THREE_RIGHT,1770151825.0,8.8,1.2676853638004344,214.0,-14340814.5
ONE_THREE_RIGHT,1770152069.0,8.8,0.7859156330704966,214.0,-14341058.5
ONE_THREE_RIGHT,1770152151.0,8.8,1.478502464175158,214.0,-14341140.5
ONE_THREE_RIGHT,1771531365.0,8.8,1.5528127715039646,214.0,-15720354.5
ONE_THREE_RIGHT,1771531540.0,8.8,1.1356964816298054,214.0,-15720529.5
ONE_THREE_RIGHT,1771531622.0,8.8,1.9367454189152162,214.0,-15720611.5
ONE_THREE_RIGHT,1771533109.0,8.8,2.0463810408941567,214.0,-15722098.5
ONE_THREE_RIGHT,1771533223.0,8.8,2.0461023021179456,214.0,-15722212.5
ONE_THREE_RIGHT,1772657171.0,8.8,2.647560075962076,214.0,-16846160.5
ONE_THREE_RIGHT,1772657345.0,8.8,1.1370047267526402,214.0,-16846334.5
ONE_THREE_RIGHT,1772657427.0,8.8,1.904018543008584,214.0,-16846416.5
ONE_THREE_RIGHT,1772660001.0,8.8,2.258236446945567,214.0,-16848990.5
ONE_THREE_RIGHT,1772660083.0,8.8,3.1402168794110787,214.0,-16849072.5
ONE_THREE_RIGHT,1773947064.0,8.8,2.440056347804944,214.0,-18136053.5
ONE_THREE_RIGHT,1773948250.0,8.8,0.8728765335008664,214.0,-18137239.5
ONE_THREE_RIGHT,1773948332.0,8.8,1.139936610961573,214.0,-18137321.5
ONE_THREE_RIGHT,1773949695.0,8.8,1.192074551889438,214.0,-18138684.5
ONE_THREE_RIGHT,1773949799.0,8.8,1.834638905373009,214.0,-18138788.5
ONE_THREE_RIGHT,1773951073.0,8.8,1.8207448913993787,214.0,-18140062.5
ONE_THREE_RIGHT,1773951155.0,8.8,2.690232618359853,214.0,-18140144.5
ONE_THREE_RIGHT,1774990496.0,8.8,1.1848403068302285,214.0,-19179485.5
ONE_THREE_RIGHT,1774990665.0,8.8,1.263955165309635,214.0,-19179654.5
ONE_THREE_RIGHT,1774990747.0,8.8,1.1739812162878835,214.0,-19179736.5
ONE_THREE_RIGHT,1776367265.0,8.8,0.6101128157059563,214.0,-20556254.5
ONE_THREE_RIGHT,1776367492.0,8.8,0.7336031980708146,214.0,-20556481.5
ONE_THREE_RIGHT,1776367574.0,8.8,1.120624099102545,214.0,-20556563.5
ONE_THREE_RIGHT,1776372106.0,8.8,0.7432352462300146,214.0,-20561095.5
ONE_THREE_RIGHT,1776372188.0,8.8,1.0215370623901459,214.0,-20561177.5
ONE_THREE_RIGHT,1777412486.0,8.8,1.9156621349346776,214.0,-21601475.5
ONE_THREE_RIGHT,1777413528.0,8.8,4.356921560553692,214.0,-21602517.5
ONE_THREE_RIGHT,1777413610.0,8.8,3.0399667754921817,214.0,-21602599.5
ONE_THREE_RIGHT,1777417595.0,8.8,1.4366135909018949,214.0,-21606584.5
ONE_THREE_RIGHT,1777417677.0,8.8,3.134203126484527,214.0,-21606666.5
ONE_THREE_RIGHT,1778788449.0,8.8,0.9487403955573204,214.0,-22977438.5
ONE_THREE_RIGHT,1778788687.0,8.8,1.7158640610872116,214.0,-22977676.5
ONE_THREE_RIGHT,1778788769.0,8.8,1.7190717144945369,214.0,-22977758.5
ONE_THREE_RIGHT,1781121397.0,8.8,1.0693655475979518,214.0,-25310386.5
ONE_THREE_RIGHT,1781121805.0,8.8,1.1848712068430094,214.0,-25310794.5
ONE_THREE_RIGHT,1781121887.0,8.8,2.045251864545127,214.0,-25310876.5
ZERO_TWO_RIGHT,1752695229.0,23.4,0.43575235607102525,96.0,18975.0
ZERO_TWO_RIGHT,1752695469.0,23.4,0.6475461142993758,96.0,18735.0
ZERO_TWO_RIGHT,1752695517.0,23.4,0.3563961147304155,96.0,18687.0
ZERO_TWO_RIGHT,1752695969.75,23.4,0.3838707748486057,96.0,18234.25
ZERO_TWO_RIGHT,1752713293.0,23.4,0.14854429728636784,96.0,911.0
ZERO_TWO_RIGHT,1752713546.0,23.4,0.18783312014246034,96.0,658.0
ZERO_TWO_RIGHT,1752713594.0,23.4,0.2320053098136089,96.0,610.0
ZERO_TWO_RIGHT,1752713860.0,23.4,0.21534750111468465,96.0,344.0
ZERO_TWO_RIGHT,1752713908.0,23.4,0.15891706719522936,96.0,296.0
ZERO_TWO_RIGHT,1752714203.75,23.4,0.2187368984765345,96.0,0.25
ZERO_TWO_RIGHT,1752714370.25,23.4,0.2595404752266831,104.0,-62.75
ZERO_TWO_RIGHT,1752715072.75,23.4,0.12016746023914776,104.0,-765.25
ZERO_TWO_RIGHT,1753054315.0,23.4,0.37722247966086486,104.0,-340007.5
ZERO_TWO_RIGHT,1753054414.55,23.4,0.53724223146502,104.0,-340107.0499999523
ZERO_TWO_RIGHT,1753291811.0,23.4,0.3126906363238411,104.0,-577503.5
ZERO_TWO_RIGHT,1753291949.2,23.4,0.23993614093958232,104.0,-577641.7000000477
ZERO_TWO_RIGHT,1753389184.0,23.4,0.34784084777989893,72.0,520318.0
ZERO_TWO_RIGHT,1753389245.95,23.4,0.3745523202663523,72.0,520256.0499999523
ZERO_TWO_RIGHT,1753479823.0,23.4,0.3147013306899404,72.0,429679.0
ZERO_TWO_RIGHT,1753479886.45,23.4,0.3325372682391634,72.0,429615.5499999523
ZERO_TWO_RIGHT,1753545330.0,23.4,0.1748698236936418,72.0,364172.0
ZERO_TWO_RIGHT,1753545387.2,23.4,0.33002863265894483,72.0,364114.7999999523
ZERO_TWO_RIGHT,1753625590.0,23.4,0.3995750798275767,72.0,283912.0
ZERO_TWO_RIGHT,1753625657.15,23.4,0.2819714644981575,72.0,283844.84999990463
ZERO_TWO_RIGHT,1753629630.6,23.4,0.2540014523177209,72.0,279871.40000009537
ZERO_TWO_RIGHT,1753715438.0,23.4,0.2669469358180472,72.0,194064.0
ZERO_TWO_RIGHT,1753715504.1,23.4,0.2342864153954916,72.0,193997.90000009537
ZERO_TWO_RIGHT,1753803594.0,23.4,0.2954674877192887,72.0,105908.0
ZERO_TWO_RIGHT,1753803653.05,23.4,0.19935587768657695,72.0,105848.95000004768
ZERO_TWO_RIGHT,1753804635.3,23.4,0.3149053246955336,72.0,104866.70000004768
ZERO_TWO_RIGHT,1753809284.0,23.4,0.32892936723825955,72.0,100218.0
ZERO_TWO_RIGHT,1753809330.8,23.4,0.2705136666123332,72.0,100171.20000004768
ZERO_TWO_RIGHT,1753905869.0,23.4,0.2835050489645185,72.0,3633.0
ZERO_TWO_RIGHT,1753906457.0,23.4,0.2679722352871575,72.0,3045.0
ZERO_TWO_RIGHT,1753906505.0,23.4,0.2995626115911382,72.0,2997.0
ZERO_TWO_RIGHT,1753909027.0,23.4,0.30424703934660574,72.0,475.0
ZERO_TWO_RIGHT,1753909075.0,23.4,0.3032894290074305,72.0,427.0
ZERO_TWO_RIGHT,1753909501.0,23.4,0.2035527658533819,72.0,1.0
ZERO_TWO_RIGHT,1754408830.0,23.4,0.36334168121275545,89.0,-499264.5
ZERO_TWO_RIGHT,1754408880.9,23.4,0.40176702648937496,89.0,-499315.40000009537
ZERO_TWO_RIGHT,1754514803.0,23.4,0.29887375311701575,89.0,-605237.5
ZERO_TWO_RIGHT,1754514868.55,23.4,0.2921969186793868,89.0,-605303.0499999523
ZERO_TWO_RIGHT,1754597026.0,23.4,0.3075399373966132,89.0,-687460.5
ZERO_TWO_RIGHT,1754597073.55,23.4,0.24340464943828713,89.0,-687508.0499999523
ZERO_TWO_RIGHT,1754666941.0,23.4,0.42621744440608106,89.0,-757375.5
ZERO_TWO_RIGHT,1754667035.25,23.4,0.3567434052661802,89.0,-757469.75
ZERO_TWO_RIGHT,1754792936.55,23.4,0.37773830721062196,89.0,-883371.0499999523
ZERO_TWO_RIGHT,1754841444.0,23.4,0.2968296851462208,89.0,-931878.5
ZERO_TWO_RIGHT,1754841490.3,23.4,0.3036679770086797,89.0,-931924.7999999523
ZERO_TWO_RIGHT,1754843534.3,23.4,0.3488242617413658,89.0,-933968.7999999523
ZERO_TWO_RIGHT,1754843717.8,23.4,0.24338673998327437,89.0,-934152.2999999523
ZERO_TWO_RIGHT,1754966411.0,23.4,0.3893429879324858,365.0,843826.0
ZERO_TWO_RIGHT,1754966464.75,23.4,0.3547963174489247,365.0,843772.25
ZERO_TWO_RIGHT,1755013629.0,23.4,0.3880265637315874,365.0,796608.0
ZERO_TWO_RIGHT,1755013683.3,23.4,0.36625941858208344,365.0,796553.7000000477
ZERO_TWO_RIGHT,1755200288.0,23.4,0.4720449510343848,365.0,609949.0
ZERO_TWO_RIGHT,1755200349.2,23.4,0.5093294060745505,365.0,609887.7999999523
ZERO_TWO_RIGHT,1755295317.0,23.4,0.8035773005322266,365.0,514920.0
ZERO_TWO_RIGHT,1755295372.8,23.4,1.2313056993384017,365.0,514864.2000000477
ZERO_TWO_RIGHT,1755295404.8,23.4,0.7774069545812496,365.0,514832.2000000477
ZERO_TWO_RIGHT,1755373155.0,23.4,0.32184867121827365,365.0,437082.0
ZERO_TWO_RIGHT,1755373209.85,23.4,0.3421382251993549,365.0,437027.15000009537
ZERO_TWO_RIGHT,1755445578.0,23.4,0.5575870124477718,365.0,364659.0
ZERO_TWO_RIGHT,1755445632.5,23.4,0.390940568461103,365.0,364604.5
ZERO_TWO_RIGHT,1755447005.0,23.4,0.2992269356748182,365.0,363232.0
ZERO_TWO_RIGHT,1755447051.5,23.4,0.3978755833377981,365.0,363185.5
ZERO_TWO_RIGHT,1755646739.0,23.4,0.5571434009673866,365.0,163498.0
ZERO_TWO_RIGHT,1755646784.7,23.4,0.381001210367788,365.0,163452.29999995232
ZERO_TWO_RIGHT,1755699552.0,23.4,0.3642119857766427,365.0,110685.0
ZERO_TWO_RIGHT,1755699604.15,23.4,0.2872590255103987,365.0,110632.84999990463
ZERO_TWO_RIGHT,1755699958.6,23.4,0.3326181818323177,365.0,110278.40000009537
ZERO_TWO_RIGHT,1755710150.0,23.4,0.2762988093813392,365.0,100087.0
ZERO_TWO_RIGHT,1755710208.2,23.4,0.2999010673746308,365.0,100028.79999995232
ZERO_TWO_RIGHT,1755803308.05,23.4,0.2932485125985933,365.0,6928.950000047684
ZERO_TWO_RIGHT,1755803886.0,23.4,0.3116280839053174,365.0,6351.0
ZERO_TWO_RIGHT,1755804033.0,23.4,0.33960030980520167,365.0,6204.0
ZERO_TWO_RIGHT,1755804081.0,23.4,0.3241280266822194,365.0,6156.0
ZERO_TWO_RIGHT,1755804652.0,23.4,0.28265658538858107,365.0,5585.0
ZERO_TWO_RIGHT,1755804700.0,23.4,0.23816123669765116,365.0,5537.0
ZERO_TWO_RIGHT,1755809368.0,23.4,0.25499395539758274,365.0,869.0
ZERO_TWO_RIGHT,1755809421.0,23.4,0.3594781811882452,365.0,816.0
ZERO_TWO_RIGHT,1755810236.0,23.4,0.24019422987336034,365.0,1.0
ZERO_TWO_RIGHT,1755893201.0,23.4,0.41015400738225016,373.0,-82521.0
ZERO_TWO_RIGHT,1755893268.5,23.4,0.3102642661403199,373.0,-82588.5
ZERO_TWO_RIGHT,1755965888.0,23.4,0.327197591036005,373.0,-155208.0
ZERO_TWO_RIGHT,1755965935.4,23.4,0.39220340717900964,373.0,-155255.40000009537
ZERO_TWO_RIGHT,1756144928.0,23.4,0.23997859688590556,373.0,-334248.0
ZERO_TWO_RIGHT,1756144976.15,23.4,0.3506384418553466,373.0,-334296.15000009537
ZERO_TWO_RIGHT,1756233495.0,23.4,0.22602167799050749,373.0,-422815.0
ZERO_TWO_RIGHT,1756233542.8,23.4,0.34751557794724064,373.0,-422862.7999999523
ZERO_TWO_RIGHT,1756311857.0,23.4,0.7858984024813634,373.0,-501177.0
ZERO_TWO_RIGHT,1756311932.4,23.4,0.34413279536421865,373.0,-501252.40000009537
ZERO_TWO_RIGHT,1756395679.0,23.4,0.26273879507700826,373.0,-584999.0
ZERO_TWO_RIGHT,1756395731.9,23.4,0.33649585749894095,373.0,-585051.9000000954
ZERO_TWO_RIGHT,1756482749.0,23.4,0.4250995710490355,373.0,-672069.0
ZERO_TWO_RIGHT,1756482804.1,23.4,0.29417175371255944,373.0,-672124.0999999046
ZERO_TWO_RIGHT,1756573715.45,23.4,0.36404142057150146,373.0,-763035.4500000477
ZERO_TWO_RIGHT,1756661722.0,23.4,0.2923742089722908,373.0,-851042.0
ZERO_TWO_RIGHT,1756661769.1,23.4,0.3797171427840363,373.0,-851089.0999999046
ZERO_TWO_RIGHT,1756741759.0,23.4,0.46386835216798805,373.0,-931079.0
ZERO_TWO_RIGHT,1756741805.45,23.4,0.2587233595740133,373.0,-931125.4500000477
ZERO_TWO_RIGHT,1756846795.0,23.4,0.32019172027606,373.0,-1036115.0
ZERO_TWO_RIGHT,1756846890.85,23.4,0.3028438401003554,373.0,-1036210.8499999046
ZERO_TWO_RIGHT,1756925347.0,23.4,0.2399669284355988,373.0,-1114667.0
ZERO_TWO_RIGHT,1756925404.9,23.4,0.2938434927113724,373.0,-1114724.9000000954
ZERO_TWO_RIGHT,1757012063.65,23.4,0.4481170095650417,373.0,-1201383.6500000954
ZERO_TWO_RIGHT,1757013010.0,23.4,0.2952262379026563,373.0,-1202330.0
ZERO_TWO_RIGHT,1757013158.0,23.4,0.3361321486200301,373.0,-1202478.0
ZERO_TWO_RIGHT,1757013206.0,23.4,0.3573447091764157,373.0,-1202526.0
ZERO_TWO_RIGHT,1757013476.0,23.4,0.3257587986907202,373.0,-1202796.0
ZERO_TWO_RIGHT,1757015533.0,23.4,0.31786007432202257,373.0,-1204853.0
ZERO_TWO_RIGHT,1757015593.0,23.4,0.24529988137417053,373.0,-1204913.0
ZERO_TWO_RIGHT,1757016238.0,23.4,0.24584844072568005,373.0,-1205558.0
ZERO_TWO_RIGHT,1757016287.0,23.4,0.3005179221437344,373.0,-1205607.0
ZERO_TWO_RIGHT,1757018498.0,23.4,0.26603964970973293,373.0,-1207818.0
ZERO_TWO_RIGHT,1757018546.0,23.4,0.22413905027757164,373.0,-1207866.0
ZERO_TWO_RIGHT,1757019824.0,23.4,0.38307225481990004,373.0,-1209144.0
ZERO_TWO_RIGHT,1757020081.0,23.4,0.3085662483941627,373.0,-1209401.0
ZERO_TWO_RIGHT,1757020129.0,23.4,0.33768574940120244,373.0,-1209449.0
ZERO_TWO_RIGHT,1757081970.8,23.4,0.37772954537668774,373.0,-1271290.7999999523
ZERO_TWO_RIGHT,1757175583.0,23.4,0.4509208077996184,373.0,-1364903.0
ZERO_TWO_RIGHT,1757175637.2,23.4,0.3904289337585102,373.0,-1364957.2000000477
ZERO_TWO_RIGHT,1757282319.0,23.4,0.21886884882533914,373.0,-1471639.0
ZERO_TWO_RIGHT,1757282388.6,23.4,0.3267889619776295,373.0,-1471708.5999999046
ZERO_TWO_RIGHT,1757446374.0,23.4,0.301028459698207,373.0,-1635694.0
ZERO_TWO_RIGHT,1757446429.6,23.4,0.3290902570282233,373.0,-1635749.5999999046
ZERO_TWO_RIGHT,1757525615.15,23.4,0.2847347747415332,373.0,-1714935.1500000954
ZERO_TWO_RIGHT,1757534891.0,23.4,0.4606429884186911,373.0,-1724211.0
ZERO_TWO_RIGHT,1757534944.0,23.4,0.2947235692505129,373.0,-1724264.0
ZERO_TWO_RIGHT,1757638037.0,23.4,0.5970568350077476,373.0,-1827357.0
ZERO_TWO_RIGHT,1757638555.7,23.4,0.35067935397845407,373.0,-1827875.7000000477
ZERO_TWO_RIGHT,1757638694.45,23.4,0.4925696456671911,373.0,-1828014.4500000477
ZERO_TWO_RIGHT,1757697570.0,23.4,0.60897930750579,373.0,-1886890.0
ZERO_TWO_RIGHT,1757697621.8,23.4,0.6497869988047815,373.0,-1886941.7999999523
ZERO_TWO_RIGHT,1757786183.0,23.4,0.5404138780907396,373.0,-1975503.0
ZERO_TWO_RIGHT,1757786233.75,23.4,0.5657644329003032,373.0,-1975553.75
ZERO_TWO_RIGHT,1757787270.25,23.4,0.7745936322592136,373.0,-1976590.25
ZERO_TWO_RIGHT,1757875299.0,23.4,0.374307211589124,373.0,-2064619.0
ZERO_TWO_RIGHT,1757875360.4,23.4,0.4055762657327128,373.0,-2064680.4000000954
ZERO_TWO_RIGHT,1757970484.0,23.4,0.33307642617777955,373.0,-2159804.0
ZERO_TWO_RIGHT,1757970532.7,23.4,0.38342204554659376,373.0,-2159852.7000000477
ZERO_TWO_RIGHT,1758042868.0,23.4,0.7306135666824529,373.0,-2232188.0
ZERO_TWO_RIGHT,1758042915.35,23.4,0.8637754160815142,373.0,-2232235.3499999046
ZERO_TWO_RIGHT,1758124145.0,23.4,0.5277473842910435,373.0,-2313465.0
ZERO_TWO_RIGHT,1758124190.9,23.4,0.6377119803700874,373.0,-2313510.9000000954
ZERO_TWO_RIGHT,1758216797.0,23.4,0.5627836911472048,373.0,-2406117.0
ZERO_TWO_RIGHT,1758216975.0,23.4,0.39736525176224596,373.0,-2406295.0
ZERO_TWO_RIGHT,1758217549.0,23.4,0.4751664297654763,373.0,-2406869.0
ZERO_TWO_RIGHT,1758217597.0,23.4,0.5593447333343814,373.0,-2406917.0
ZERO_TWO_RIGHT,1758217763.0,23.4,0.7116072550365614,373.0,-2407083.0
ZERO_TWO_RIGHT,1758217811.0,23.4,0.5849668716292814,373.0,-2407131.0
ZERO_TWO_RIGHT,1758415611.0,23.4,0.5033016874246137,373.0,-2604931.0
ZERO_TWO_RIGHT,1758415664.55,23.4,0.791032026733974,373.0,-2604984.5499999523
ZERO_TWO_RIGHT,1758482034.0,23.4,0.48690304989373834,373.0,-2671354.0
ZERO_TWO_RIGHT,1758482081.75,23.4,0.41324615902222367,373.0,-2671401.75
ZERO_TWO_RIGHT,1758640251.0,23.4,0.41362682340649826,373.0,-2829571.0
ZERO_TWO_RIGHT,1758640311.15,23.4,0.4361570178040683,373.0,-2829631.1500000954
ZERO_TWO_RIGHT,1758737856.0,23.4,0.6810994949436123,373.0,-2927176.0
ZERO_TWO_RIGHT,1758737902.2,23.4,0.6000043941380793,373.0,-2927222.2000000477
ZERO_TWO_RIGHT,1758814944.0,23.4,0.5054333770030265,373.0,-3004264.0
ZERO_TWO_RIGHT,1758814998.55,23.4,0.4489646990842467,373.0,-3004318.5499999523
ZERO_TWO_RIGHT,1758901175.0,23.4,0.4845560502706874,373.0,-3090495.0
ZERO_TWO_RIGHT,1758901230.2,23.4,0.5622789947291568,373.0,-3090550.2000000477
ZERO_TWO_RIGHT,1758989044.0,23.4,0.47053351763698864,373.0,-3178364.0
ZERO_TWO_RIGHT,1758989091.45,23.4,0.42534427414962006,373.0,-3178411.4500000477
ZERO_TWO_RIGHT,1759182634.0,23.4,0.5228644342234967,373.0,-3371954.0
ZERO_TWO_RIGHT,1759182701.3,23.4,0.661756708652528,373.0,-3372021.2999999523
ZERO_TWO_RIGHT,1759249518.0,23.4,0.3515613010076169,373.0,-3438838.0
ZERO_TWO_RIGHT,1759249566.8,23.4,0.5937218456523307,373.0,-3438886.7999999523
ZERO_TWO_RIGHT,1759339071.0,23.4,0.48422581475997784,373.0,-3528391.0
ZERO_TWO_RIGHT,1759339163.45,23.4,0.5102757153492176,373.0,-3528483.4500000477
ZERO_TWO_RIGHT,1759429368.0,23.4,0.35252470501736427,373.0,-3618688.0
ZERO_TWO_RIGHT,1759429850.35,23.4,0.5733455866261288,373.0,-3619170.3499999046
ZERO_TWO_RIGHT,1759430733.0,23.4,0.6403951298745373,373.0,-3620053.0
ZERO_TWO_RIGHT,1759430781.0,23.4,0.45747938980676617,373.0,-3620101.0
ZERO_TWO_RIGHT,1759430946.0,23.4,0.5789754454313947,373.0,-3620266.0
ZERO_TWO_RIGHT,1759430994.0,23.4,0.6334220472655554,373.0,-3620314.0
ZERO_TWO_RIGHT,1759431967.0,23.4,0.486325028452675,373.0,-3621287.0
ZERO_TWO_RIGHT,1759432015.0,23.4,0.4307767264216922,373.0,-3621335.0
ZERO_TWO_RIGHT,1759434324.0,23.4,0.6692717981817291,373.0,-3623644.0
ZERO_TWO_RIGHT,1759699605.0,23.4,0.3083903710077234,373.0,-3888925.0
ZERO_TWO_RIGHT,1759699655.75,23.4,0.42822635195126524,373.0,-3888975.75
ZERO_TWO_RIGHT,1759798385.0,23.4,0.42371841261031634,373.0,-3987705.0
ZERO_TWO_RIGHT,1759798430.25,23.4,0.36040470313600653,373.0,-3987750.25
ZERO_TWO_RIGHT,1759953267.0,23.4,0.3955562568244422,373.0,-4142587.0
ZERO_TWO_RIGHT,1759953393.4,23.4,0.42186812024296977,373.0,-4142713.4000000954
ZERO_TWO_RIGHT,1759953761.65,23.4,0.45871049629233285,373.0,-4143081.6500000954
ZERO_TWO_RIGHT,1760058342.0,23.4,0.46075103270633105,373.0,-4247662.0
ZERO_TWO_RIGHT,1760058395.05,23.4,0.38637872493001135,373.0,-4247715.049999952
ZERO_TWO_RIGHT,1760112968.0,23.4,0.5849903422973701,373.0,-4302288.0
ZERO_TWO_RIGHT,1760113046.0,23.4,0.5204435239948983,373.0,-4302366.0
ZERO_TWO_RIGHT,1760200375.0,23.4,0.4654229290343925,373.0,-4389695.0
ZERO_TWO_RIGHT,1760200423.05,23.4,0.5282743289072194,373.0,-4389743.049999952
ZERO_TWO_RIGHT,1760315307.0,23.4,0.28030009441488307,373.0,-4504627.0
ZERO_TWO_RIGHT,1760315354.3,23.4,0.29994414367462546,373.0,-4504674.299999952
ZERO_TWO_RIGHT,1760379583.0,23.4,0.33357200261220354,373.0,-4568903.0
ZERO_TWO_RIGHT,1760379654.1,23.4,0.3074240500726165,373.0,-4568974.099999905
ZERO_TWO_RIGHT,1760466005.0,23.4,0.34070945242645034,373.0,-4655325.0
ZERO_TWO_RIGHT,1760466391.5,23.4,0.4480396064398867,373.0,-4655711.5
ZERO_TWO_RIGHT,1760466834.0,23.4,0.3372218742262631,373.0,-4656154.0
ZERO_TWO_RIGHT,1760466882.0,23.4,0.294518391258819,373.0,-4656202.0
ZERO_TWO_RIGHT,1760470029.0,23.4,0.32550843889195213,373.0,-4659349.0
ZERO_TWO_RIGHT,1760470077.0,23.4,0.680455755075514,373.0,-4659397.0
ZERO_TWO_RIGHT,1760470439.0,23.4,0.5338870056300231,373.0,-4659759.0
ZERO_TWO_RIGHT,1760470487.0,23.4,0.41190730271417764,373.0,-4659807.0
ZERO_TWO_RIGHT,1760473380.0,23.4,0.3274992586362633,373.0,-4662700.0
ZERO_TWO_RIGHT,1760473428.0,23.4,0.3708846301410741,373.0,-4662748.0
ZERO_TWO_RIGHT,1760577532.0,23.4,0.3279087332755024,373.0,-4766852.0
ZERO_TWO_RIGHT,1760577580.05,23.4,0.4525778566947275,373.0,-4766900.049999952
ZERO_TWO_RIGHT,1760578118.55,23.4,0.47741159744742107,373.0,-4767438.549999952
ZERO_TWO_RIGHT,1760630765.0,23.4,0.3967756797372126,373.0,-4820085.0
ZERO_TWO_RIGHT,1760630812.0,23.4,0.5656250111097276,373.0,-4820132.0
ZERO_TWO_RIGHT,1760717838.0,23.4,0.3339985547766604,373.0,-4907158.0
ZERO_TWO_RIGHT,1760717973.7,23.4,0.3404641345648953,373.0,-4907293.700000048
ZERO_TWO_RIGHT,1760833216.0,23.4,0.30166114406633926,373.0,-5022536.0
ZERO_TWO_RIGHT,1760833262.2,23.4,0.2771064912553478,373.0,-5022582.200000048
ZERO_TWO_RIGHT,1760998714.0,23.4,0.36299664453875025,373.0,-5188034.0
ZERO_TWO_RIGHT,1760998763.45,23.4,0.2582141421874623,373.0,-5188083.450000048
ZERO_TWO_RIGHT,1761088577.0,23.4,0.2621681026975377,373.0,-5277897.0
ZERO_TWO_RIGHT,1761088937.0,23.4,0.3234492492800658,373.0,-5278257.0
ZERO_TWO_RIGHT,1761089011.0,23.4,0.22097368087828595,373.0,-5278331.0
ZERO_TWO_RIGHT,1761247087.0,23.4,0.41396371595679143,373.0,-5436407.0
ZERO_TWO_RIGHT,1761247282.7,23.4,0.35469701101197876,373.0,-5436602.700000048
ZERO_TWO_RIGHT,1761848473.0,23.4,0.49358334129040926,373.0,-6037793.0
ZERO_TWO_RIGHT,1761848611.0,23.4,0.25204007302332765,373.0,-6037931.0
ZERO_TWO_RIGHT,1761848674.0,23.4,0.3305812322893469,373.0,-6037994.0
ZERO_TWO_RIGHT,1761849085.0,23.4,0.4370520668166438,373.0,-6038405.0
ZERO_TWO_RIGHT,1761849513.25,23.4,0.3686707061754074,373.0,-6038833.25
ZERO_TWO_RIGHT,1761852296.7,23.4,0.33344208208983983,373.0,-6041616.700000048
ZERO_TWO_RIGHT,1763579965.0,23.4,0.502864494989141,373.0,-7769285.0
ZERO_TWO_RIGHT,1763580145.0,23.4,0.36445722698404454,373.0,-7769465.0
ZERO_TWO_RIGHT,1763580193.0,23.4,0.38457041111866286,373.0,-7769513.0
ZERO_TWO_RIGHT,1763580355.0,23.4,0.44272950091677105,373.0,-7769675.0
ZERO_TWO_RIGHT,1763580403.0,23.4,0.4682087568447637,373.0,-7769723.0
ZERO_TWO_RIGHT,1763580608.0,23.4,0.7397169020808028,373.0,-7769928.0
ZERO_TWO_RIGHT,1763580656.0,23.4,0.34201851455088916,373.0,-7769976.0
ZERO_TWO_RIGHT,1763582416.0,23.4,0.5066674735128907,373.0,-7771736.0
ZERO_TWO_RIGHT,1763582464.0,23.4,0.28393757030897776,373.0,-7771784.0
ZERO_TWO_RIGHT,1763583885.0,23.4,0.4349796623270513,373.0,-7773205.0
ZERO_TWO_RIGHT,1763583933.0,23.4,0.42695983962866274,373.0,-7773253.0
ZERO_TWO_RIGHT,1763585074.0,23.4,0.5356969037727877,373.0,-7774394.0
ZERO_TWO_RIGHT,1763585122.0,23.4,0.5088679942758996,373.0,-7774442.0
ZERO_TWO_RIGHT,1763585885.4,23.4,0.5000555230570906,373.0,-7775205.400000095
ZERO_TWO_RIGHT,1764789776.0,23.4,0.40225590653895155,373.0,-8979096.0
ZERO_TWO_RIGHT,1764789889.75,23.4,0.5551844405854589,373.0,-8979209.75
ZERO_TWO_RIGHT,1764790350.0,23.4,0.3881667479721288,373.0,-8979670.0
ZERO_TWO_RIGHT,1764790406.0,23.4,0.36029992575062936,373.0,-8979726.0
ZERO_TWO_RIGHT,1764790651.0,23.4,0.4293731505820074,373.0,-8979971.0
ZERO_TWO_RIGHT,1764790699.0,23.4,0.3544047640818316,373.0,-8980019.0
ZERO_TWO_RIGHT,1764790842.0,23.4,0.45613843276370986,373.0,-8980162.0
ZERO_TWO_RIGHT,1764790890.0,23.4,0.3953271657565278,373.0,-8980210.0
ZERO_TWO_RIGHT,1764792799.0,23.4,0.4095771337817271,373.0,-8982119.0
ZERO_TWO_RIGHT,1764792847.0,23.4,0.260095657691084,373.0,-8982167.0
ZERO_TWO_RIGHT,1764792948.0,23.4,0.4440723040238409,373.0,-8982268.0
ZERO_TWO_RIGHT,1764792996.0,23.4,0.4242277795891969,373.0,-8982316.0
ZERO_TWO_RIGHT,1764795452.0,23.4,0.3468339359660563,373.0,-8984772.0
ZERO_TWO_RIGHT,1764795500.0,23.4,0.4081312598843195,373.0,-8984820.0
ZERO_TWO_RIGHT,1766004290.0,23.4,0.36236556026399946,373.0,-10193610.0
ZERO_TWO_RIGHT,1766004493.0,23.4,0.338929320853553,373.0,-10193813.0
ZERO_TWO_RIGHT,1766004541.0,23.4,0.23402065545417783,373.0,-10193861.0
ZERO_TWO_RIGHT,1766005156.35,23.4,0.5285138673213512,373.0,-10194476.349999905
ZERO_TWO_RIGHT,1767641681.0,23.4,0.3967017847240326,373.0,-11831001.0
ZERO_TWO_RIGHT,1767641977.35,23.4,0.3105986203043485,373.0,-11831297.349999905
ZERO_TWO_RIGHT,1767643058.0,23.4,0.43776273080783645,373.0,-11832378.0
ZERO_TWO_RIGHT,1767643298.0,23.4,0.5325652914948154,373.0,-11832618.0
ZERO_TWO_RIGHT,1767643346.0,23.4,0.5129967577011622,373.0,-11832666.0
ZERO_TWO_RIGHT,1767645021.0,23.4,0.3389832192462297,373.0,-11834341.0
ZERO_TWO_RIGHT,1767645069.0,23.4,0.615287209988655,373.0,-11834389.0
ZERO_TWO_RIGHT,1770151825.0,23.4,0.4045666556036692,373.0,-14341145.0
ZERO_TWO_RIGHT,1770152069.0,23.4,0.6043931628164309,373.0,-14341389.0
ZERO_TWO_RIGHT,1770152117.0,23.4,0.33265816029305206,373.0,-14341437.0
ZERO_TWO_RIGHT,1771531365.0,23.4,0.3119711907343991,373.0,-15720685.0
ZERO_TWO_RIGHT,1771531540.0,23.4,0.363415741024236,373.0,-15720860.0
ZERO_TWO_RIGHT,1771531588.0,23.4,0.6000252887199651,373.0,-15720908.0
ZERO_TWO_RIGHT,1771533109.0,23.4,0.4590798207757451,373.0,-15722429.0
ZERO_TWO_RIGHT,1771533177.0,23.4,0.41525482160595406,373.0,-15722497.0
ZERO_TWO_RIGHT,1772657171.0,23.4,0.37663291810055927,373.0,-16846491.0
ZERO_TWO_RIGHT,1772657345.0,23.4,0.4165576615083003,373.0,-16846665.0
ZERO_TWO_RIGHT,1772657393.0,23.4,0.44208202225572857,373.0,-16846713.0
ZERO_TWO_RIGHT,1772660001.0,23.4,0.3465690937298763,373.0,-16849321.0
ZERO_TWO_RIGHT,1772660049.0,23.4,0.4654141136760323,373.0,-16849369.0
ZERO_TWO_RIGHT,1773947064.0,23.4,0.27670733391900093,373.0,-18136384.0
ZERO_TWO_RIGHT,1773948250.0,23.4,0.31675502803415206,373.0,-18137570.0
ZERO_TWO_RIGHT,1773948298.0,23.4,0.3900858778191292,373.0,-18137618.0
ZERO_TWO_RIGHT,1773949695.0,23.4,0.32439683279353293,373.0,-18139015.0
ZERO_TWO_RIGHT,1773949746.0,23.4,0.22580460651072276,373.0,-18139066.0
ZERO_TWO_RIGHT,1773951073.0,23.4,0.30459732963571273,373.0,-18140393.0
ZERO_TWO_RIGHT,1773951121.0,23.4,0.35470194075998435,373.0,-18140441.0
ZERO_TWO_RIGHT,1774990496.0,23.4,0.3021264876494808,373.0,-19179816.0
ZERO_TWO_RIGHT,1774990665.0,23.4,0.388051956261692,373.0,-19179985.0
ZERO_TWO_RIGHT,1774990713.0,23.4,0.3875845616431708,373.0,-19180033.0
ZERO_TWO_RIGHT,1776367265.0,23.4,0.1885965983777327,373.0,-20556585.0
ZERO_TWO_RIGHT,1776367492.0,23.4,0.3240005563917986,373.0,-20556812.0
ZERO_TWO_RIGHT,1776367540.0,23.4,0.29882430341494615,373.0,-20556860.0
ZERO_TWO_RIGHT,1776372106.0,23.4,0.19630008761646658,373.0,-20561426.0
ZERO_TWO_RIGHT,1776372154.0,23.4,0.5278537926611653,373.0,-20561474.0
ZERO_TWO_RIGHT,1777412486.0,23.4,0.2994576663950973,373.0,-21601806.0
ZERO_TWO_RIGHT,1777413528.0,23.4,0.2935653122597324,373.0,-21602848.0
ZERO_TWO_RIGHT,1777413576.0,23.4,0.4855793158762799,373.0,-21602896.0
ZERO_TWO_RIGHT,1777417595.0,23.4,0.31420152693329834,373.0,-21606915.0
ZERO_TWO_RIGHT,1777417643.0,23.4,0.8106471844658684,373.0,-21606963.0
ZERO_TWO_RIGHT,1778788449.0,23.4,0.35396352118237734,373.0,-22977769.0
ZERO_TWO_RIGHT,1778788687.0,23.4,0.3182200701146023,373.0,-22978007.0
ZERO_TWO_RIGHT,1778788735.0,23.4,0.6821622089777194,373.0,-22978055.0
ZERO_TWO_RIGHT,1781121397.0,23.4,0.31921497716178104,373.0,-25310717.0
ZERO_TWO_RIGHT,1781121805.0,23.4,0.38360220184998006,373.0,-25311125.0
ZERO_TWO_RIGHT,1781121853.0,23.4,0.42184975289421256,373.0,-25311173.0
